,Memory,GPU,CPU,Duration
0,6.449974606399188,29.56440234818214,16.231133521856172,90.94827586206897
1,1.76,173.44632768361583,45.44217687074829,64.85355648535564
2,45.934530095036955,90.55757256066276,69.48877785775464,38.125
3,97.79083713120652,68.40134857364365,14.603682054203611,96.72514619883042
4,4.756980351602896,9.448082319925138,5.031710386693977,69.89247311827957
5,27.46817538896747,52.93613576145013,52.778284712641046,98.83717570925059
6,101.8991964937911,60.2635145373576,65.47973031346704,81.45571313888146
7,0.7008086253369272,55.914659907055345,6.132122858259061,85.90604026845638
8,25.4552812626467,28.133895336106846,17.75553473110077,98.22335025380711
9,1.1802575107296138,3612.928348909658,1747.6367745795387,91.76470588235294
10,40.375825292026406,92.58445992216873,72.4801956950694,17.793594306049823
11,15.967153284671534,28.535971157852764,16.9832006669484,95.25959367945825
12,3.912363067292645,2.9928610653487087,6.547493443463076,48.148148148148145
13,47.80748663101605,88.32213604216395,60.3860716943722,535.7798165137615
14,3.0015797788309637,16.754385964912284,16.654786105904186,50.29585798816568
15,45.397159389794844,92.82574799388317,63.5206317534468,177.2
16,45.934530095036955,92.70933216480127,70.44879210829727,154.77941176470588
17,13.642756680731363,28.558326167956427,17.325264172519432,95.94594594594594
18,101.75182481751825,76.53073143782383,76.25554855872656,94.97716894977168
19,46.1660497091486,92.84456382195752,68.41595600027911,105.02958579881656
20,4.244482173174872,14016.666666666668,145.50341875880787,21.73913043478261
21,1.9691325172964342,258.51851851851853,102.31523830552314,12.0
22,19.63350785340314,14.530395374277214,25.588240802592072,92.55978742249779
23,2.7968337730870716,3.418803418803425,7.563598003813852,57.57575757575758
24,3.7114479874542603,2.271526677231913,4.975727194253721,50.588235294117645
25,2.332979851537646,252.42718446601944,24.664723032069965,82.6086956521739
26,2.7455121436114043,12.037037037037043,18.75278771302335,71.90635451505017
27,36.83168316831683,93.88558357646119,72.76809995465986,25.723472668810288
28,3.0015797788309637,4.885736800630427,1.1248358992720169,50.29585798816568
29,41.09239407861154,80.61698642971217,23.798839181809516,56.87616677037959
30,2.4364406779661016,12.933333333333335,24.180901338543187,50.0
31,15.697940503432495,27.443840579710145,16.12046945691915,95.75113808801214
32,46.47588765235824,92.88272196652595,55.065705268059936,398.5611510791367
33,13.48050728041334,28.07498856881572,16.057312783144255,98.39725243274185
34,80.76641954683095,706.2942443828871,87.75155810109314,96.11829944547135
35,3.610675039246468,14.379580490270383,3.8157948550161502,69.67509025270758
36,34.89507076622743,94.85050915850256,72.94764407672474,50.78125
37,45.473684210526315,92.49535480939095,70.01434715314207,157.62081784386618
38,29.643527204502814,91.45550858734036,73.9061712036169,76.54028436018957
39,62.111436950146626,2880.9017085415444,8.473650959970106,169.6498054474708
40,5.683563748079877,18.708010335917294,11.159251266680158,78.29457364341084
41,51.61821173889194,91.53243699470994,69.17594491941395,148.38709677419354
42,37.37574552683897,92.24172487655468,72.52162341617863,44.47115384615385
43,4.70770822555613,17.33063895304081,11.032710956723115,98.96065330363771
44,48.12433011789925,85.24413509639479,72.21052420045872,76.33587786259542
45,43.65904365904366,88.57892065692896,62.638981551747385,477.50000000000006
46,5.586878523833931,3.270348837209293,2.343986851972999,50.0
47,28.438661710037177,94.86521749080426,73.33816665040167,54.166666666666664
48,23.025491015461764,13.054598601106571,12.620920041366896,90.625
49,43.286677034733025,93.97981907087693,65.93218523739598,197.42489270386267
50,26.496408619313648,28.203171164073286,17.888044744814728,97.77660137638962
51,5.441478439425051,5.822088955522246,20.391099583646163,62.83185840707964
52,20.43196544276458,28.65856764466177,17.686030891394065,97.14285714285714
53,19.39524838012959,93.51170851847256,73.16129289405164,82.67066766691673
54,46.1660497091486,81.18385301329573,69.62615340861534,45.94383775351014
55,9.335443037974683,93.48209680377259,73.02706052673014,88.63002461033635
56,3.56020942408377,8.908406524466747,1.703167555870632,68.65671641791045
57,37.7179870453413,93.52018765592905,73.57566745107262,38.56382978723404
58,50.21621621621621,29.59443545252555,18.1679651293942,99.1829588561424
59,3.56020942408377,5.598126862494684,7.666780726843081,61.46788990825688
60,10.014655593551538,25.272415688556926,15.276401822865072,92.98245614035088
61,35.689739813451155,93.35904506123723,72.4291362340345,49.673202614379086
62,41.453428863868986,93.86131555137057,71.92203536664901,8.11232449297972
63,13.683223992502343,27.155152680492588,16.171347449542946,93.97849462365592
64,34.45255474452555,107.7777777777778,90.53560288744319,7.6923076923076925
65,49.4862087614927,80.23756139649092,62.61366559773466,141.46341463414635
66,563.6973266878116,0.0,267.58093525179856,60.94117647058825
67,42.84237726098191,91.82045616870708,71.24964164268263,64.21800947867298
68,9.926650366748166,1.7467907297320457,11.470823980373911,98.59461268194747
69,44.78784704033526,90.42641517214815,68.17121640030604,191.1764705882353
70,98.5632183908046,70.48048903921072,74.04004124196425,72.0113085621971
71,8.08383233532934,0.3580379520229116,10.01468316410229,64.85355648535564
72,20.294244915620943,26.095517596006722,18.996203813684936,97.37991266375546
73,132.57859637980317,77.8632375134422,109.16603277781624,84.86725663716814
74,22.620380739081746,89.37978338657264,47.185190396494335,433.07692307692304
75,20.086767895878523,104.55036542739118,78.57931894151082,95.1417004048583
76,3.3578174186778593,16.955995155429964,2.4412502851927913,67.56756756756756
77,82.32189973614776,5861.803417083088,34.079107052970144,391.48936170212767
78,3.610675039246468,25.258799171842643,7.422896747402777,22.93577981651376
79,16.764572977858112,25.4285667947907,14.611439804796515,95.5649419218585
80,42.9901707190895,90.8967070980265,66.99118475787576,225.35211267605635
81,16.19654231119199,27.654176424668226,16.816874712552902,95.7936905358037
82,32.122370936902485,93.7534892666622,72.6871373485222,64.0
83,3.8120104438642297,5.142450142450112,9.639119702395442,71.1340206185567
84,3.8577912254160367,95.29798761609906,62.4520938082346,28.37837837837838
85,14.56400742115028,27.597781669585526,16.845724548136147,94.81801357186922
86,567.629899726527,92.93193601866352,116.85272923286428,98.24952015355086
87,7.016658253407371,57.751937984496124,51.12744751537428,87.59231905465288
88,5.828220858895705,14.116719242902201,10.527710742533502,87.2340425531915
89,3.459119496855346,83.33333333333334,38.62113680570561,30.0
90,54.24107142857143,40.68218659903524,10.055236909244163,56.00000000000001
91,1.8646776771443794,112.28070175438599,107.77453838678328,9.090909090909092
92,30.623818525519848,94.71650141329938,72.91703946894043,65.41916167664671
93,7.063572149344097,8.577777777777772,14.682978108797878,92.09039548022598
94,57.67256132344553,0.0,34.0228656086058,123.5483870967742
95,19.343696027633854,94.46075352370536,73.5413173144857,82.15756951596292
96,104.4395116537181,5143.333333333334,88.17316684086033,33.33333333333333
97,6.020408163265306,12.546978895634567,5.929601198277483,69.00369003690037
98,4.112441436751692,15.972222222222218,7.9451747064825025,76.0
99,3.761755485893417,26.408183011956588,14.296938260123643,94.1747572815534
100,9.900596421471173,90.25621668933421,58.01210254488986,89.64589870013448
101,54.19049987565282,28.832493702770773,18.46458701966097,99.56458635703919
102,1.7679558011049725,89.52520802741068,40.28236571790579,98.47549909255898
103,44.712041884816756,92.87424065056219,59.61575707842778,322.5609756097561
104,49.729144095341276,91.54487381756259,68.79984844913743,112.57668711656441
105,6.54490106544901,14.394557823129231,6.619164661248475,68.77323420074349
106,2.177376526818906,3.017444601603007,4.894319108023204,48.466257668711656
107,30.254476908576816,89.66479577273877,75.58032412076304,81.46067415730337
108,6.164034640855833,55.665626272221445,23.005394086178672,94.8051948051948
109,2.5396825396825395,34.05587668593451,7.010684927534824,74.77477477477478
110,2.7968337730870716,48.07692307692307,62.10273583117454,16.831683168316832
111,4.261954261954262,23.83040935672516,21.37926913078555,23.636363636363637
112,3.408495018353435,10.50911592707256,7.54065377278055,58.2089552238806
113,6.164034640855833,11.136091127098311,8.204800328546694,66.4
114,2.4880889359449445,0.0,22.636155053737458,46.835443037974684
115,61.3543490951547,0.0,2.0024146963726377,142.30769230769232
116,39.455095862764885,85.66028085017079,73.32113555875594,6.779661016949152
117,3.256302521008404,81.75965665236045,102.94257237778832,6.666666666666667
118,525.4397950469685,93.01996847348197,109.74904354162874,97.47834101382487
119,20.69868995633188,93.49512691000089,73.15829607721157,88.24228028503563
120,10.539096648858669,41.0804947844549,14.71382286840385,94.51338994121488
121,7.204030226700252,22.04904405652534,14.958847107058707,82.12765957446808
122,36.09059576563269,95.31880886492291,72.39372957989436,49.3791088385683
123,3.912363067292645,13.659531090723762,24.733257789096932,58.415841584158414
124,1.487603305785124,4.438964241676945,6.221814568524026,62.83185840707964
125,76.72634271099744,0.0,10.910718860527693,133.33333333333331
126,3.0015797788309637,8.035714285714285,8.308004052684902,90.44368600682594
127,27.962456003128665,4.08602150537635,9.452341247783163,7.6923076923076925
128,45.934530095036955,91.73563896035523,68.12424540738357,132.5503355704698
129,3.912363067292645,2.9928610653487087,6.547493443463076,48.148148148148145
130,3.459119496855346,16.07213634562029,6.819775263866001,79.8076923076923
131,9.394982784062961,26.723251028806583,16.192177383155748,93.69369369369369
132,14.919168591224018,28.546616645824635,17.46861571221817,95.06172839506173
133,10.82598235765838,94.28281312162102,73.7315731235451,87.77130757014294
134,4.5101088646967336,10.724637681159418,3.9607364685004534,80.64516129032258
135,12.0763723150358,28.39656290531776,15.774245885538473,95.72953736654804
136,2.4880889359449445,29.411764705882344,20.643280353616102,28.8135593220339
137,15.407098121085594,96.02951957262111,75.56427323896106,96.08828177918267
138,6.020408163265306,10.285533995898403,7.7666714055307455,64.40677966101694
139,21.650361548277328,28.264413813546756,17.624220150857276,98.08786706123378
140,26.991676575505352,26.768565693994134,18.11046405417393,97.85714285714285
141,75.04749841671943,0.0,27.177380552589696,160.5263157894737
142,38.75502008032129,92.62559206373253,72.85190755685417,27.43455497382199
143,37.64940239043825,94.37756284926093,72.55609961713346,44.47115384615385
144,3.2054650551760377,0.24732069249792493,2.193305715810619,74.31192660550458
145,14.603616133518777,27.72996974340838,18.255820673895553,94.52054794520548
146,82.08168642951252,501.40999382855694,6.647333398393234,50.74626865671642
147,47.09952102182012,85.60646205436242,46.52518912081699,398.5611510791367
148,3.052631578947368,12.349117920148572,1.4569943410237425,47.16981132075472
149,4.460580912863071,3.471323846485545,3.953279424977546,58.2089552238806
150,6.875631951466127,10.064707939839094,2.0154165562328856,80.9090909090909
151,3.3578174186778593,2.370146243066056,10.372276205463804,90.72847682119205
152,1.8646776771443794,114.1592920353983,20.977781130936645,43.624161073825505
153,47.72848743987173,90.69195407168917,70.75747376100395,217.88990825688072
154,44.48510193413487,91.76864828922089,69.6738944503726,170.703125
155,1.812366737739872,33.974358974358985,10.027178720187834,22.22222222222222
156,46.42233856893543,17.893391124164733,13.19317889540865,99.7712729748128
157,2.538787023977433,76.29726017441408,67.5806278871994,196.15384615384613
158,5.002578648788035,1.3969732246798725,6.323857596648155,57.78894472361809
159,31.55640171346978,93.32664611580674,72.80230434065935,65.84524396254312
160,56.24619134673979,0.0,65.03175411784683,50.70422535211267
161,1.6025641025641024,263.00000000000017,116.36026311350984,8.695652173913043
162,19.34570619691727,617.698343504795,72.77288135593221,69.25133689839572
163,13.27683615819209,26.763760166445984,16.13632234658094,95.42483660130719
164,46.70912951167728,92.68735084880531,68.60557988556857,103.2258064516129
165,25.725806451612904,28.980273594236973,17.7781580579216,97.41060419235512
166,15.696944328170783,93.70773274139145,73.38235838808924,82.89311281165145
167,2.6427061310782243,79.25925925925927,93.47034029481097,14.285714285714285
168,11.496571198063736,93.57779279864158,73.30876064900143,87.39312352192104
169,3.052631578947368,72.65981735159819,50.22196672096067,42.857142857142854
170,20.278503046127067,93.35825239430018,73.04122555384683,84.71211118464593
171,2.073365231259968,41.52046783625732,54.51131953936308,22.93577981651376
172,97.42765273311898,0.0,104.0375862575246,27.27272727272727
173,48.12433011789925,91.80733349308356,66.8514003653819,213.57466063348417
174,0.6007646095030038,6.3225806451613185,3.1264436533601447,94.57714654615881
175,11.527377521613833,26.72599784250268,16.625503704666595,97.64639955169515
176,2.7455121436114043,23.110465116279087,17.461508569284586,61.29032258064516
177,47.80748663101605,81.69621757913087,51.83023493951535,384.61538461538464
178,3.610675039246468,139.47916666666669,72.50118652112005,7.6923076923076925
179,33.52657004830918,94.60776378790206,72.49858326400835,57.92349726775956
180,34.06113537117904,2804.0000000000005,2550.58172801831,91.54078549848943
181,78.43770174306005,925.0118155686711,144.34157763983475,38.29029385574355
182,46.47588765235824,91.57547237671264,68.36082408557044,95.2112676056338
183,116.27543035993739,15.4717453217006,77.79103782363693,73.70018975332069
184,6.164034640855833,22.258269720101794,13.633256961687046,86.06965174129353
185,5.295629820051414,13.76096491228069,22.01524905264119,52.27272727272727
186,41.09239407861154,92.41746397327792,70.55810945694702,9.174311926605505
187,91.28027681660899,5548.024289868193,58.312895995631955,87.8048780487805
188,15.125,0.0,162.32055948631958,1.2048192771084338
189,4.361370716510903,55.377207062600355,33.66677086589557,23.636363636363637
190,4.9044914816726894,124.25016371971186,156.39430176085486,94.60500963391137
191,11.484863046612205,26.60286618816307,16.76283767672938,93.543428132206
192,2.0552799433026223,93.62425492800176,73.15860474379608,91.85855263157895
193,9.572901325478647,20.82371054657428,11.536293918316375,91.84466019417475
194,66.48804077898313,92.04996822570801,81.76915617156868,97.74301174755377
195,33.91472868217054,94.97829147997933,72.78058646877619,53.583389149363704
196,62.87566293459045,470.5075040270895,37.05561483543895,347.0967741935484
197,2.7455121436114043,7.254490319570793,3.1853281853281836,55.319148936170215
198,81.36482939632546,139.06981121135183,42.92148342974636,91.96675900277008
199,1.8242122719734661,1.441102756892217,10.132236222286995,55.78947368421052
200,46.63129973474801,91.21681939216516,68.29795880057421,127.21311475409836
201,8.721506442021804,12.690370916236779,15.392741650588338,93.13164349959116
202,29.40074906367041,95.63395134340034,72.78744879821149,66.9054441260745
203,4.012506513809275,0.0,0.7116758119342389,60.0
204,36.42645607107601,94.0812119999315,72.84894418429502,65.48804780876493
205,2.6427061310782243,7.147375079063881,29.208312026405096,34.883720930232556
206,60.139049826187716,37.785173052218255,30.381229446233178,22.007042253521128
207,15.426997245179063,27.905857710978083,16.539230163647286,96.03960396039604
208,15.736505032021958,28.051766351871304,16.209921714632657,94.65308720560152
209,2.4880889359449445,131.80076628352492,68.58070500927646,5.617977528089887
210,2.4880889359449445,8.491561181434596,19.98979591836733,69.34306569343066
211,5.149330587023687,9.277504105090326,2.3156009756398666,49.39759036144578
212,18.881720430107528,93.37738925193295,73.04792063249982,82.65765765765765
213,3.912363067292645,118.36518046709128,46.41829886316942,4.545454545454546
214,44.78784704033526,90.73403919633854,65.69761428522557,127.96052631578947
215,13.561708118254339,11.65111375545397,21.13173840376517,96.5072765072765
216,50.0542888165038,91.47695642751005,69.89232805842413,89.86301369863014
217,3.6610878661087867,26.83438155136269,7.813241575700047,21.49532710280374
218,3.103629668595476,229.64743589743603,119.25956312173112,8.695652173913043
219,42.621259029927764,94.84904305529577,70.39905306703204,76.78571428571429
220,25.69349704411096,95.66291750382395,72.95559364039102,66.9054441260745
221,1.9169329073482428,28.801703163017017,27.366435295922876,47.5
222,34.9609375,93.49070488006474,72.2680063407524,53.583389149363704
223,4.212168486739469,0.1869658119658184,6.825406397257083,67.1875
224,29.522024367385193,94.86077490540984,73.17555259939049,71.39909203466776
225,3.6610878661087867,19.50617283950618,48.125611868363585,22.93577981651376
226,2.1253985122210417,22.58169934640525,4.0153669359235575,50.29585798816568
227,10.277642474427667,28.73311005889827,17.408497762450757,94.8905109489051
228,2.5396825396825395,259.66029723991517,55.464242839993105,86.70886075949366
229,2.5912215758857746,228.2945736434109,80.77558707098657,23.52941176470588
230,37.64940239043825,94.78284730807609,73.01816172920954,46.19565217391305
231,2.073365231259968,15.332244008714616,13.856249570535287,50.29585798816568
232,13.48050728041334,26.89800210304943,16.64924987388914,95.13888888888889
233,0.8762322015334063,16.473172262315654,9.17372731349272,74.62235649546828
234,3.610675039246468,10.074318744838976,8.53821183220515,69.45454545454545
235,2.5912215758857746,332.1428571428571,44.5157935785779,52.80898876404494
236,53.880821231847776,10.339537292954205,17.474250159448445,99.58791208791209
237,3.408495018353435,272.28450423517694,306.19486253104833,93.28537170263789
238,2.6427061310782243,103.93258426966285,14.161834278452353,69.23076923076923
239,7.016658253407371,20.428240740740737,11.788028820995853,87.27272727272727
240,19.44684528954192,93.73329337717024,73.03234528224853,83.0603764360792
241,8.630952380952381,26.47424388896561,15.912062507974875,94.16666666666667
242,2.7968337730870716,98.68637110016421,79.44164678858554,16.0
243,3.3578174186778593,9.431524547803654,20.49715234931182,34.883720930232556
244,39.878542510121456,93.40347476670081,72.82893786653501,60.71428571428571
245,9.126788357178096,24.52902240325865,15.434943609201998,90.78947368421053
246,7.715430861723446,8.386721025043682,13.369980685854744,85.18518518518519
247,42.2542460113227,91.36624167416909,71.6914706074398,3.587443946188341
248,2.229299363057325,3.6582741553690132,1.0597436253413002,58.2089552238806
249,21.4498933901919,76.86623516720609,78.89923782780926,94.00855920114122
250,10.471622701838529,93.90249898692183,73.48499296267819,93.96131056117115
251,39.314516129032256,93.41485405276174,72.4616029181516,47.05882352941176
252,2.384737678855326,34.83527131782946,36.35204081632652,22.93577981651376
253,58.48623853211009,42.629935695783345,36.72864525000535,77.23785166240408
254,5.972434915773354,18.526356290881107,12.339361586667366,84.12098298676749
255,1.6550987720234915,200.354609929078,3.3170592816527322,43.624161073825505
256,68.84544899205865,145.93499160086702,7.179060362610381,22.007042253521128
257,26.6147503435639,91.73990881029277,73.74995705731267,76.73716012084593
258,4.5101088646967336,27.13768115942029,8.930340513459209,42.465753424657535
259,45.01573976915005,94.21985818288343,63.67340714396285,251.7766497461929
260,2.5912215758857746,128.07539682539687,55.83090379008746,22.22222222222222
261,49.534246575342465,25.755857898715057,178.56328535097276,69.7841726618705
262,10.870437224227839,94.54113958880195,73.79775792769351,87.94782608695652
263,21.006836544437537,98.18802521008404,78.34293787241799,41.75824175824176
264,4.162330905306972,14.59627329192546,9.971313356980568,77.29729729729729
265,12.67835303709743,95.44239121821356,75.08012252151173,95.97794544399304
266,3.8120104438642297,10.88201603665522,10.789639596845928,73.66771159874608
267,3.052631578947368,0.8333333333333393,3.142696391123552,82.71604938271605
268,66.006006006006,26.56233192842783,39.25085546752729,129.4701986754967
269,11.654676258992806,22.176068605118587,17.745031601739793,94.11352487736511
270,2.2811671087533156,719.6774193548388,29.965144837661228,86.70886075949366
271,4.953560371517028,7.843137254901972,8.156609023257042,56.02094240837696
272,36.696340257171116,93.05151116890083,72.78481379410387,52.33837689133425
273,2.7455121436114043,2.7799227799227864,2.9269705580736414,49.39759036144578
274,49.97287032013023,78.3600601920759,54.29399997211719,96.875
275,13.602251407129456,28.103262963638947,16.361886299872726,96.76425269645608
276,5.295629820051414,8.784005244182234,11.122497317259464,75.43859649122807
277,43.43539180072652,92.79787363092352,68.33799154460422,191.1764705882353
278,33.042529989094874,56.530214424951275,35.640046814469216,98.35326406586944
279,17.767362590541115,93.73760145264382,73.62823167311011,84.9183895538629
280,4.012506513809275,293.61067910834623,276.2608004240656,93.28537170263789
281,17.583892617449663,23.744166391063107,9.590358560220649,95.16963772282921
282,3.7114479874542603,5.881155881155887,15.303820529178466,60.18957345971564
283,5.295629820051414,13.887286016541639,6.520266525439415,77.23577235772358
284,19.301587301587304,97.26503147384415,70.15327633709207,36.144578313253014
285,31.676557863501483,19.236721346772338,16.45295915012234,98.87880405766151
286,53.470294280955024,89.52776707688223,52.51469096859864,425.0
287,3.912363067292645,1.8886082040178012,8.701194406557109,79.66101694915254
288,4.70770822555613,16.838487972508588,9.535665227629533,76.73130193905817
289,3.56020942408377,12.109452736318408,6.477936080092424,76.40449438202246
290,4.658385093167702,3.8102447640676163,3.3712070995765107,50.29585798816568
291,68.2288496652465,14.42387439593656,5.67014000615466,22.654867256637168
292,2.1253985122210417,79.44915254237284,78.7002855749808,15.151515151515152
293,5.077010838562464,0.0,176.0216495357267,23.52941176470588
294,2.848101265822785,150.5175983436853,45.29972615882783,15.151515151515152
295,51.36911281489594,93.15259944439156,69.65895724306552,111.28048780487805
296,8.676251859196826,4.66796990699602,13.25253993194965,93.63636363636364
297,5.441478439425051,13.655913978494622,3.656713812877049,75.79250720461094
298,41.16445352400409,93.40687082610202,72.74864951985262,54.1969596827495
299,3.8622129436325676,26.68017561634582,2.363995451553051,73.66771159874608
300,15.388148828663297,26.292246520874755,32.08925593583737,73.24840764331209
301,11.99235547061634,27.544910179640702,15.675546697358445,96.50582362728785
302,14.165890027958994,28.713679399281748,16.663130606916152,95.78524836929252
303,91.54539154539154,1625.785199681946,15.295962476350999,458.8709677419355
304,3.3578174186778593,5.116959064327473,0.5573280891724742,70.83333333333334
305,5.4961832061068705,93.56292106938896,73.76313289025572,88.39584728734093
306,5.1004636785162285,2.1448663853727132,7.7750404999952085,64.70588235294117
307,33.72036768263184,93.53847426920429,72.44777054425741,49.52658412235979
308,6.020408163265306,302.71916467261246,349.10185695899975,96.64536741214057
309,4.012506513809275,119.43005181347152,79.72259842151958,16.831683168316832
310,6.020408163265306,9.776304888152437,7.357814066509212,70.0
311,93.27722279031963,68.7249649566097,84.50217002394322,97.0969021601933
312,28.24308531359564,3.7349452974165502,2.629395163906904,98.65513928914505
313,3.509690937663698,10.494683310217285,9.140703944696801,66.26506024096386
314,2.5912215758857746,67.63224181360201,0.1921775191205044,92.0
315,30.562116202172884,93.84791321984967,72.61811776350751,58.82352941176471
316,2.7455121436114043,20.536398467432964,12.758541618894736,87.09677419354838
317,2.4880889359449445,30150.00000000001,107.77453838678328,16.666666666666664
318,44.863731656184484,92.53951725503036,69.12650077212616,177.2
319,10.625909752547306,24.610591900311523,13.90813775337827,90.27777777777779
320,1.4446227929373996,104.50704225352125,124.52480134420834,8.695652173913043
321,4.112441436751692,2.3779193205944784,3.528562404115185,84.26966292134831
322,6.3072227873855535,17.930694290294735,11.718625224474236,84.86486486486487
323,2.073365231259968,74.6719160104987,37.25503446411675,75.93123209169055
324,22.04824375793483,26.923614438588107,17.24959963541951,98.08786706123378
325,49.35386307396206,28.90708331098756,18.224837526650152,99.29553840992955
326,17.32484076433121,28.296885354539437,141.06438155372643,84.35754189944134
327,32.43890752275994,12.71197356322929,53.426117253360474,83.6053938963804
328,32.69323091694672,93.5192195434807,72.91828436203664,65.5223880597015
329,5.246913580246913,2.294685990338165,13.4208389933366,50.588235294117645
330,11.527377521613833,77.67381505258842,98.97022033521753,97.5560081466395
331,12.784090909090908,27.546411403944976,16.594036042550773,94.94280553883203
332,14.484679665738161,27.11712786259542,16.17406368962138,95.40229885057471
333,2.694136291600634,45.648148148148174,28.482488401721106,34.883720930232556
334,2.7455121436114043,4.724409448818897,1.3106544879775093,73.91304347826086
335,6.718146718146718,94.57167728884431,73.68531909721547,90.29411764705883
336,3.3070866141732282,2.6023391812865384,6.229182385307585,56.476683937823836
337,5.002578648788035,32.343749999999986,12.924191962910259,21.49532710280374
338,33.91472868217054,93.94014818047702,72.69914083810204,84.99025341130604
339,5.198147195059187,23.657810173211068,12.959138865382425,89.52618453865337
340,2.4880889359449445,40.87968952134541,35.08561319264549,38.68613138686132
341,9.572901325478647,26.345264183102014,15.020932742845043,91.84466019417475
342,12.327463112803427,27.950892334453975,17.069180074775897,95.25959367945825
343,4.460580912863071,4.208333333333335,3.421406999699307,55.319148936170215
344,42.32749742533471,94.70357673171128,71.52322618445271,17.06081081081081
345,44.283121597096184,38.23932490908503,13.979637605608147,99.47696139476962
346,2.7455121436114043,14.837962962962962,18.178247778084863,61.990950226244344
347,13.154172560113153,16.627199473770744,14.988023378365444,96.13970588235294
348,15.85198720877113,4.190807261490909,16.566819118058966,97.18969555035129
349,10.842207163601161,10.470110499394817,16.330693844245154,96.48829431438128
350,3.3070866141732282,23.60146483141811,13.738148073431509,95.27293190770962
351,2.021276595744681,271.16564417177915,89.70718722271516,16.666666666666664
352,13.561708118254339,26.719797878466995,16.55804062299875,95.45208446128858
353,22.734899328859058,16.102361266649197,15.975102938731272,98.30062714950435
354,1.9169329073482428,261.965811965812,80.61446800942598,22.22222222222222
355,13.925233644859814,26.32974749738533,16.260564831993445,95.10204081632652
356,95.5550193050193,63.82813136549197,36.22459873954335,98.41986455981942
357,2.7455121436114043,306.8713450292398,90.8928571428571,28.205128205128204
358,6.969696969696971,23.813121773076432,16.157540670784957,86.06965174129353
359,6.828528072837632,8.962077996627556,15.477434166447049,93.75
360,2.5396825396825395,5.217391304347826,16.837205796445996,48.466257668711656
361,45.626975763962065,91.53822866485018,70.33972338616114,122.11538461538463
362,4.0625,10.654008438818552,0.3288119622089531,92.56637168141593
363,43.733749349974,87.27922457236895,64.691471835871,270.5882352941177
364,81.72255095332018,0.0,129.29267475251342,91.4364640883978
365,4.112441436751692,20.58948261238338,23.449820041188467,67.05882352941175
366,11.697027804410356,25.86403765282536,17.502084915171967,94.20689655172414
367,36.744505494505496,1.9115437774172122,8.43760825363355,98.75463306152706
368,94.53690160888642,79.8778916415295,80.92444070602646,97.42541888026155
369,45.168067226890756,91.61516584045695,63.867740182900356,231.57894736842107
370,11.228915662650603,27.546257554625747,18.847818986499068,95.18072289156626
371,3.2054650551760377,56.05158730158729,10.828384363132326,47.5
372,11.014492753623188,26.14548494983277,15.451215024450619,97.7042907898333
373,13.925233644859814,26.9538260727688,15.365534713737572,94.37751004016064
374,49.13007456503728,2130.891330891331,1054.0170955600286,95.74898785425101
375,60.472103004291846,1830.851063829787,17.110488993476768,62.66666666666667
376,22.442105263157895,18.26154387311332,16.282984464824835,98.06451612903226
377,42.916235780765255,93.35472637105738,70.57176081651902,86.46219964836882
378,3.761755485893417,18.876298394711984,6.370609198429807,99.04632152588556
379,50.54466230936819,82.92130684315916,61.2658820291064,141.46341463414635
380,36.42645607107601,94.16471614646848,72.28405190311014,49.56331877729257
381,30.401737242128124,74.26053302894886,72.79567682764394,84.15042331167552
382,18.11965811965812,94.29372255328337,73.84683665937163,83.22033898305085
383,12.118320610687022,26.29841446970753,17.409507104749366,93.91304347826087
384,3.2054650551760377,17.9155103299414,4.360559713634879,72.90322580645162
385,10.799031476997579,21.841031945826746,14.573060835855392,95.20274129069102
386,11.357074109720886,26.83100345036104,15.25941341876194,95.31511433351925
387,28.737773637633907,94.28277085020787,73.14370396787024,62.84182305630027
388,74.27490542244641,94.77980475519516,77.0029773724397,17.06081081081081
389,3.103629668595476,137.25490196078434,52.070908792471386,52.80898876404494
390,14.840499306518723,27.943718064322198,16.832350754655003,94.82120838471023
391,33.91472868217054,95.36920664946584,73.17593123617682,61.241610738255034
392,43.958333333333336,0.9246665814864169,338.1710247143365,66.53790439401256
393,42.9901707190895,92.39323327963879,69.20026016257921,99.71181556195965
394,43.212435233160626,90.57786140346322,66.99084433446869,229.99999999999997
395,3.912363067292645,13.394683026584858,5.2241552358648535,69.7841726618705
396,17.85028790786948,0.0,235.63579277864991,1.2048192771084338
397,11.314395763119885,26.57512396407642,15.47392013339987,96.07843137254902
398,13.764044943820226,27.778413424866503,16.516933144416512,94.82120838471023
399,4.311688311688312,10.18893387314439,11.303727345389998,77.71883289124668
400,27.431996311664363,94.39186803797988,73.61328416589524,75.2411575562701
401,26.817640047675805,28.64131800477446,17.921321203879945,98.41059602649007
402,82.08168642951252,1217.8723343025767,32.345780290783935,391.48936170212767
403,42.768595041322314,92.59132616298153,64.32702436848172,264.7368421052632
404,13.195098963242224,2.3068050749711566,16.97566658445329,95.5366631243358
405,77.6349614395887,62.00330881382079,9.706803323371343,33.01343570057582
406,11.612284069097889,12.011254841774464,15.698161565380255,94.56662354463131
407,44.40961337513062,91.64369834314515,63.56869943972754,429.00763358778624
408,45.24435102469784,92.60561482997676,69.83684448345599,93.57541899441341
409,5.344295991778006,15.516674880893715,7.259661867307747,87.38738738738738
410,1.9691325172964342,27.667057444314207,19.084751804651987,38.68613138686132
411,39.878542510121456,94.91972086684292,72.89011132759896,0.7163323782234957
412,3.610675039246468,482.92332923329235,314.2004387962081,92.75237273511648
413,4.311688311688312,37.35810113519093,33.43318978967732,16.831683168316832
414,5.586878523833931,14.86693178342,13.37166691494116,88.42975206611571
415,37.78664007976072,86.46395726172287,37.94005909835313,67.12523719165085
416,2.073365231259968,44.04761904761906,36.04836143811646,2.3255813953488373
417,1.3918629550321198,99.90281827016523,39.25314806773775,5.617977528089887
418,56.19500594530321,26.16628234540159,18.342492279413676,99.61340206185567
419,42.54770500257865,94.46887674752202,71.69476140405226,34.04255319148936
420,57.49287749287749,59.98789652964373,20.664788569487968,30.754716981132074
421,67.51515151515152,3665.3495265787924,35.507370067418016,160.5263157894737
422,41.16445352400409,89.77624309984996,72.9353198907625,13.375
423,1.0209564750134337,14.553060325847644,35.32063354842694,93.26923076923077
424,5.683563748079877,2.4863387978142213,2.9269705580736414,49.700598802395206
425,4.411001556824079,15.310586176727902,10.85269522110774,88.57142857142857
426,52.6478149100257,17.399973567623768,16.773548974896745,99.53182476869914
427,2.021276595744681,7.338709677419356,1.431971471269654,50.0
428,8.562450903377847,93.24742720737167,73.31371123864606,88.39584728734093
429,5.972434915773354,3.0185758513932024,1.0015117157974196,50.29585798816568
430,3.459119496855346,0.0750750750750772,1.0942344150775074,69.11764705882352
431,25.304136253041364,15.644690333487016,16.17206063734625,98.359375
432,6.068332483426823,10.824009944947615,5.505450956528578,93.66993217784476
433,26.904761904761905,29.216144467229395,17.464484249536753,97.76179056754596
434,3.509690937663698,10.076976906927925,13.530813169149503,56.02094240837696
435,2.9504741833508956,24.74226804123711,3.204698436536238,86.34146341463415
436,5.051546391752577,4.254173397953695,2.289811677566783,47.5
437,4.5101088646967336,17.933723196881086,12.118166324345585,22.93577981651376
438,35.95671421544516,93.25383103523289,72.91017283223981,51.50454863540938
439,2.9504741833508956,5.7286892758936485,4.598825831702538,84.97316636851521
440,2.229299363057325,399.7050147492626,64.36958344981826,5.0
441,2.9504741833508956,14.076858813700907,3.082502266545809,66.79841897233202
442,3.962460896767466,7.914764079147629,2.6189933955818945,81.41592920353983
443,3.56020942408377,37.37511353315169,3.1398787675399076,36.84210526315789
444,2.7455121436114043,7.11683580536039,9.380170359271418,78.35051546391753
445,38.89447236180904,92.8096242804581,72.0734162675203,38.56382978723404
446,16.08567828643427,91.7975499000373,74.28971018910956,89.47767992711813
447,43.58441558441559,93.53865375104455,64.14460574309327,243.06930693069307
448,45.320715036803364,74.84755767718406,3.3804294968122894,48.51411589895988
449,10.452114730189596,27.715663707113887,15.380043890094525,94.84662576687116
450,18.076923076923077,7070.370370370371,309.6962728753473,84.38661710037175
451,2.4880889359449445,48.14814814814815,29.93224654046729,57.78894472361809
452,4.162330905306972,26.63526949241235,14.733967833072894,17.647058823529413
453,26.094890510948904,94.37972941744157,74.23105483963923,73.89830508474576
454,1.9691325172964342,8.045073375262072,6.903959405903932,45.806451612903224
455,42.916235780765255,92.27538651168753,60.91496259297872,317.4698795180723
456,3.56020942408377,15.101070154577897,2.7226137091607945,63.63636363636363
457,18.83061049011178,94.45508629138462,73.66273122567353,83.37332053742801
458,39.81220657276995,56.18276343956984,53.73631577087531,69.91778774289985
459,11.781609195402298,25.631686774413836,16.719048130874747,93.47319347319348
460,9.970674486803519,12.790868708263464,0.1860701917858312,96.9309462915601
461,3.8622129436325676,38.86280646844026,29.940502846906774,24.324324324324326
462,10.014655593551538,27.546511114057182,15.994604738447094,94.38877755511022
463,3.761755485893417,8.811594202898537,2.878654929378122,67.6923076923077
464,17.968416559965856,93.7710633738159,73.51668845185252,83.37730870712402
465,49.43727696953061,21.54868826949851,15.085081495235645,98.85339885339886
466,113.10717039321511,29709.017085415668,75.41990748583002,46.855828220858896
467,18.345642540620382,123.59111460223366,65.16006245922085,42.201834862385326
468,1.2861736334405145,17.27110582639714,8.857747307808559,75.93123209169055
469,2.229299363057325,0.7546187874056786,7.5038787444802315,53.072625698324025
470,5.149330587023687,5.39077212806026,1.4039081768165311,72.09302325581395
471,15.214672780325136,94.9962706667584,71.95809351364339,96.3741955736933
472,16.242424242424242,402.0466035438388,33.73883359760317,788.4615384615385
473,60.139049826187716,67.98276507464304,30.60450654624528,9.174311926605505
474,2.5912215758857746,1957.0000000000005,1607.9188442660413,92.0303605313093
475,43.286677034733025,92.70281099500234,62.32343240944795,441.40625
476,1.9169329073482428,65.2071563088512,39.748710872249255,39.568345323741006
477,63.16410861865407,66.11836146671138,6.612025557506504,45.89473684210526
478,50.708833151581246,88.3665823071716,70.84320186157035,84.30851063829788
479,14.085820895522389,26.48303439708052,15.971159539171323,94.64627151051626
480,5.538461538461538,17.832190662748932,11.133334156409086,86.16144975288303
481,8.08383233532934,28.43765401675703,13.781974972517617,92.9471032745592
482,1.0209564750134337,212.68979386626447,229.37615543553122,93.44262295081968
483,36.763978228599704,93.20956023146051,73.03179794718449,34.0627973358706
484,38.31212324179504,27.50174471054826,18.51400280444806,98.82402351952962
485,2.5912215758857746,50.31055900621122,39.890948745910556,23.636363636363637
486,35.42381185693287,94.58814889246466,72.48710035017011,32.32421875
487,1.3918629550321198,106.83760683760686,64.08860980289552,8.695652173913043
488,27.550155411133087,450.9302636862534,73.56924985128654,69.01462663587374
489,47.72848743987173,91.00353551341898,65.56853259457466,250.0
490,3.0015797788309637,10.640066500415637,39.890948745910556,21.49532710280374
491,3.761755485893417,2.2222222222222165,4.0313281171399185,50.877192982456144
492,24.057450628366247,1390.4508542707722,34.1706638487299,661.5384615384615
493,22.376738305941846,30.22755227552276,12.337800791958564,91.99237368922783
494,48.790658882402,30.358170629122945,18.148969298239148,99.16359653489994
495,2.9504741833508956,10.410188064563899,4.772013286391897,67.56756756756756
496,482.18600953895077,0.0,223.93731988472624,59.06976744186048
497,4.212168486739469,19.24360400444938,9.542694714010935,82.4634655532359
498,51.45205479452055,91.01513512380245,53.15749325099376,445.6692913385827
499,1.76,40.383757251227145,17.58067022942744,83.65758754863813
500,2.848101265822785,0.0,12.58267939019534,63.63636363636363
501,10.408560311284047,75.71576227390184,17.479615959859125,99.30886950798092
502,1.1272141706924315,104.21940928270044,223.20483749055177,22.93577981651376
503,46.01162176439514,90.72574008231825,69.6582901870524,95.2112676056338
504,65.80683863227354,662.035023236184,19.18649270432314,30.561122244488974
505,13.84471468662301,27.066303360581283,16.71027556944256,94.95495495495496
506,6.68693009118541,54.46808510638299,40.185230718793534,78.125
507,24.792899408284025,98.39628701075357,80.87006161848339,23.25581395348837
508,41.31380178530556,71.40422769628374,69.85794584385458,86.0
509,4.756980351602896,14.778110196958405,14.681506768559352,89.46047678795483
510,23.66348943224202,16.85442963312492,17.184398710127393,97.99235181644359
511,38.2,93.30386768207632,72.22285728503483,75.04501260352899
512,10.031847133757962,95.53117690308119,75.93470925622756,96.04542341931067
513,26.19492656875834,84.68142916076934,66.96546844648894,66.19512195121952
514,36.35915145535274,93.10235695366339,72.63210646411002,48.244958924570575
515,2.021276595744681,46.56796769851952,46.81242618177823,34.375
516,44.78784704033526,92.30058329380225,71.52833728728824,90.38461538461539
517,3.1545741324921135,259.7809076682315,68.96471572683744,16.0
518,1.7075773745997866,3380.088495575221,2920.4227275209814,96.24161073825503
519,17.360208062418724,95.0602553394583,60.58500576701269,98.78829446730681
520,58.12356979405035,53.67019598169273,53.45056763416854,89.86301369863014
521,3.56020942408377,8.077519379844954,3.2672314208702353,94.47368421052632
522,3.256302521008404,666.8759342301942,707.6213206759951,96.05077574047954
523,90.48931771192281,83.16307122261516,65.4672398746309,185.1851851851852
524,1.6025641025641024,86.15384615384613,22.545514880009637,22.22222222222222
525,45.78059071729958,91.29856201841035,64.66473996209061,238.04878048780486
526,44.183620239958266,86.74890529357762,73.15725929042827,54.6875
527,4.0625,20.692883895131065,11.116212979567024,99.0084985835694
528,46.553552492046656,91.77433234283193,68.46830117124037,168.6046511627907
529,42.54770500257865,92.69834241630976,71.06099938922603,177.2
530,20.017368649587493,27.841145833333314,17.348638039728797,96.90265486725663
531,46.088794926004226,92.3333003619589,69.04715457929461,87.8048780487805
532,4.411001556824079,13.544579061820434,10.59437745914882,75.366568914956
533,46.39830508474576,89.03460039302772,64.53343602076654,250.0
534,71.31734662099034,3126.666666666667,33.74853790960354,76.13636363636364
535,10.014655593551538,25.807095596623313,15.76402517863849,94.02560455192034
536,5.441478439425051,4.194444444444429,3.4202647139771085,65.85365853658537
537,2.7455121436114043,22.70723104056438,20.462541356831654,61.29032258064516
538,79.36404931862427,0.0,194.59956662852142,27.85977859778598
539,11.143270622286542,26.0357259914782,15.274184624127047,95.74683544303797
540,4.70770822555613,7.5453677172874825,5.169312351842473,65.0
541,9.484029484029485,34.293523213579306,13.890525746722545,89.46047678795483
542,68.94865525672371,1312.0060724670468,43.713337785312554,69.72477064220183
543,41.25766871165644,8370.0,334.04209851479857,12.5
544,1.7679558011049725,89.52520802741068,40.28236571790579,98.47549909255898
545,2.021276595744681,12.623618382780693,2.704042892783532,47.5
546,11.612284069097889,24.83753822629968,14.270677571069381,92.5
547,18.076923076923077,156.66666666666666,74.79953460582999,22.22222222222222
548,18.32191780821918,94.44914488959087,73.63432030814266,82.59231348907309
549,95.42151033017268,85.59393334902519,92.36320205541485,98.6531479529522
550,3.3578174186778593,1.6260162601625958,0.27201951036489797,78.35051546391753
551,3.3578174186778593,6.718061674008827,11.417310286946652,63.47826086956522
552,2.7968337730870716,3.451027328944735,6.036660969806645,57.78894472361809
553,12.034383954154727,28.142248305736047,16.439142571843778,95.07042253521126
554,12.72430668841762,94.00300788314127,73.96366670039015,87.22816070770365
555,6.259541984732825,25.935029882398304,14.12923509953458,90.09433962264151
556,17.98753339269813,27.580817322354367,17.49905701580243,95.88235294117648
557,6.164034640855833,2.2090517241379315,3.4129172904683056,78.51662404092072
558,35.689739813451155,92.23030061651086,73.38331705914037,37.114337568058076
559,9.126788357178096,25.567525370804056,16.410065729743238,91.42857142857143
560,82.08168642951252,49.9772405889291,23.227168069106988,6.7294751009421265
561,8.037943085371941,32.1705426356589,17.809824907832407,96.01139601139602
562,9.292210359826019,93.49953970132827,73.33375097743887,88.05584281282316
563,7.715430861723446,11.26436781609196,3.887269193391638,49.700598802395206
564,53.765060240963855,16.89104809478846,16.458054230406777,99.5858804969434
565,18.937717356939615,63.64443611285143,55.77309928648727,89.37293729372936
566,1.1802575107296138,45.78313253012046,40.49870395385343,53.591160220994475
567,37.444057682744905,93.31597677446646,72.67003368624248,49.23076923076923
568,3.962460896767466,13.663535439795055,0.07789375292099804,56.476683937823836
569,2.5396825396825395,4.968454258675091,12.905863514019952,71.90635451505017
570,39.38477054967222,93.1400282286534,72.09225651885366,41.370558375634516
571,3.2054650551760377,32.52380952380955,31.621879521039187,43.24324324324324
572,53.640911617565315,85.03356136639462,68.27810713828158,26.0
573,2.8993147074327883,13.037228690527524,8.428904046548277,66.66666666666666
574,14.205868653935724,26.31900547829752,16.93979750889511,94.51697127937337
575,93.72929806252553,94.37977928092505,93.80583257118805,98.84946789965633
576,3.1545741324921135,11.368159203980102,4.3070157355871554,77.77777777777779
577,47.09952102182012,77.99286664329892,57.888586432643386,398.5611510791367
578,22.35502434705622,93.54613386069354,73.29714634940565,81.09140518417462
579,4.361370716510903,6.443298969072182,0.8872645730241784,64.55696202531645
580,41.8163160595177,95.69047027823979,71.2280345309615,13.157894736842104
581,2.5396825396825395,142.74691358024697,13.737207413021316,89.64241676942046
582,2.021276595744681,29.465020576131668,16.421232065912204,38.68613138686132
583,3.962460896767466,367.9329226557153,430.27638989010137,96.30444346678398
584,13.557929334428923,93.3584053510528,73.09282844522635,87.5
585,3.459119496855346,28.39228295819937,19.475507097816298,98.99316792520676
586,95.8017094017094,69.45977299805605,32.78451340098286,98.51511401803076
587,45.168067226890756,89.26231123599204,67.67643416986965,138.9655172413793
588,1.7075773745997866,215.10416666666666,36.70805136676078,3.4482758620689653
589,3.48314606741573,316.6666666666667,84.30689080039728,86.31921824104235
590,45.55028962611901,92.60635389895926,69.99597845851733,229.99999999999997
591,19.34636708491392,84.78758985217996,77.2717509650213,98.37636474392015
592,2.7968337730870716,2.463054187192103,3.017419650361787,69.00369003690037
593,33.591106814886416,93.93864083443036,72.7165237635515,51.841556636553165
594,24.662576687116562,27.2112558131069,19.643634219190854,97.4514563106796
595,564.9024058102589,93.04653035422672,110.17022635998543,97.47834101382487
596,12.660028449502134,27.008877760072853,14.620055429579246,94.93975903614458
597,2.9504741833508956,1248.7466666666667,1268.225729901863,91.93857965451056
598,4.311688311688312,12.084816132858831,6.827137942864583,64.85355648535564
599,3.6610878661087867,2.5920542635658914,11.016002391704554,48.148148148148145
600,2.694136291600634,8.18942961800104,2.0867965903865846,52.54237288135594
601,1.549973276322822,306.8713450292398,80.90537300803831,28.205128205128204
602,3.2054650551760377,9.149642046446642,0.22650443334055154,80.0
603,56.86182669789227,17.92852032078116,16.370298892041284,99.59896877685478
604,45.473684210526315,91.96262481519213,69.55310138548212,165.51724137931035
605,45.24435102469784,88.72252608318544,65.89185238645366,46.82203389830508
606,2.848101265822785,90.46296296296298,27.83003826530612,7.6923076923076925
607,2.848101265822785,15.019011406844102,1.8095238095238126,56.02094240837696
608,11.228915662650603,26.33591328396161,16.16298297379196,95.71647118816931
609,6.449974606399188,25.378690993832976,15.005211925183465,92.31473010064045
610,7.4836765444500255,1.8861272695223121,1.1743965429205563,78.51662404092072
611,11.442307692307692,8.652232292715654,27.510074039778242,97.33755942947701
612,47.49199573105656,77.81359706561318,53.111438522495376,824.0
613,14.958448753462603,29.29336651877502,16.5209717827602,95.37190082644628
614,95.59804038714303,83.52496464628081,45.9722328525631,99.47056599016766
615,3.256302521008404,0.0,7.369865239328799,66.26506024096386
616,5.344295991778006,2.798600699650183,14.01992819163117,95.2136752136752
617,44.183620239958266,93.23444914084988,71.00033101679159,47.4468085106383
618,46.24338624338624,92.81099034682845,70.66507676741884,106.25
619,5.441478439425051,1.293759512937596,9.860281555841013,86.09271523178808
620,82.32189973614776,5861.803417083088,5.489288077937234,170.703125
621,42.034943473792396,94.51030992902109,71.27615618054955,3.74251497005988
622,41.16445352400409,93.7490115087822,72.09166229270325,16.80672268907563
623,2.7968337730870716,19.105145413870243,1.7827388782400668,31.70731707317073
624,4.953560371517028,7.741935483870972,4.698455533334941,68.65671641791045
625,1.812366737739872,22.22222222222223,14.321361732465915,34.883720930232556
626,4.162330905306972,14.956568946796956,0.13056683034826388,80.6896551724138
627,3.962460896767466,0.43687199650503644,5.654984506891755,74.15384615384616
628,46.39830508474576,91.68394039055535,65.6253108753977,179.43548387096774
629,3.7114479874542603,3.870858688302903,3.340494092373789,78.51662404092072
630,5.731832139201638,9.476309226932695,5.987946509402263,82.01284796573876
631,4.361370716510903,69.66220522625872,23.27441013580154,22.93577981651376
632,1.9169329073482428,71.63120567375888,104.94942105395926,22.93577981651376
633,42.9901707190895,94.69912869038784,72.01919816590102,5.970149253731343
634,54.619364375461934,12.417347951919206,14.056930062411341,99.64439928879858
635,28.91791044776119,93.31308161101758,73.01705591560844,70.12931034482759
636,7.063572149344097,98.90762541096618,123.2909566560413,94.60500963391137
637,33.91472868217054,93.93683722732403,72.09982937416221,39.686684073107045
638,3.48314606741573,0.0,82.84159378036928,27.586206896551722
639,13.27683615819209,27.5508530183727,16.88196734101987,95.7957957957958
640,47.64957264957265,90.20495727746817,60.921985959988056,310.0591715976331
641,17.624521072796934,18050.000000000004,270.877551020408,2.3255813953488373
642,5.441478439425051,13.963963963963952,3.710890128547175,33.85826771653544
643,505.0309789343248,92.97219882948016,103.35407951914878,99.38085539714868
644,17.47448979591837,38.63229502327247,310.1610822611053,52.80898876404494
645,19.653679653679653,93.3531964974397,72.91498433143477,82.65765765765765
646,2.021276595744681,24.352100089365525,33.959899749373434,23.636363636363637
647,46.24338624338624,89.97815715359258,67.87752612516005,197.42489270386267
648,6.828528072837632,32.78096921490651,12.829573253601517,89.51310861423221
649,5.828220858895705,6.571815718157166,1.0795051611378323,82.01284796573876
650,7.9,9.692907396843518,10.246061959145505,89.46047678795483
651,43.58441558441559,89.7680719386446,70.3116492956606,198.70689655172413
652,17.250159134309357,161.41975308641975,176.05896488648182,14.285714285714285
653,3.8622129436325676,0.0,1.6824445395874028,50.877192982456144
654,2.4364406779661016,63.19845857418112,92.49699879951976,16.666666666666664
655,47.71615008156607,86.18252889196796,78.0927383714864,94.95740415935856
656,43.65904365904366,0.0,70.15344702718184,79.53367875647669
657,3.509690937663698,26.83438155136269,14.468379944570394,22.93577981651376
658,99.46045694200352,52.65400487247054,20.094342353794335,99.76449478524168
659,14.165890027958994,26.245340911430993,16.80423583323384,94.51697127937337
660,6.164034640855833,72.45137491616364,97.0280595153779,95.90443686006826
661,8.358208955223882,27.188183807439813,14.98407359696465,87.82608695652175
662,4.112441436751692,3.653313177122682,6.295657752295434,49.09090909090909
663,20.213433772755806,97.94809757005432,80.03091368437805,0.0
664,35.291238374938814,94.59236946744277,73.11304845006883,55.434083601286176
665,5.731832139201638,1.0925449871465347,4.492437751799741,80.04750593824228
666,2.4880889359449445,6.764705882352945,15.039009954264182,50.29585798816568
667,3.256302521008404,10.935856992639334,10.673308693556194,63.31877729257642
668,2.848101265822785,40.846560846560834,23.64211904000973,22.22222222222222
669,4.311688311688312,21.208374546653477,8.379757684366357,78.73417721518987
670,44.52617914322804,285.9040153394992,71.69610676943941,61.61182641869337
671,9.98583569405099,97.32620320855614,69.88767917286755,0.0
672,4.311688311688312,81.99902959728288,3.403663623722871,91.68316831683168
673,87.95918367346938,2812.962962962963,136.4913445052818,29.230769230769234
674,4.0625,8.034744842562406,2.0691320805000113,69.89247311827957
675,10.88534107402032,4.978263918104043,22.12471070902589,94.02560455192034
676,3.6610878661087867,27.637130801687764,18.413099753175597,91.10169491525424
677,50.62670299727521,93.16579552467549,69.33676590381532,89.34426229508196
678,3.6610878661087867,9.597701149425262,4.492437751799741,68.53932584269663
679,95.68870684610884,87.62841543383786,42.500359973711866,98.54419410745234
680,3.0015797788309637,13.30049261083745,6.367697293509685,75.43859649122807
681,2.4880889359449445,56.77267373380447,21.825188561831776,55.55555555555556
682,2.1253985122210417,17.57950530035336,16.554264963201987,84.24015009380864
683,65.40993417115499,20.684279698038175,39.34440056314726,36.95652173913043
684,14.205868653935724,19.164043371808308,17.20064342509509,95.75113808801214
685,1.3918629550321198,13.963963963963952,11.132287966733088,39.130434782608695
686,45.09186351706037,93.2670010168465,71.26692543764152,104.42477876106196
687,2.384737678855326,62.05357142857143,84.28698187349471,4.545454545454546
688,23.43983278590624,74.90882211010738,80.30991147379216,83.85155466399198
689,14.205868653935724,7.094571050247433,9.85780190565552,99.01408450704226
690,37.03520079325731,93.76432577076909,73.60521878345581,49.23076923076923
691,10.58252427184466,1.8388318009734925,17.39920912685788,95.66339700567889
692,37.7179870453413,92.9234577056446,71.55034692141987,13.266583229036296
693,48.044991965720406,83.88701779166735,64.50491487196335,72.45627980922097
694,4.361370716510903,53.517877739330984,34.66868228772991,28.205128205128204
695,5.295629820051414,1.7669531996179753,8.699486022513321,47.5
696,431.87363834422666,162.04878048780486,284.04647028948705,32.61083743842364
697,1.9169329073482428,231.0945273631841,99.52356393821066,16.831683168316832
698,2.073365231259968,35.95505617977527,52.76202384673782,5.0
699,6.211812627291242,0.6760270410816491,5.54914123277091,49.39759036144578
700,46.1660497091486,91.9837449251668,69.9885252777088,71.96029776674938
701,7.344064386317907,13.013698630136988,17.91218773493948,91.57472417251755
702,57.03289013296011,14.454695120057155,19.228876839916488,99.63083413905247
703,0.7658643326039387,401.47722609766106,303.90598344601,95.23269012485811
704,95.07420778178901,276.94704049844245,53.731627365972315,54.83870967741935
705,6.734177215189874,22.136422136422127,14.115922342963158,86.16144975288303
706,12.410841654778887,23.202031020667214,18.016101743303718,94.71698113207547
707,25.182778229082047,30.931342329383288,17.764594389396354,98.41209829867675
708,46.70912951167728,93.1183919747705,71.27211070549245,117.9245283018868
709,80.4177545691906,93.73464660410347,75.60006535393075,39.1566265060241
710,13.516896120150188,3351.570399363892,57.40454719623699,541.6666666666667
711,69.67464702271332,5155.800380849566,56.36263167433594,2.3943661971830985
712,41.52585765488991,92.70828115167775,62.37790455536201,246.5
713,2.905027932960894,165.8070678127985,141.12781954887217,91.69139465875371
714,25.394896719319565,17.48746467316985,16.56851595921089,98.5005355230275
715,9.528487229862476,26.396169028667583,15.24971582417417,90.98712446351931
716,11.228915662650603,27.916320310335273,15.894787392200785,95.16963772282921
717,3.8622129436325676,34.23137876386687,23.18282439275859,19.230769230769234
718,45.397159389794844,90.84691698188078,67.80642263431935,123.5483870967742
719,60.4178757980267,28.876731164622853,48.640889442352744,42.82178217821782
720,5.586878523833931,9.009009009009015,0.9513159471224873,56.25
721,3.459119496855346,17.98185941043082,9.919433211072462,59.02439024390244
722,19.104084321475625,92.12434868328407,14.314958601016153,98.28009828009829
723,4.5595854922279795,6.3268892794376255,2.4572420061142037,49.700598802395206
724,47.02127659574468,91.21418443798281,66.41921739767349,264.7368421052632
725,2.4364406779661016,23.704232049453207,10.941939566524303,64.70588235294117
726,62.01641266119577,44.951030313175565,13.823414492882765,518.75
727,47.57074212493326,90.32665503769097,66.1699104396131,251.7766497461929
728,46.7870419543282,90.80019312877783,66.15792901763672,80.46875
729,46.47588765235824,92.49884396139446,69.30301326334258,118.61198738170347
730,44.334203655352475,91.59770263334099,70.19006797797024,58.944954128440365
731,2.4880889359449445,54.87999999999998,65.84356819650938,67.56756756756756
732,3.56020942408377,16.507430997876853,2.6780972612093406,93.03482587064677
733,13.925233644859814,28.611470461405762,16.94573933469491,94.6257197696737
734,39.455095862764885,94.44797206411994,70.75790472769052,53.31858407079646
735,62.568583621215204,9759.25925925926,17.72838931670013,61.81818181818181
736,42.768595041322314,91.45153018805561,60.41787397762766,314.97005988023955
737,2.021276595744681,83.33333333333334,69.18783840066635,14.285714285714285
738,4.8062015503875966,31.974701335207296,12.459566801785202,78.01047120418848
739,5.295629820051414,52.370370370370345,56.76402297445926,3.7037037037037033
740,61.44859813084113,49.71488345915076,45.00384387725593,29.291044776119403
741,44.636316064887495,92.67813331828609,70.34450344685638,65.39379474940334
742,3.8622129436325676,14.072463768115936,7.914921693868394,67.44186046511628
743,2.1253985122210417,25.022461814914653,22.06834863258324,73.66771159874608
744,7.946026986506746,11.96930436515847,0.4072187410780027,92.9471032745592
745,44.56066945606695,88.17415349692591,67.14195458493104,278.6885245901639
746,7.467911318553091,0.0,191.694616565289,21.73913043478261
747,1461.0169491525423,0.0,154.17079453140477,37.3134328358209
748,134.4773491275813,79.97079384806587,91.7193091855547,84.47219069239502
749,4.311688311688312,13.163361661945236,4.276974501295649,77.35849056603774
750,5.538461538461538,22.855768074100798,14.315285694830848,83.93881453154876
751,2.9504741833508956,7.066052227342541,4.727245720227245,76.92307692307693
752,12.948960302457465,27.544910179640702,16.92349853058773,94.94280553883203
753,30.20083364910951,12.602712602712623,4.983559462429983,97.762982689747
754,46.943115364167994,91.83278510187918,68.0195513155788,129.4701986754967
755,12.285714285714286,25.25076413104308,15.87534756833324,94.1988950276243
756,23.44139650872818,53.65079365079366,31.07471969778875,94.85294117647058
757,127.06247093473884,84.73140691615349,99.38420287220507,83.39805825242719
758,4.012506513809275,17.161104243922516,22.90888186260419,63.31877729257642
759,47.64957264957265,91.1552192328686,61.972486337413535,203.9473684210526
760,5.538461538461538,3.546445420530316,6.5168197562977275,86.09271523178808
761,6.211812627291242,16.090738128819932,13.31013522134041,97.53882215060065
762,4.9044914816726894,20.539599651871193,11.721121569646954,84.75499092558984
763,1.4317180616740088,12.632978723404259,16.762089788756004,96.045197740113
764,45.397159389794844,88.34978488063493,67.97038790458546,115.21739130434783
765,3.509690937663698,38.87225548902194,36.86119705537183,24.324324324324326
766,8.992094861660078,26.066929874036465,15.22522735373909,91.6083916083916
767,4.311688311688312,2.4418336788758266,6.035967704205677,74.07407407407408
768,57.22411831626849,3665.3495265787924,27.37357368176479,103.82352941176471
769,41.453428863868986,89.90869766791006,72.56456416107922,13.157894736842104
770,44.183620239958266,92.67393410934743,71.55778863030781,14.925373134328357
771,35.09286412512219,93.4536803799887,73.11327522381508,50.464617583988556
772,35.62315996074583,93.06278662947959,72.63213714032798,52.56673511293635
773,13.764044943820226,26.758264897873275,19.14938952112849,93.41176470588235
774,14.12639405204461,12000.0,114.58681833389097,18.30985915492958
775,3.1545741324921135,7.890499194847019,6.2280701754386,66.66666666666666
776,2.229299363057325,13.738250180766462,25.67008370168344,38.68613138686132
777,13.195098963242224,27.40562350803811,16.191424790976594,94.31664411366711
778,5.828220858895705,19.17004048582995,11.14072334791571,87.73722627737226
779,16.120218579234972,28.75808269561608,17.542291418397365,96.40564826700898
780,5.972434915773354,7.700057570523879,4.7403550461280455,67.93893129770993
781,2.332979851537646,37.277147487844445,23.000060558347965,33.85826771653544
782,12.82536677709418,14.195831694848614,33.126026513647396,96.70717365738926
783,104.58919319022945,67.51213726570697,73.42011247113203,75.98752598752598
784,1.9691325172964342,1240.0109920307782,1385.9188006412755,95.86817511067387
785,131.87905651416816,75.67161375823905,127.90745628505445,84.86725663716814
786,11.739338763775754,25.366030648397146,15.94743478490166,94.14225941422593
787,3.408495018353435,1.6260162601625958,15.37818610191576,63.63636363636363
788,4.0625,5.16359918200408,8.278006821185235,50.0
789,44.48510193413487,91.72814251630318,69.26116787293066,102.04081632653062
790,23.37118947997609,78.02153166966609,78.32805057422001,80.94223484848484
791,72.53433208489388,1719.9189378464155,44.40182478928711,21.578947368421055
792,5.295629820051414,3.8888888888889026,1.7766926183566019,50.588235294117645
793,58.57716580608147,52.35205845995975,12.61838653158458,89.86301369863014
794,17.267713194739077,94.39773480315488,73.78776316969424,83.89121338912135
795,24.5606128886886,94.11540717998489,73.39546346646554,82.61851015801355
796,1.8646776771443794,60.38291605301915,23.535257817736372,43.624161073825505
797,34.305150631681244,94.13846622452294,72.68348539334627,50.0
798,13.764044943820226,27.08506955574076,16.410820173161422,94.36241610738256
799,21.54793315743184,92.51079590100223,73.90179205737103,80.36270898271465
800,37.23932472691162,90.21178192310842,71.3022995707711,57.14285714285714
801,3.8120104438642297,1.8267651888341612,7.361102169574465,61.111111111111114
802,1.4973262032085561,29.273504273504287,50.594079593690324,66.12903225806451
803,13.154172560113153,27.893539489843178,15.786367541880814,96.06373008434865
804,4.361370716510903,17.248062015503887,19.178718528382507,21.49532710280374
805,60.139049826187716,37.785173052218255,30.381229446233178,22.007042253521128
806,44.636316064887495,92.51029721471974,69.44135083580682,47.76119402985074
807,14.919168591224018,27.38166447342185,16.29831414810174,94.51697127937337
808,37.30750124192747,93.22234268527063,72.8922299286295,64.8580121703854
809,26.61354581673307,28.428725701943847,17.514505212137564,98.35519874681809
810,5.051546391752577,9.64755077658303,6.037356523365365,66.26506024096386
811,41.36607828089025,5546.666666666667,79.42399389662408,25.37313432835821
812,41.453428863868986,91.34686582861077,68.27120686713359,233.1730769230769
813,2.7968337730870716,6.117576842733503,5.335399601505428,67.05882352941175
814,52.707182320441994,88.4907269940481,59.050646219248925,179.43548387096774
815,8.49478390461997,26.31410256410256,14.962937754570332,92.37057220708446
816,44.46610353043102,91.25438724198517,84.26412583985821,92.22897963123854
817,2.5912215758857746,100.75414781297137,15.213990195737587,68.30188679245282
818,13.27683615819209,26.504560481140715,16.021762830775458,95.40229885057471
819,4.9044914816726894,13.066906151773699,7.317942518050424,66.92913385826772
820,0.21668472372697722,19.552782111284433,32.34548795821646,28.205128205128204
821,56.67920978363124,17.647583460195886,16.52421169770147,99.64482029598308
822,39.455095862764885,85.66028085017079,73.32113555875594,6.779661016949152
823,4.6090108751942,13.887286016541639,2.7607222449629414,66.92913385826772
824,2.332979851537646,19.031403707907653,13.910444995251225,65.14522821576763
825,82.08168642951252,25.511650885959707,28.294822951717872,48.07692307692308
826,6.969696969696971,12.145214521452136,13.76134453781514,73.91304347826086
827,1.5435501653803747,435.2735739231665,542.7392761127812,93.41692789968651
828,2.5396825396825395,20.51042639277934,5.401660872595604,46.496815286624205
829,17.467063323416916,90.33301962733285,73.9249036478776,80.6316377864729
830,2.4364406779661016,2780.952380952381,2838.6778301064014,91.54078549848943
831,43.958333333333336,0.9246665814864169,338.1710247143365,66.53790439401256
832,44.0333507034914,92.15318645845444,70.0866755246677,32.0
833,0.2721829069134458,5.413814561294351,12.555569998700117,92.91736930860034
834,3.256302521008404,428.96174863387984,120.9248256264531,7.6923076923076925
835,4.012506513809275,6.503541532517711,7.044702968340339,81.6593886462882
836,43.58441558441559,92.38690033874411,70.1943946366056,156.66666666666666
837,5.002578648788035,3.041362530413623,14.230666483173993,97.10044874007593
838,7.4836765444500255,23.567953546767104,14.477418186209398,92.55978742249779
839,2.7968337730870716,6.540880503144689,17.538684330499578,60.93023255813953
840,2.2811671087533156,54.587688734030216,46.488523466940734,32.800000000000004
841,47.72848743987173,90.99198677851965,69.74552752745319,210.76233183856502
842,4.261954261954262,8.485519276886173,7.655760716985211,72.18543046357617
843,16.310767832803272,28.033682365278374,17.151799526156477,98.70029398112332
844,18.32191780821918,94.38750224232984,73.45395278693901,82.4067022086824
845,52.16826798234225,17.775934364382206,16.809983928653484,99.53161592505855
846,40.13428633311674,91.53960911803155,76.56547862703948,94.87842731505431
847,51.038251366120214,92.83176993862514,69.01446267104974,107.48502994011977
848,2.5396825396825395,70.5638474295191,49.25650990156608,0.0
849,3.7114479874542603,1.0812236286919756,9.74388020602865,81.16591928251121
850,5.489994869163674,21.621621621621617,11.832271242028249,81.6593886462882
851,5.198147195059187,19.601328903654466,11.929915519365911,92.5531914893617
852,41.52585765488991,95.7903618238735,73.002882025784,83.36933045356372
853,0.4909983633387889,175.3128555176337,161.6303295511753,94.59807073954984
854,36.42645607107601,93.36081853318338,72.19517133389903,45.34700315457413
855,35.62315996074583,95.10118319572443,73.1704279243097,36.12903225806451
856,74.71554993678888,94.15354709866034,73.21822121558897,90.73777064955894
857,7.250755287009064,0.0,14.916669608557399,90.09433962264151
858,45.703742751713236,91.32505447349233,64.83357889187154,248.24120603015075
859,139.14775510204086,59.415732452596316,133.40366313521278,93.33008288639688
860,90.4860392967942,230.00000000000006,7.585908796196258,110.00000000000001
861,3.7162162162162162,279.0726817042607,142.40362811791383,91.69139465875371
862,1.1272141706924315,104.21940928270044,223.20483749055177,22.93577981651376
863,4.012506513809275,19.40789473684211,7.294824123275294,76.53631284916202
864,2.4880889359449445,75.72614107883813,22.636155053737458,19.230769230769234
865,2.106430155210643,15.789473684210526,15.912171320140944,76.66666666666667
866,36.967294350842415,93.29555957898205,72.90453205410448,41.221374045801525
867,82.8042328042328,144.05043227825496,6.414732889345484,86.79245283018868
868,11.654676258992806,25.791768482583482,14.929837674040463,93.543428132206
869,45.09186351706037,89.93894582076476,63.46997208253322,341.40127388535035
870,4.5101088646967336,1.8175916910094028,4.483712441660392,67.81609195402298
871,45.168067226890756,93.5671705126786,63.871784502210375,206.63716814159292
872,42.69488900361383,90.34525762415694,70.09033283185516,45.89473684210526
873,52.890025575447574,22.049788708229336,18.142265433745976,99.56275050752174
874,88.29807509052792,18050.000000000004,216.59262723092513,93.78238341968913
875,2.2811671087533156,11.610918877354866,2.534656288682501,78.84130982367759
876,27.736367202824635,29.39719173002795,17.79388639506117,97.83672418233324
877,5.731832139201638,3.5044150110375503,6.189855342397708,60.56338028169014
878,30.562116202172884,95.3798558651842,73.23472558233006,67.43421052631578
879,37.924151696606785,93.17157789697646,71.96630580696186,35.95194085027727
880,34.305150631681244,95.99239567957379,76.35333924925106,96.04542341931067
881,37.78664007976072,93.6353118211988,72.55475816567943,63.90625
882,48.044991965720406,92.16463271182307,64.59872837728865,233.1730769230769
883,1.2861736334405145,20.29852550157118,11.575160606255679,96.09846725499304
884,51.45205479452055,92.65200778041059,62.07450055984073,192.40506329113924
885,8.037943085371941,24.873884361660842,11.97489826255412,84.0909090909091
886,38.75502008032129,93.09141869349334,74.42141282843254,36.42201834862385
887,3.761755485893417,209.97588908981322,259.5039585230854,93.3806146572104
888,2.5396825396825395,49.845201238390075,14.140115023417213,53.072625698324025
889,10.364963503649635,28.11358805254264,16.402686760019105,95.19999999999999
890,16.18327028163094,96.14250687330855,74.84315805002072,96.08828177918267
891,30.673692133985696,17.134145615226117,18.47814967403537,98.81790036588798
892,43.212435233160626,92.53486431244615,72.37694821870468,47.4468085106383
893,2.5912215758857746,82.50377073906485,47.25051654764925,17.647058823529413
894,3.103629668595476,22.11942809083264,22.33454129315278,52.0
895,3.3578174186778593,3.5044150110375503,0.09104312866085645,59.80861244019139
896,9.43952802359882,27.419760065322524,16.65078402495021,92.5925925925926
897,39.80778958017198,92.71679623798465,71.38387892738693,23.75
898,2.8993147074327883,5.634920634920647,5.098076526647953,50.0
899,2.6427061310782243,4.671280276816621,5.7982390280526745,65.85365853658537
900,49.35386307396206,3587.619047619048,397.0292879056384,87.79069767441861
901,8.129675810473817,25.750406624279158,16.12370374252901,93.57798165137615
902,4.36418359668924,92.65555933356,67.58794623500506,1.8518518518518516
903,45.320715036803364,92.13131046721895,69.61104531018103,61.915887850467286
904,9.661598822952428,22.78528528528529,10.985090483608143,91.84466019417475
905,2.8993147074327883,36.421568627450974,36.55524803065784,23.636363636363637
906,6.020408163265306,17.78577138289371,8.5869995277661,75.93123209169055
907,47.49199573105656,81.80990566870149,56.70120321463904,513.2743362831858
908,13.195098963242224,26.27420998980631,15.46193713176755,93.59267734553775
909,3.0015797788309637,16.763215061549595,3.854330193615914,70.31802120141343
910,32.69323091694672,95.22015215537925,71.98797323679162,41.66666666666667
911,52.58687258687259,29.584394824916316,18.26011830245719,99.53182476869914
912,4.658385093167702,22.68370607028752,7.696949048511984,79.85611510791367
913,43.58441558441559,93.05713055947365,70.30412749463538,30.508474576271187
914,63.26048434731246,0.0,17.938494149782215,124.27184466019416
915,2.848101265822785,21.886446886446883,30.62714680614851,65.71428571428571
916,2.2811671087533156,101.07526881720428,69.33759273437707,57.57575757575758
917,21.253071253071255,409.3538154562429,60.96738362112492,87.54833720030936
918,13.235986811116346,50.57777777777779,66.09027161286404,97.62376237623762
919,4.70770822555613,458.92634207240957,538.9535954803182,92.44604316546763
920,22.21283783783784,30.90537441419884,26.57384346169148,92.3217550274223
921,17.667092379736058,93.50296936942027,73.2062388453769,83.7132784958872
922,10.23391812865497,26.459899749373417,15.798567974802955,91.64179104477613
923,2.683219863836604,439.74726914687875,65.50309584023721,72.91386271870795
924,0.16260162601626016,15.71774682010902,5.099518799116273,76.6016713091922
925,8.58560794044665,35.070734361514496,12.224224830465772,92.20055710306406
926,6.116207951070336,20.09284686805284,14.488119309883702,88.77005347593582
927,53.81190873678353,79.23152507269805,73.6299222165146,22.483221476510067
928,2.384737678855326,80.14888337468985,62.40441586063707,40.845070422535215
929,9.126788357178096,24.38151883458322,14.662898963260048,94.36619718309859
930,7.4836765444500255,24.575596816976123,15.957336998403605,91.26819126819127
931,12.660028449502134,27.73491692890739,17.007616045711814,97.2313777191826
932,2.073365231259968,15.238095238095244,4.444650332274882,45.09803921568628
933,22.4450811843362,0.0,52.095427435387684,858.3333333333334
934,46.088794926004226,91.3942433464268,70.38972385246906,94.66292134831461
935,5.441478439425051,4.283903675538655,2.431824679890891,50.0
936,11.186113789778208,26.781637648870927,15.26123672720534,94.15041782729804
937,2.2811671087533156,200.00000000000006,76.07123555601306,3.7037037037037033
938,1.8646776771443794,6.8579426172148485,5.8397323426411685,93.86413440467494
939,0.5936319481921208,22.0276008492569,53.77146453294974,20.754716981132077
940,4.953560371517028,52.44094488188979,16.132536664856058,33.85826771653544
941,1.4446227929373996,159.2857142857143,62.60616047661303,6.666666666666667
942,45.168067226890756,92.10104627670826,71.95203634010792,71.11111111111111
943,20.603448275862068,29.034486223092966,16.873159178656618,96.87964338781575
944,44.78784704033526,91.46520773975475,69.07646404502161,160.5263157894737
945,8.403779214321233,24.332284354070843,13.816215874421042,89.0909090909091
946,44.636316064887495,93.6223754631118,63.80478113518924,188.75
947,44.25171440096813,91.40889442839504,72.21541259934365,95.61669829222012
948,36.56126482213439,95.00878186699704,72.64686473453963,55.972045743329105
949,33.591106814886416,93.50404846698714,72.67455132860766,11.494252873563218
950,45.857519788918204,75.95123477550042,53.303328050330556,586.1386138613861
951,3.3070866141732282,5.481678486997649,14.321361732465915,78.94736842105263
952,19.144981412639407,73.05876081480154,75.50328772489439,5.847953216374268
953,23.856749311294767,84.09279319559346,77.40463819264527,98.39296894928461
954,51.61821173889194,94.2578532994191,49.991723378391306,89.51112456485546
955,4.460580912863071,2.6568430453226197,14.613203402691807,89.31297709923665
956,2.9504741833508956,211.66666666666677,85.38911771081726,3.4482758620689653
957,16.424682395644282,26.707048458149778,16.18060244375232,93.78698224852072
958,4.953560371517028,8.248220365212008,0.08466051134948768,64.85355648535564
959,17.918088737201366,93.54676959199885,73.25832468022023,82.73972602739727
960,8.58560794044665,18.69505149459934,11.435751567203326,87.48137108792847
961,63.798297314996724,359.46229342181675,24.54228031482775,34.74576271186441
962,9.661598822952428,20.282904616577053,13.77842868816798,94.39626417611741
963,17.027027027027028,26.364053186611642,19.154757270755727,94.47004608294931
964,107.6634109691961,62.396310944881115,64.52421681827934,80.58823529411765
965,7.204030226700252,25.219298245614034,15.76976674524309,91.75662414131502
966,42.916235780765255,92.41216904316744,71.97414579857445,56.78733031674208
967,19.809276116168185,93.53438008911027,72.97971356531511,82.26260557972869
968,2.7968337730870716,8.149316508937938,18.41098281417829,59.22330097087378
969,22.250351617440227,144.0284417905745,122.3392775627434,98.56732339624982
970,36.2247412518482,95.18213151126729,72.25625715547098,42.298084929225645
971,45.09186351706037,93.28603503756666,63.99398189796576,264.7368421052632
972,54.84187300809021,0.0,6.095891810177559,64.25531914893618
973,3.509690937663698,10.494683310217285,9.140703944696801,66.26506024096386
974,3.610675039246468,9.778003728181655,10.351351765963232,63.94849785407726
975,5.683563748079877,16.328775734716324,13.608769853154406,84.78260869565217
976,12.034383954154727,26.318134561116896,17.795513305337646,93.33333333333333
977,16.18327028163094,96.14250687330855,74.84315805002072,96.08828177918267
978,2.384737678855326,4.866666666666678,3.4877027734170745,60.747663551401864
979,54.15504740658115,92.40558192691212,65.21606715728304,244.77611940298507
980,44.258872651356995,86.94067618896088,70.06962536117393,39.58151700087184
981,12.742775935575557,27.373332395488966,16.905824429884863,94.41860465116278
982,19.837587006960558,76.31855643661137,72.74139532054821,196.15384615384613
983,44.48510193413487,91.57993117746182,70.79807244097665,77.23785166240408
984,4.70770822555613,3.2567049808428985,3.805317957520916,79.90430622009569
985,33.10745401742498,195.3215314963758,54.062283875651374,725.0
986,46.86503719447396,88.94338433872167,62.62274972893596,377.9310344827586
987,2.177376526818906,97.89719626168227,33.06908638254659,28.205128205128204
988,12.907801418439716,27.84688381636316,17.449321098564425,94.74013775829681
989,44.48510193413487,92.44916538787675,68.63274943997311,142.30769230769232
990,1.4446227929373996,309.09523809523824,14.985774770940191,85.26315789473684
991,14.262091773460108,95.70532002059646,60.84837712184692,94.01761049723757
992,2.4364406779661016,12.90824261275273,22.075248072946852,56.70103092783505
993,4.212168486739469,24.40476190476192,1.4703592758433868,65.0
994,3.962460896767466,18.805077209151897,4.221005475360883,80.28169014084507
995,12.907801418439716,290.6208213944604,135.07622541758766,99.01408450704226
996,12.202097235462345,28.395477507818146,17.18675213472248,95.78313253012048
997,2.848101265822785,69.06187624750505,103.67127102187371,9.090909090909092
998,5.377574370709382,105.08474576271188,169.7291280148423,1.1764705882352942
999,2.5396825396825395,137.95476892822026,46.73691435030984,5.617977528089887
1000,3.761755485893417,10.805860805860815,22.533702125538852,34.883720930232556
1001,1.6025641025641024,31.317829457364343,27.2479521355741,27.586206896551722
1002,32.23829369943614,92.64842675052543,73.93037395229256,97.16483246737307
1003,41.09239407861154,93.25753345129144,72.41129809057666,24.416517055655294
1004,43.286677034733025,92.51400603754776,70.034804654617,86.79245283018868
1005,4.411001556824079,1.3007054673720897,1.5725212599173521,72.36842105263158
1006,12.312068264932954,93.42404316357674,73.15683211899827,88.09073724007561
1007,44.56066945606695,88.91541126686498,62.82578664398864,344.2307692307692
1008,2.7455121436114043,47.07807386629263,23.438009890302975,28.205128205128204
1009,4.212168486739469,18.98613103778097,2.605685131195333,70.0
1010,36.763978228599704,94.67791160767443,73.50573310264666,49.3791088385683
1011,16.31849833484711,171.28305644248772,52.65108933913548,87.37244897959184
1012,4.8062015503875966,12.744665194996314,5.747732293199034,67.81609195402298
1013,0.5399568034557235,229.2517006802721,251.27983396748536,96.92870201096892
1014,14.56400742115028,27.26461135579099,16.12052644784564,94.6257197696737
1015,12.312068264932954,93.42404316357674,73.15683211899827,88.09073724007561
1016,14.766355140186915,0.0,209.1141633765223,23.52941176470588
1017,11.3997113997114,22.8142589118199,15.758223002462636,94.82439926062847
1018,15.193370165745856,27.606837606837615,16.99515915042617,95.68788501026694
1019,13.235986811116346,28.038874383521907,16.64347375442068,94.99404052443386
1020,46.24338624338624,93.06913574424921,70.70885887981973,78.6082474226804
1021,17.39961759082218,0.0,193.89869937612352,21.73913043478261
1022,3.761755485893417,3.2152230971128586,1.2404597871905532,66.26506024096386
1023,45.626975763962065,89.34241511039443,69.58473452689981,244.77611940298507
1024,41.58339738662567,3664.4444444444453,101.2407478714756,20.0
1025,4.012506513809275,44.04761904761906,19.283511965937443,22.22222222222222
1026,2.6427061310782243,17.22676354828944,9.270029255225406,48.148148148148145
1027,43.958333333333336,92.32452314487792,71.3601127841564,29.291044776119403
1028,5.828220858895705,22.953305033353562,12.44049393717995,87.2340425531915
1029,14.262091773460108,95.67707924912233,64.84321873360763,94.01761049723757
1030,43.212435233160626,82.75327492258532,60.94013814042286,296.0
1031,43.13827032625583,93.13878285876511,71.7234685425877,5.47945205479452
1032,50.736497545008184,4509.523809523809,192.383757626762,23.52941176470588
1033,8.902077151335313,24.594695904788676,14.573642937970291,94.39626417611741
1034,20.19064124783362,25.882666260843106,17.607984601240638,96.73278879813302
1035,4.5101088646967336,34.17338709677419,13.331566392790878,69.11764705882352
1036,36.2247412518482,94.16026136368095,72.35709174534634,49.92774566473989
1037,60.60429982568274,0.0,43.81057002330337,25.09025270758123
1038,6.164034640855833,12.843058886224368,3.3848396501458122,61.81818181818181
1039,4.5595854922279795,19.973544973544964,9.310136339319353,76.06837606837607
1040,3.256302521008404,0.0,7.369865239328799,66.26506024096386
1041,72.75,0.0,13.819179563131579,88.8283378746594
1042,2.021276595744681,87.47906197654943,77.4715696853989,51.162790697674424
1043,34.89507076622743,94.6184306619805,72.94645474245776,37.791741472172355
1044,0.2176278563656148,19.038929440389293,6.733994263161994,70.31802120141343
1045,9.970674486803519,15.310586176727902,7.303637783589534,78.51662404092072
1046,53.43781597573306,17.054218493057775,18.388696562286945,99.673735725938
1047,10.471622701838529,93.60763384322242,73.10715991395686,41.370558375634516
1048,3.7114479874542603,4.397734048896835,3.380502026594629,66.26506024096386
1049,47.02127659574468,90.83998821173897,66.53428378860008,181.70731707317074
1050,44.0333507034914,91.35254373817206,70.29759231142559,30.508474576271187
1051,4.5595854922279795,60.99439775910361,42.371420737200836,43.624161073825505
1052,10.799031476997579,16.1770680968633,17.053786644016412,96.03399433427762
1053,46.86503719447396,79.93273023625645,33.0596398151056,219.3548387096774
1054,1.0976948408342482,292.8571428571429,52.942820964002046,91.09225874867445
1055,63.008849557522126,4605.555555555557,147.1566404339513,35.483870967741936
1056,0.5458515283842794,11.542246590749356,1.2471131639723239,68.30188679245282
1057,4.361370716510903,0.48106765983861,9.098639455782315,76.53631284916202
1058,40.375825292026406,91.4149659549288,71.93654130710195,5.640243902439025
1059,60.51103368176539,96.38183484107296,72.9293126850935,97.67629011165879
1060,131.65902261584694,80.44221296847115,105.08124003189793,82.1875
1061,42.84237726098191,93.71843501285711,71.3939728663892,20.94240837696335
1062,4.411001556824079,8.653061224489772,1.2750167765365072,49.39759036144578
1063,17.694369973190348,27.7810040005162,16.174056439882143,96.0618846694796
1064,16.386745347253743,27.05924692968644,17.275226555340605,96.05077574047954
1065,173.84183959618628,47.69433477850172,107.81747263836061,79.67310549777118
1066,62.683931724543854,0.0,491.8475175306698,42.82178217821782
1067,88.93095366864972,753.1285502928948,92.53477408018162,99.93186132156589
1068,5.3929121725731894,21.48059859621242,13.073250690650584,83.52941176470588
1069,22.329162656400385,0.0,727.7148788927335,94.4963655244029
1070,2.8993147074327883,7.7151335311572815,8.91660749019728,50.29585798816568
1071,3.56020942408377,5.334281650071125,3.887269193391638,49.39759036144578
1072,3.3070866141732282,11.538461538461537,5.985278819680309,74.39024390243902
1073,26.498855835240278,93.5829327192715,72.94173123780612,79.05078597339782
1074,4.658385093167702,31.589425067685934,8.36873353417958,78.01047120418848
1075,44.939695857367596,89.6519649535512,70.90102005335733,49.353448275862064
1076,10.33932135728543,93.65007366798771,73.5068795719723,87.77993299241757
1077,20.017368649587493,94.38537447520211,73.99272881493593,82.59231348907309
1078,4.411001556824079,16.444707507152,9.05622164871549,76.0
1079,1.9691325172964342,173.44632768361583,87.82267874037032,7.6923076923076925
1080,10.364963503649635,25.51988021959741,13.938004136457579,92.51336898395722
1081,4.012506513809275,10.96851471594798,9.489563596751651,61.64383561643836
1082,5.002578648788035,19.25455729166665,11.61590790162219,87.38738738738738
1083,82.20171390903099,14773.130629986232,287.9191891058023,43.474714518760194
1084,4.0625,453.309265944645,501.73747709319684,92.75237273511648
1085,16.53828726778432,28.786249862167807,16.867829775982763,96.10208816705337
1086,21.617021276595743,29.613519065126955,17.368445535064623,97.70679770679772
1087,4.9044914816726894,41.74653887113954,20.409645339617324,23.636363636363637
1088,64.71990464839095,0.0,28.511128161516623,142.30769230769232
1089,5.246913580246913,2.271526677231913,2.5846075107158852,47.5
1090,2.073365231259968,4.035456029857723,3.410722086999947,50.0
1091,12.327463112803427,26.50594865372572,16.534129842033444,94.18685121107266
1092,0.914470145239376,137.8632478632479,195.57603686635935,22.93577981651376
1093,1.812366737739872,127.97101449275368,30.32453124619024,38.68613138686132
1094,2.848101265822785,32.08576998050683,19.93582479720859,78.18181818181819
1095,38.986419344153695,29.307842532634393,18.01924607059054,98.92500639877143
1096,4.361370716510903,10.924617196702,1.5016957791762182,88.9908256880734
1097,117.64933135215459,93.82710249898524,86.63840739879014,96.6470588235294
1098,126.64087884883186,92.25738414560006,104.30732055633744,94.71814671814671
1099,11.228915662650603,25.209205020920507,16.16205843181517,91.42857142857143
1100,49.16732751784298,85.03926680970942,76.49987921454947,94.10903768752287
1101,8.49478390461997,23.378926038500502,12.822751704112504,86.16144975288303
1102,1.8646776771443794,255.81350357902878,228.4296694176534,89.32655654383736
1103,4.5101088646967336,15.718361866398102,4.363553025052548,79.46210268948656
1104,2.4880889359449445,8.907510862818151,4.393587297568555,54.59459459459459
1105,2.7968337730870716,62.37251744498123,49.519994913853374,37.3134328358209
1106,4.411001556824079,11.77944862155388,9.423984339619869,93.66993217784476
1107,71.57045313469894,61.46493373664388,76.26418136235176,93.03447582671626
1108,2.1630615640599005,239.25233644859802,3.4649632210607795,75.0
1109,4.261954261954262,56.465517241379274,76.60835762876576,6.666666666666667
1110,1.6025641025641024,110.69651741293534,67.9879246531439,14.285714285714285
1111,3.3578174186778593,11.085053158223888,4.985754282356536,88.28451882845188
1112,2.332979851537646,172.29254571026723,99.02613677049763,12.0
1113,3.2054650551760377,15.51122194513717,4.130071939259943,80.9090909090909
1114,9.350393700787402,28.972451470417294,16.979793756787288,94.52411994784876
1115,3.3578174186778593,49.58791208791212,20.852126193812783,90.35591274397244
1116,31.204722296753424,263.1864072888451,68.84480285240743,71.3216957605985
1117,4.361370716510903,34.83527131782946,27.52758723531165,16.831683168316832
1118,3.256302521008404,8.914053426248536,6.197812738188034,67.1875
1119,38.13093453273363,93.29296489921893,74.9044702812158,48.05097451274363
1120,93.5760278605968,43.75092708743465,80.58179526651723,97.01597657263595
1121,11.56985117618819,25.437687168855096,15.570258771635695,94.1340782122905
1122,36.29191321499014,93.30334355999072,72.55599551897215,48.28358208955224
1123,72.10460772104608,93.9450340373128,72.91280332008006,41.1214953271028
1124,8.08383233532934,24.229287090558735,15.042591969712364,89.68058968058969
1125,17.774936061381077,0.0,272.7412573069428,6.666666666666667
1126,4.112441436751692,318.27160493827165,39.52301850972946,2.3255813953488373
1127,12.327463112803427,9.095177724562136,19.488568217661893,94.72693032015066
1128,104.28677014042869,43.497324277209835,75.4444885619354,89.27410617551462
1129,2.7968337730870716,1.4675052410901528,10.555708769994474,72.45901639344262
1130,7.992007992007992,18.14645695924234,7.36933317578478,78.51662404092072
1131,10.031847133757962,93.9387222437575,73.65170865001959,88.10504634397527
1132,1.5435501653803747,47.772988505747136,29.42719559734006,75.29411764705883
1133,2.9504741833508956,45.859538784067084,41.293093953078554,33.85826771653544
1134,7.958707958707959,92.78396291182084,73.70596702741705,94.31641105552366
1135,47.64957264957265,86.4613066937734,64.93666994812192,257.21649484536084
1136,1.936912008854455,3074.623655913979,683.1501831501832,86.31921824104235
1137,2.6427061310782243,16.627132045634237,6.558020667432114,78.68020304568529
1138,0.5399568034557235,18.42978635137938,8.34087552993855,95.25691699604744
1139,2.7968337730870716,0.6435863293386932,9.27676974188601,60.0
1140,34.56669912366115,95.35750831177164,72.14894014322574,59.49736995908825
1141,2.021276595744681,79.25925925925927,109.08459222276552,17.647058823529413
1142,5.441478439425051,16.66666666666668,0.8670788805890086,74.31192660550458
1143,3.3070866141732282,29.689174705251876,10.709716722509889,24.324324324324326
1144,35.02686858817782,92.81298835569818,72.93258713864486,37.114337568058076
1145,40.51855617691917,94.12511475689818,70.8686333062742,29.05027932960894
1146,2.177376526818906,71.1870255348516,42.87770523826659,57.78894472361809
1147,46.47588765235824,92.3772051395488,66.38299074398665,181.70731707317074
1148,48.044991965720406,92.75336888649193,58.283301720186756,437.20930232558135
1149,36.83168316831683,93.23833815002077,72.67255413106982,44.64856230031949
1150,35.72923935799023,10.019313033590233,16.482221481363123,98.64077669902913
1151,47.09952102182012,91.33329606134485,69.34370221012436,231.57894736842107
1152,5.295629820051414,14.808730344989405,3.186921287260129,83.56164383561644
1153,4.9044914816726894,15.845483492542318,8.616809361107052,81.25
1154,13.093289689034371,93.5688960476229,73.83679241811973,88.11932110406309
1155,14.603616133518777,28.223042446612173,17.453951818263675,96.16263133851074
1156,5.538461538461538,2.065154159394993,13.141266671852971,88.41379310344828
1157,3.912363067292645,7.476635514018707,9.944746818193074,70.0
1158,13.439849624060152,26.01391311320943,16.255818853797294,94.55252918287937
1159,2.4880889359449445,63.32159624413142,28.69181380417335,48.466257668711656
1160,3.2054650551760377,61.67369901547121,78.30651491365778,7.6923076923076925
1161,34.56669912366115,93.23819925421523,73.0289518044872,68.22558459422284
1162,13.884992987377279,27.989401813920306,16.640201396880567,95.33333333333334
1163,46.01162176439514,91.02373143539467,53.421331713828245,492.3076923076923
1164,41.52585765488991,88.9306936629737,72.8245540352986,16.203143893591292
1165,16.952380952380953,1269.811320754717,175.57465091299673,85.0
1166,45.01573976915005,92.77250324954444,69.81272235804185,251.7766497461929
1167,6.969696969696971,21.27127127127124,12.755302861127118,93.51351351351352
1168,43.43539180072652,92.75465603233802,71.59537110037706,29.05027932960894
1169,43.064182194616976,92.233763751977,71.14722335447297,111.92660550458714
1170,6.49746192893401,0.13312034078807447,0.26520909473139825,50.0
1171,2.5912215758857746,14.48326055312957,19.93582479720859,34.883720930232556
1172,16.272727272727273,25.179220602724833,15.942044901693123,94.08033826638477
1173,4.5595854922279795,6.749661246612481,1.7106497020925364,81.16591928251121
1174,3.56020942408377,88.22222222222224,30.705744853007307,70.62937062937063
1175,2.229299363057325,9.840232389252007,15.749829343502093,81.73913043478261
1176,3.7114479874542603,7.351077313054512,5.795558487906548,52.54237288135594
1177,37.444057682744905,93.77163249965623,72.50494141437525,43.79562043795621
1178,2.8993147074327883,44.29901105293775,42.996189420140624,57.99999999999999
1179,5.780051150895141,1.851851851851854,4.024868225435852,86.34146341463415
1180,1.208791208791209,116.71641791044777,33.60829896262966,68.65671641791045
1181,14.99769266266728,27.596451585906767,16.79778440585857,94.27792915531336
1182,12.285714285714286,23.834540205404902,13.061951171619828,96.11111111111111
1183,1.0209564750134337,226.22549019607848,190.8843537414966,22.93577981651376
1184,32.31211105792245,93.07081021273096,73.09699667444744,61.58536585365854
1185,11.272141706924316,93.5358389219979,73.1746556050873,88.23828920570264
1186,3.0015797788309637,21.2694877505568,25.165384570351375,34.883720930232556
1187,0.967741935483871,82.10702341137124,96.46973235823414,46.15384615384615
1188,95.20998569756858,56.986027944111804,10.340958813431918,32.25806451612903
1189,46.47588765235824,91.8733463455134,69.83105388114636,147.5
1190,42.181069958847736,94.39040738718133,69.40775459480363,163.49809885931558
1191,5.876341338783853,108.81017257039063,44.38933794820927,78.125
1192,5.246913580246913,16.28001628001627,8.400822337394946,75.93123209169055
1193,2.4880889359449445,6.050325134294589,11.77976490949738,44.73684210526316
1194,9.926650366748166,27.5049007427041,16.401368728215807,94.20689655172414
1195,4.212168486739469,11.77732029507634,9.84307544360823,79.8076923076923
1196,46.39830508474576,91.23172099599083,46.14434172048875,208.0
1197,1.2861736334405145,152.53428741800838,18.82935301780286,52.54237288135594
1198,49.367784496976356,30.268274352187692,18.45858938663672,99.14910858995137
1199,59.40023068050749,0.0,3.5457799806368357,94.1375518145673
1200,14.365411436541143,21.403805313569972,41.22979154800415,96.60880096891401
1201,8.902077151335313,7.842987416577513,20.55117430455721,94.58064516129032
1202,7.250755287009064,14.550884832244721,13.253101636694298,93.30677290836653
1203,3.8622129436325676,38.07807807807806,7.578695002293852,17.647058823529413
1204,47.177848775292865,89.14259075380971,59.38549954677421,513.2743362831858
1205,12.535612535612536,26.964769647696468,14.755944673942087,92.47985675917636
1206,14.801110083256244,27.562586795781257,16.694967805534013,94.76635514018692
1207,0.2176278563656148,24.976525821596248,43.30516995043484,22.22222222222222
1208,17.620751341681572,51.67725988700563,22.808609472750963,76.40449438202246
1209,4.261954261954262,2.185792349726768,9.579722299878846,48.148148148148145
1210,9.08193484698914,25.364245453578636,15.920851099060277,90.46538024971623
1211,27.48031496062992,29.87783048420298,17.550791513894247,98.21731748726656
1212,12.0763723150358,26.736492590151123,16.7386832171491,93.6842105263158
1213,36.2247412518482,95.33655327815313,72.1388605265716,40.41272570937231
1214,38.13093453273363,89.40096572566159,64.81971793990294,57.116336633663366
1215,12.866603595080417,27.016104710778706,15.870432309646029,94.4074567243675
1216,102.04678362573098,77.23350058506216,76.04370115166648,76.76835400603419
1217,34.9609375,94.64381413101182,73.73552160690166,60.86956521739131
1218,1.3201320132013201,6.8514241724403275,12.843068261787478,55.319148936170215
1219,11.314395763119885,26.469756924816274,16.69728947993677,93.78698224852072
1220,38.82471120040181,93.10932803625423,72.64711805747716,39.73913043478261
1221,3.052631578947368,36.823992133726655,9.016741735361595,89.64241676942046
1222,12.410841654778887,27.97619047619047,16.92327694851198,95.59748427672956
1223,46.63129973474801,85.64541363900912,64.16234088722824,91.96675900277008
1224,9.705882352941178,43.47373498870185,16.050914652334498,94.68017732742243
1225,37.10317460317461,94.01492877794126,72.7400053968375,46.93721286370597
1226,3.7114479874542603,4.568452380952371,3.741972313400855,67.31517509727627
1227,1.812366737739872,706.6666666666667,63.465270834558574,7.6923076923076925
1228,45.626975763962065,92.65962019198516,71.55034692141987,60.78886310904872
1229,430.14115092290996,46.43902439024391,257.8141091658084,32.61083743842364
1230,4.361370716510903,18.257225927826227,8.710760284843449,79.41176470588235
1231,3.3070866141732282,8.557625948930305,11.995016528984118,64.1025641025641
1232,45.626975763962065,92.37043903004867,70.46908284802838,92.5
1233,95.36603773584905,71.92069681685244,28.350015029515426,97.43824336688014
1234,28.298949007395873,11.288254987616533,1.4504781327310825,97.73034315049986
1235,6.3072227873855535,15.296395591301751,6.221742357783912,82.01284796573876
1236,4.953560371517028,39.82222222222221,15.201724254058055,68.06083650190115
1237,1.4973262032085561,161.52737752161383,3.088632147073744,61.46788990825688
1238,15.076071922544951,28.495894501119672,16.77815793545724,95.65667011375389
1239,39.10417715148465,94.63679579760915,66.59841161868894,95.41241890639482
1240,10.288867250892569,88.82929649961557,72.12168269873106,88.69309838472834
1241,19.316688567674113,105.49150861534649,86.5349263226351,95.21094640820981
1242,25.92255125284738,93.35917191079578,73.29019440337251,74.60608281421767
1243,60.51103368176539,23.200912919430245,165.89888719924792,23.090586145648313
1244,93.49783176527275,66.66678803875553,83.44753373550596,96.8896101387118
1245,3.525305410122164,93.5569043884495,73.22802383733583,92.35521235521236
1246,4.6090108751942,4.996431120628114,12.734693877551024,86.7298578199052
1247,41.38107416879795,94.16916178248866,67.00999197375221,40.76923076923077
1248,2.9504741833508956,38.42953718148725,19.541515236231476,20.0
1249,27.377824487651075,225.47275928501972,68.35852462401758,79.45449155054848
1250,0.1631321370309951,12.037037037037043,19.021166214599596,82.64462809917356
1251,1.0209564750134337,167.40331491712706,144.17299766621977,27.586206896551722
1252,3.052631578947368,5.200131233595781,2.869257698714584,82.6086956521739
1253,70.09230769230768,52.74410734715372,29.377182776300014,97.43589743589743
1254,4.261954261954262,4.498020870816849,7.947402697185008,81.73913043478261
1255,46.088794926004226,91.61435520805426,67.46065867642046,226.8867924528302
1256,48.044991965720406,91.83148141286513,71.8663737638937,9.647979139504564
1257,3.3578174186778593,112.60981912144703,5.016478641145917,77.60000000000001
1258,27.793022344178752,27.76874477376196,17.647972206750364,97.90262172284643
1259,35.88987217305801,93.1562577191812,72.83273979300718,48.704663212435236
1260,2.9504741833508956,60.931005818786375,0.48693161475118496,68.77323420074349
1261,4.8062015503875966,20.171532244763313,8.240848240077888,78.84130982367759
1262,12.034383954154727,27.24473675726214,16.746995033355873,95.85798816568047
1263,47.49199573105656,85.99768600663737,59.46958375492258,541.6666666666667
1264,7.204030226700252,98.01398156974898,121.04330841247382,94.54545454545455
1265,11.143270622286542,27.357074635011596,16.314698330078055,95.2136752136752
1266,45.24435102469784,91.39489171203017,63.042603370879476,405.83941605839414
1267,44.939695857367596,90.56468358724429,62.910218666536366,181.70731707317074
1268,43.43539180072652,89.3387786892235,69.07177866078601,191.1764705882353
1269,189.1393604421635,30.866339109711973,164.76711906230722,90.3932584269663
1270,91.01589495507947,878.2525730817446,500.68088654530544,56.74157303370787
1271,37.85536159600997,93.62143826626583,71.87559514087911,32.32421875
1272,96.7948717948718,0.0,151.01695500535237,7.6923076923076925
1273,37.78664007976072,94.18773778644007,72.723323533325,31.992149165848872
1274,10.055320533680442,96.01492958999935,75.20701137078541,96.30025092093322
1275,53.726362625139046,91.75871942139857,56.81434322024703,377.9310344827586
1276,4.658385093167702,29.585006693440434,21.591530502876406,10.638297872340425
1277,48.842218632202474,67.16264947751054,62.195715231174894,621.875
1278,67.11003627569528,0.0,17.73648958298922,25.09025270758123
1279,49.32468935710427,91.96183100035907,71.69653513751486,69.43765281173594
1280,5.002578648788035,37.65642775881684,13.158673080216033,22.22222222222222
1281,11.442307692307692,200.3016591251886,50.40720970375369,97.8044955567172
1282,2.8993147074327883,2.8112449799196733,5.401660872595604,81.16591928251121
1283,7.85392696348174,23.09808385505597,11.199038146245492,90.7488986784141
1284,13.683223992502343,25.586098728743593,17.402171187081056,94.81801357186922
1285,3.408495018353435,7.930933567456826,1.274831139199249,67.81609195402298
1286,20.671834625322997,27.471586486065707,17.525067927760013,97.34177215189874
1287,2.332979851537646,298.3539094650206,72.23415682062301,55.319148936170215
1288,12.948960302457465,28.210852339004866,17.309483218920633,95.0354609929078
1289,5.586878523833931,11.49425287356321,10.336464370348297,83.06451612903226
1290,14.975041597337771,91.12443898834826,73.80738106421919,88.9031224979984
1291,2.8993147074327883,14.505403158769731,1.814006888633742,67.81609195402298
1292,1.1272141706924315,168.20119352088668,138.94071914480077,33.33333333333333
1293,4.756980351602896,2.6878306878306786,5.958148711148505,70.52631578947368
1294,16.00547195622435,27.33065057008719,17.482097865493014,95.82712369597616
1295,46.2570484153218,92.81938957582484,76.79199139089799,94.43730935944774
1296,29.366391184573004,74.11130250699227,78.30205048637559,98.14074878167078
1297,2.7968337730870716,1.6986706056129948,0.1564046573831312,57.360406091370564
1298,5.731832139201638,5.9973045822102495,3.035454916633755,80.04750593824228
1299,47.72848743987173,90.00555372574766,61.58914446581488,208.0
1300,3.912363067292645,5.953952192403566,0.6451970204635439,67.6923076923077
1301,8.861756597085467,94.54367634852066,73.71623350381893,87.86764705882352
1302,31.05737316263632,92.53496030153828,43.46807721970407,52.760736196319016
1303,44.40961337513062,93.24722107858896,68.40926532987177,215.0
1304,5.149330587023687,0.15048908954101253,2.9385270089770947,50.0
1305,57.40318906605923,65.13565253167786,48.53732678728069,165.51724137931035
1306,2.4880889359449445,3.9184111647879827,8.208979591836735,46.835443037974684
1307,8.981185658501953,94.7180288236402,166.03100195320613,80.50375393557762
1308,46.553552492046656,86.28587730704112,51.96753951650843,429.00763358778624
1309,214.87179487179486,8638.888888888889,168.13362216394935,29.230769230769234
1310,1.3918629550321198,31.521739130434774,68.03332372743706,7.6923076923076925
1311,39.1742195367573,88.47979557829555,71.99379492576213,32.6530612244898
1312,2.4364406779661016,1.725888324873068,5.707973911213958,69.00369003690037
1313,1.8646776771443794,42.82341831916904,41.320333801536805,27.586206896551722
1314,41.638513513513516,90.10387440437704,85.14151132167298,96.66281421554464
1315,61.44859813084113,38.74587257801671,81.26744902699036,22.007042253521128
1316,2.6427061310782243,5.298013245033125,1.7103096946541434,55.080213903743314
1317,35.42381185693287,93.38855610588075,72.6444202388103,54.40789473684211
1318,3.610675039246468,6.140350877192988,3.8969852678709116,68.30188679245282
1319,4.70770822555613,0.22590361445783774,3.2922676516196354,50.29585798816568
1320,30.269241229262988,62.244138698413884,74.1804275851449,89.37293729372936
1321,2.177376526818906,497.53086419753095,90.53560288744319,7.6923076923076925
1322,16.386745347253743,27.849164357100857,16.89018464528669,97.39776951672863
1323,15.696944328170783,93.48156644318934,73.19192259587855,86.78489702517163
1324,76.94553340562183,0.0,99.3647522961065,95.89114194236926
1325,19.035314384151594,86.46689822443264,74.09682617952981,220.83333333333334
1326,2.694136291600634,44.71450617283953,13.484030383453819,42.06896551724138
1327,3.912363067292645,119.78399607265588,23.259152907394125,90.93851132686083
1328,43.36099585062241,92.48151847931354,71.56937042732329,111.28048780487805
1329,5.1004636785162285,19.44444444444444,5.344741137437746,86.7298578199052
1330,2.384737678855326,2.8234649122807247,3.403663623722871,47.5
1331,7.9,20.78772268727195,19.511163267169813,94.5631067961165
1332,0.5936319481921208,21.74988112220636,11.650403373498513,88.13559322033898
1333,45.473684210526315,92.02843896250808,70.06403491763507,80.46875
1334,23.84912384912385,76.45829404778706,75.86748369242933,83.16603931409452
1335,44.56066945606695,88.47005831756276,58.69531849332071,437.20930232558135
1336,2.1253985122210417,52.33812949640285,13.720220598527483,17.647058823529413
1337,46.6396292004635,47.6625172890733,60.6625635289489,98.06362378976486
1338,361.15107913669067,0.0,61.61529271206692,1418.867924528302
1339,7.5765178123432015,22.150189086979992,12.877629017444278,95.0354609929078
1340,27.222441722639275,29.26954732510288,17.771855702268816,98.68995633187772
1341,2.848101265822785,6.603773584905635,2.3920000351183663,68.77323420074349
1342,42.54770500257865,90.63345888910749,56.885577293285806,530.0
1343,8.034433285509325,94.70541702889581,208.66400276256715,80.41362530413625
1344,2.5912215758857746,668.2539682539683,49.88315937061847,7.6923076923076925
1345,1.2861736334405145,182.779827798278,56.70537575299479,31.147540983606557
1346,2.2811671087533156,2.8234649122807247,1.5119886703176943,46.835443037974684
1347,7.016658253407371,25.552601595138626,14.616684457630758,97.05573080967402
1348,47.413333333333334,90.01168927343876,65.17150093967547,228.43601895734596
1349,46.1660497091486,93.2591678652233,69.55310138548212,168.6046511627907
1350,2.5912215758857746,29.93288590604026,11.334837701787881,27.586206896551722
1351,7.110438729198185,23.70744010088272,14.053102595025385,83.93881453154876
1352,13.27683615819209,25.993883792048926,15.313259125555643,94.38502673796792
1353,41.36607828089025,0.0,152.33341529382835,33.33333333333333
1354,1.812366737739872,92.06349206349206,62.30965033715895,65.57377049180327
1355,2.5396825396825395,21.64194693962817,10.67018254071419,87.42514970059881
1356,47.72848743987173,89.58038951373675,65.75877258796869,289.3258426966292
1357,2.6427061310782243,3.3274440518257,0.30494956603330586,44.73684210526316
1358,44.48510193413487,91.87100706697152,69.73318907519904,166.53846153846155
1359,76.97050491584736,549484.1413169298,99.36665666538835,96.04090493601463
1360,37.51243781094528,93.02607624726485,72.61973787696422,37.791741472172355
1361,3.6610878661087867,7.238684947663261,0.4463237021376687,67.44186046511628
1362,2.694136291600634,64.74178403755873,12.466026983585788,40.0
1363,462.94388931591095,3634.195121951221,1353.9429530201344,55.29411764705882
1364,11.314395763119885,2.0759976525821857,17.20284362811542,95.83333333333334
1365,2.7455121436114043,7.7351140790205966,15.662425847852843,47.16981132075472
1366,10.88534107402032,26.825297141395122,15.534861127337363,93.5533384497314
1367,14.285714285714285,27.435451382530662,16.31126365829254,95.96347909658817
1368,3.3070866141732282,12.149080348499485,6.656513351609307,63.94849785407726
1369,11.654676258992806,28133.333333333343,56.84940642923837,21.73913043478261
1370,117.98107255520505,15.837668502126132,78.12621724676458,49.56331877729257
1371,36.09059576563269,94.11591313614838,73.57533881432234,37.05722070844686
1372,0.0,26116.666666666675,133.5567803763841,33.33333333333333
1373,3.459119496855346,322.09302325581393,135.47781017168765,9.090909090909092
1374,3.56020942408377,77.07317073170726,58.66419294990723,7.6923076923076925
1375,3.8120104438642297,502.55720053835813,584.6778654400418,93.86413440467494
1376,2.7968337730870716,8.371897349600362,2.6650660264105603,80.1418439716312
1377,1.2861736334405145,181.1111111111111,135.24665321841186,27.586206896551722
1378,5.344295991778006,12.602414833980163,8.718299035095207,79.15632754342433
1379,35.75638506876228,91.27710688048538,74.66184304644531,46.32068164213788
1380,7.250755287009064,25.03097893432465,15.6999339626413,90.78947368421053
1381,2.5912215758857746,84.26395939086295,51.85378095553765,16.0
1382,3.8622129436325676,38.86280646844026,29.940502846906774,24.324324324324326
1383,50.46271094175285,76.63346924995432,56.10727327297148,287.1508379888268
1384,1.2332439678284184,39.5617070357555,15.061819314818226,20.754716981132077
1385,2.229299363057325,23.063583815028892,0.9474391345641524,70.0
1386,15.92196349905601,5950.000000000001,60.61099286340299,25.37313432835821
1387,5.198147195059187,7.308488612836468,0.3170458784035704,82.99595141700405
1388,11.057460164171898,27.530074225748653,16.56271017169131,95.22727272727273
1389,35.09286412512219,93.72229541471543,72.74549864029242,61.34969325153374
1390,4.6090108751942,11.5059744540585,4.65073440302487,76.0
1391,82.08168642951252,119.64538905042947,13.864627589729759,170.703125
1392,23.281965847563516,27.689446768944677,17.756779872566668,97.82214156079854
1393,34.69785575048733,0.0,56.95385033003436,696.551724137931
1394,1.6025641025641024,5.134281200631909,4.0070930332917225,50.29585798816568
1395,2.8993147074327883,10.200364298724956,2.531038525070612,52.0
1396,38.407611417125686,93.7862120321776,71.97372862894073,38.942731277533035
1397,44.712041884816756,92.59067278315642,69.80618683914277,103.2258064516129
1398,5.498281786941581,0.0,89.33301131103327,25.37313432835821
1399,2.332979851537646,85.204081632653,56.016637882805085,5.617977528089887
1400,23.3458177278402,28.908086051496596,17.386922585798864,96.5
1401,12.494061757719715,27.418993160668233,16.015106941829387,94.91833030852995
1402,12.701421800947868,22.556946617979495,22.7344480381121,98.24414715719062
1403,2.4880889359449445,39.636040834442895,22.01228211649401,34.883720930232556
1404,2.7968337730870716,12.23188405797102,8.538937963244987,73.66771159874608
1405,75.26949904882689,1343.3839851885373,21.6206344903375,402.17391304347825
1406,44.258872651356995,92.23318992042327,68.05717723948442,152.91970802919707
1407,3.408495018353435,14.75592747559275,1.592415794982945,74.07407407407408
1408,0.7008086253369272,6.104500775995872,1.5089529463189775,83.399209486166
1409,38.29145728643216,28.98658910139258,17.91612584591668,98.80935506732813
1410,17.69968051118211,7462.500000000002,197.4953617810761,21.73913043478261
1411,42.10796915167095,93.69608525459908,71.45324912934281,44.07484407484408
1412,37.58088601294176,94.95017598144754,72.97924574726105,40.971039182282794
1413,36.2247412518482,93.23093044978296,72.72008892719408,50.10799136069114
1414,5.828220858895705,2.3141967067200646,1.919707276850122,73.75
1415,2.848101265822785,166.91176470588246,108.48366650414437,6.329113924050633
1416,4.578130911842603,93.46005432393375,73.23526147356439,92.07909475368614
1417,5.149330587023687,21.74557968434793,11.477173349430783,88.10198300283287
1418,2.5912215758857746,47.560975609756134,23.224437400120514,46.496815286624205
1419,1.4317180616740088,4.202192448233855,2.7630912326738413,57.99999999999999
1420,109.55269143290371,91.91669695699322,58.839740456630786,109.3655589123867
1421,22.04824375793483,26.923614438588107,17.24959963541951,98.08786706123378
1422,2.6427061310782243,17.996453900709234,44.75287745429923,57.57575757575758
1423,41.52585765488991,92.51421565292486,71.69929798465853,0.8583690987124464
1424,14.04573028464769,26.28046261875256,16.324460209190857,95.56259904912837
1425,3.8120104438642297,64.14728682170545,38.76108747385879,63.94849785407726
1426,3.256302521008404,4.966504966504953,8.976295767297492,53.333333333333336
1427,3.103629668595476,21.323529411764678,31.894838779096858,64.1025641025641
1428,46.86503719447396,89.22132769109125,64.96337469302053,253.57142857142856
1429,5.344295991778006,20.990973689264454,12.558043460299109,87.80841799709724
1430,11.908177905308465,26.565517241379304,15.163658336583444,93.7031484257871
1431,46.47588765235824,88.92916385834529,51.854433251633644,291.52542372881356
1432,2.6427061310782243,90.15715467328367,45.44217687074829,3.4482758620689653
1433,3.459119496855346,300.97465886939574,341.3029253018186,92.94117647058823
1434,33.52657004830918,93.03147226816225,74.24736348903836,60.6473594548552
1435,1.9169329073482428,168.8888888888889,63.74284813263055,11.578947368421053
1436,7.297433316557625,21.413562559694366,13.033236498526236,94.54191033138402
1437,82.20171390903099,1416.5991148720127,42.69629142563412,213.57466063348417
1438,82.44224422442244,0.0,20.579829037007233,115.88785046728971
1439,47.80748663101605,90.89529779489676,66.5843349519566,251.7766497461929
1440,12.802463704355477,807.8577336641852,44.577494692144384,681.5533980582524
1441,1461.0169491525423,0.0,154.17079453140477,37.3134328358209
1442,2.4880889359449445,33.28544061302683,40.75049374588545,22.22222222222222
1443,16.427969671440607,91.295203400882,73.88466855653968,88.9031224979984
1444,2.9504741833508956,1145.9291187739466,1188.1157452586028,92.25092250922509
1445,35.02686858817782,93.63046684161584,72.46657678531679,17.59809750297265
1446,47.49199573105656,90.24061150038484,66.77045518926322,231.57894736842107
1447,2.694136291600634,10.632183908045988,17.877818339779623,52.0
1448,10.694668820678514,96.54101749526883,8.041608182414686,40.971039182282794
1449,38.61584754262788,95.44317487579099,71.52768115884551,41.4695945945946
1450,38.2,94.16510553747679,72.80550570009503,37.567567567567565
1451,2.7968337730870716,114.35657596371884,117.63245444163068,91.31334022750775
1452,5.002578648788035,22.651072124756308,12.695229692101423,81.16591928251121
1453,9.394982784062961,27.071642765951115,16.70073357737451,93.23126510878323
1454,48.833333333333336,22.75671484642513,10.112076517057195,99.40285775218597
1455,46.86503719447396,90.90495283435075,57.93041698393776,777.2151898734177
1456,4.212168486739469,5.971370143149272,0.5548528972473177,58.2089552238806
1457,6.354855109303507,20.935166327223346,13.02851645708789,89.0625
1458,2.848101265822785,8.699511762094971,7.6518811071074495,60.0
1459,9.970674486803519,23.719464144996056,15.166197922997515,91.26819126819127
1460,2.8993147074327883,7.466000555092984,18.39821337787785,93.0
1461,4.8062015503875966,42.88781535158346,19.026619980368316,22.22222222222222
1462,18.024032042723633,49.30018416206262,4.058794679126466,76.20396600566572
1463,6.164034640855833,3.5848047084002204,2.1224797959954027,49.700598802395206
1464,14.325581395348838,26.885367327446737,16.89018464528669,97.75100401606426
1465,5.635245901639344,14.570992640459524,27.86125439186663,95.44715447154472
1466,5.002578648788035,23.229714650087686,12.025511778623601,93.30143540669856
1467,2.2811671087533156,59.67741935483865,41.2974516231363,28.205128205128204
1468,4.6090108751942,593.2291666666667,51.89783485195644,71.81208053691275
1469,61.72865156866819,0.0,14.638902965249317,60.0
1470,4.855371900826446,2165.852490421456,2426.786475784343,95.69672131147541
1471,14.99769266266728,27.463469464218793,16.40582277927249,98.29198861325742
1472,22.702475870751154,27.81330421898151,17.0992289985466,96.5
1473,3.103629668595476,1.3494648673801795,0.7242781118693378,68.53932584269663
1474,42.69488900361383,95.84139067892859,73.07693330747647,68.86792452830188
1475,30.685579196217493,94.34448044324937,73.48306791860603,71.92058346839546
1476,7.4371859296482405,41.468545152137686,48.5539920731221,96.90265486725663
1477,4.311688311688312,593.5287902799789,682.4037037667443,92.29357798165138
1478,4.756980351602896,1.0582010582010546,10.674677249839215,50.0
1479,3.8120104438642297,8.707482993197303,5.407807069180781,76.92307692307693
1480,3.0015797788309637,10.987509758001561,8.492052683799926,69.11764705882352
1481,46.39830508474576,88.25996462801398,62.03022954882109,586.1386138613861
1482,12.410841654778887,24.61609598208853,15.503377668569057,93.63153904473086
1483,8.221225710014949,23.35997587090936,14.17213615015813,90.23255813953487
1484,2.7968337730870716,0.2536461636017746,5.848159239034702,82.01284796573876
1485,1.6550987720234915,34.97375328083992,58.08932268559597,6.666666666666667
1486,46.63129973474801,83.48530909395267,61.18911036803606,208.0
1487,23.80095923261391,98.26517171587368,78.88890277501633,27.397260273972602
1488,8.7667161961367,24.97042385672908,14.042616850392228,95.28619528619528
1489,4.012506513809275,8.641975308641982,5.0080447116606,46.835443037974684
1490,567.9343365253079,391.3414634146342,293.9200680272109,41.03092783505156
1491,45.703742751713236,92.38108189510147,65.7962725255532,189.9581589958159
1492,2.073365231259968,8.73350182532997,5.051634601536766,61.990950226244344
1493,27.365930599369086,8.73736271728853,18.262073107689048,98.5239852398524
1494,10.755813953488373,27.110393976065616,15.454681280692556,96.42705231816248
1495,5.683563748079877,18.708010335917294,11.159251266680158,78.29457364341084
1496,42.84237726098191,92.42993661725212,70.0642942359456,165.51724137931035
1497,45.55028962611901,91.27510010272019,67.10429695232745,164.50381679389312
1498,44.283121597096184,38.23932490908503,13.979637605608147,99.47696139476962
1499,8.266932270916334,16.749703440094898,13.332926772396405,97.53882215060065
1500,35.22504892367906,93.10096631831348,72.8706840880776,55.11658031088083
1501,39.737108190091,94.72513474902907,71.30207292946092,32.12536728697356
1502,41.67093798052281,91.10267125099529,64.01694968877406,330.4347826086956
1503,47.57074212493326,87.90572957201674,65.28954812968549,248.24120603015075
1504,3.3070866141732282,23.854027592345346,8.741814482802463,43.624161073825505
1505,18.069201196070058,91.72391597669115,73.63419118443396,84.12734768666972
1506,4.9044914816726894,17.087344956197406,11.749033734849341,89.65517241379311
1507,36.42645607107601,93.39638214264343,72.58881875986792,49.52658412235979
1508,47.49199573105656,90.36643030480572,66.32947333204538,192.40506329113924
1509,2.848101265822785,0.5231689088191304,2.6650660264105603,48.466257668711656
1510,61.1661807580175,93.60839764323573,21.22026094351529,374.6575342465753
1511,9.595559080095164,93.49770118919132,73.15184744754325,87.52699784017278
1512,11.1003861003861,27.83944306508932,16.32378127572447,93.43236903831118
1513,1.2332439678284184,607.6023391812865,123.45563562352162,63.793103448275865
1514,2.8993147074327883,95.16129032258065,29.034132820707683,40.42553191489361
1515,17.774936061381077,658.7458745874587,304.83904902167046,1.2048192771084338
1516,77.42752143732136,1025.9133388299326,173.81440385667608,24.591947769314473
1517,3.0015797788309637,12.144455097475218,13.442888426786393,74.8502994011976
1518,5.441478439425051,18.10115350488023,4.5295397911869495,51.162790697674424
1519,5.246913580246913,14.29836210712704,4.218466198218727,92.77730008598452
1520,25.226013414989794,74.50054829497417,78.83480973498868,98.14074878167078
1521,58.12356979405035,43.127533192299495,32.50720506446001,138.1443298969072
1522,1.0741138560687433,2700.925925925926,216.57760896156563,22.22222222222222
1523,69.25903245560319,246.23903692678542,0.8153541762153077,1.0204081632653061
1524,46.86503719447396,74.78560584880273,47.10142630701508,696.551724137931
1525,3.509690937663698,1.8576661433804167,6.60041607207331,81.16591928251121
1526,48.57621440536013,29.435713106787198,18.046405338375553,99.21597909277581
1527,3.1545741324921135,12.620357634112759,5.146406388642418,92.5531914893617
1528,3.1545741324921135,31.204819277108488,24.168050828754943,42.06896551724138
1529,5.344295991778006,125.07440476190474,140.37150189417085,35.87786259541985
1530,52.501289324394016,29.595814086653448,18.135705767311393,99.54843565208043
1531,73.50910232266165,972.0786846509059,208.8576109668609,80.93994778067885
1532,46.63129973474801,92.21837341893611,70.79572696309296,90.38461538461539
1533,39.24433249370277,93.41131409114442,74.1275359983571,41.17147707979626
1534,44.939695857367596,92.0247805166213,70.33437437324612,118.61198738170347
1535,66.72086720867209,39.30873704102718,27.711732951547297,98.0295566502463
1536,428.0389329488105,405.3797909407665,155.25603663613657,45.53191489361703
1537,15.076071922544951,28.561369299100846,16.12083139182563,95.37190082644628
1538,37.23932472691162,92.96831028821416,72.57950009631766,49.52658412235979
1539,45.09186351706037,93.28603503756666,63.99398189796576,264.7368421052632
1540,76.8702928870293,0.0,99.3676128945849,95.8545193515583
1541,10.66925315227934,26.27591136526088,18.531762447815296,93.54838709677419
1542,3.459119496855346,23.72188139059305,5.864450246411973,71.33105802047781
1543,5.635245901639344,23.45647773279353,13.673279695625427,89.01960784313725
1544,3.2054650551760377,17.6388888888889,1.7282588711160147,86.34146341463415
1545,2.5912215758857746,7.774758454106287,2.468187274909967,73.91304347826086
1546,36.89945517582962,93.3383114239471,72.3617065562673,30.49147442326981
1547,21.18100128369705,57.96978907196234,67.38233686840562,98.15587266739846
1548,39.455095862764885,94.64658616199127,70.41440753590823,51.973684210526315
1549,2.073365231259968,38.90306122448978,25.45328654751146,40.0
1550,88.28393334181402,2964.4320297951585,57.52287885838374,87.61061946902655
1551,14.309346567411083,91.77871282406377,65.87680199502198,296.0
1552,44.863731656184484,91.17275523588992,69.32959341106658,91.96675900277008
1553,42.10796915167095,93.34824949617537,62.78903507369106,278.6885245901639
1554,1.6556291390728477,217.38625812441978,78.54794091549662,91.11111111111111
1555,7.250755287009064,18.33262037169066,7.841684006834737,88.33333333333333
1556,5.586878523833931,5.989583333333334,0.8670654240274331,82.99595141700405
1557,46.7870419543282,93.88274637310403,57.802244298581705,560.0
1558,30.070588235294117,89.73872045252482,73.38249043681822,26.43312101910828
1559,0.32679738562091504,11.154302991037667,5.20981119720613,75.93123209169055
1560,3.6610878661087867,4.894605216148613,2.1375264350673158,64.55696202531645
1561,6.211812627291242,18.803792851932887,12.296174751307563,88.26815642458101
1562,10.383386581469649,94.31168633362326,73.63673466525485,87.8421052631579
1563,367.38353541799626,73.8867473989425,128.26461138310898,68.03738317757009
1564,2.8993147074327883,2.483815563482652,3.427060578095005,71.52542372881356
1565,5.198147195059187,564.0986908358511,620.5084798896517,92.36363636363636
1566,4.261954261954262,40.62334918119387,21.290476688114893,22.93577981651376
1567,74.27490542244641,1008.6862494926442,159.47329577872895,30.508474576271187
1568,58.75933371625502,58.71327273488167,49.54572248932775,9.765625
1569,42.034943473792396,93.29838629899528,71.55751308088554,50.32537960954448
1570,95.81173260572989,83.08944768592623,35.84486862223956,99.17960738353355
1571,2.694136291600634,84.86111111111113,22.45500859132425,23.636363636363637
1572,4.212168486739469,107.7777777777778,89.11985846970369,2.3255813953488373
1573,66.70687575392039,38.128059422414225,17.998058773504365,94.1375518145673
1574,63.35786751541676,1567.6282051282055,25.12629247323125,60.93023255813953
1575,95.08561065377025,79.74169930581229,82.92386948575971,99.5075886766712
1576,45.168067226890756,92.05343047503595,69.11102213915242,84.30851063829788
1577,77.6349614395887,17.66717270558723,10.747887140673965,22.134831460674157
1578,45.01573976915005,82.83443598177315,74.24711900306603,25.563909774436087
1579,1.4973262032085561,39.08045977011495,50.683336397622114,22.22222222222222
1580,13.439849624060152,27.024412333786174,16.682232252880084,94.57364341085271
1581,2.4880889359449445,30.36238981390798,3.933789424860862,47.82608695652174
1582,0.8077544426494345,107.7777777777778,112.15228392815797,3.7037037037037033
1583,8.7667161961367,22.529011604641852,12.926666581151627,93.04059652029825
1584,8.7667161961367,196.60230929396175,236.34324551862295,93.53846153846153
1585,50.09482525060959,22.439271988978327,10.877950869383472,99.27341925438976
1586,54.845938375350144,74.45983848250819,46.95247943889828,38.942731277533035
1587,5.3929121725731894,193.55828220858893,223.99246395806034,93.53846153846153
1588,13.27683615819209,26.888217522658593,15.59903330476897,98.31562061359534
1589,2.2765130483064966,3134.653465346535,1608.4434423647608,93.42208300704777
1590,2.7968337730870716,33.59621451104097,20.409645339617324,25.0
1591,4.658385093167702,279.6078431372549,29.50330817258409,32.25806451612903
1592,31.549609810479375,18.54592469609359,16.735412523511478,98.86194282617532
1593,30.673692133985696,17.134145615226117,18.47814967403537,98.81790036588798
1594,65.60814859197124,7.3454908893076185,64.73522641041825,7.109737248840804
1595,4.855371900826446,2.901234567901233,13.212353665168727,63.94849785407726
1596,19.861286254728878,94.39977697240035,39.69157530441344,94.7731755424063
1597,28.438228438228435,140.0290866783013,85.77580240837848,96.1467889908257
1598,2.848101265822785,2.253401360544213,1.9176071199192821,61.46788990825688
1599,34.37044239183277,90.60232986211241,48.27360992169729,64.01869158878505
1600,1.9169329073482428,17.33333333333334,16.3002701080432,47.16981132075472
1601,19.60190393768931,93.6672527235759,73.60890163920692,82.57918552036199
1602,1.1802575107296138,200.73099415204686,127.64862466725819,7.6923076923076925
1603,99.37626980902073,90.12931857008878,22.930088843187157,99.06956136464333
1604,5.1004636785162285,132.2222222222222,79.38454704735584,7.6923076923076925
1605,2.021276595744681,0.819672131147512,3.359922649262744,44.370860927152314
1606,39.20792079207921,29.81204199843091,19.056135414602405,98.83187317480183
1607,3.256302521008404,81.75965665236045,102.94257237778832,6.666666666666667
1608,9.85691573926868,93.81181961178368,74.00768057217545,87.85063113604488
1609,0.2707092582566324,326.84049079754607,184.7268463329944,94.24263193968471
1610,3.7114479874542603,34.65818759936404,28.3313325330132,17.647058823529413
1611,4.658385093167702,302.4877707896576,358.67472464270895,92.91139240506328
1612,10.755813953488373,25.010136113524467,14.520532517444796,94.55252918287937
1613,3.610675039246468,68.42490842490847,44.38933794820927,16.831683168316832
1614,38.06193806193806,94.22492403898957,71.62624264645908,3.74251497005988
1615,23.983253588516746,98.20131903270935,80.0633459402913,1.8518518518518516
1616,3.0015797788309637,1.843657817109145,2.549550079397756,51.445086705202314
1617,66.90821256038647,0.0,32.99961492212546,22.43816254416961
1618,44.863731656184484,92.50500742830755,71.08918448772657,56.43340857787811
1619,15.39638812366085,95.29807763383835,77.59356197444036,96.00184618934979
1620,2.177376526818906,212.2580645161291,124.30494841755547,26.956521739130434
1621,27.82131661442006,11.72524653003185,21.440520184807436,98.21731748726656
1622,4.953560371517028,590.7109496626882,220.89287710166226,98.77960191776842
1623,9.617271835132483,25.113742807440108,15.67226444575919,91.14857744994731
1624,9.79431929480901,41.463919966850185,61.59480425068292,95.81047381546135
1625,82.44224422442244,0.0,29.989480016374475,355.92105263157896
1626,0.10869565217391304,9.27334877053697,6.920825435523738,81.33333333333333
1627,10.146341463414634,25.105123288592857,17.826326918102403,95.62043795620438
1628,16.53828726778432,28.329351941103333,17.161907829648197,96.37618636755823
1629,35.62315996074583,93.08724145024647,72.64892650563145,45.604395604395606
1630,43.958333333333336,92.4245562698569,71.45324912934281,29.775280898876407
1631,45.09186351706037,92.83735091519983,66.9114973998351,395.0
1632,2.8993147074327883,18.955453149001546,9.364471804279189,55.080213903743314
1633,8.449304174950298,0.3203316374599677,16.289964908175076,93.4375
1634,17.168291649003812,90.633671668324,73.58449320709273,84.06896551724138
1635,28.85780885780886,93.50479285131445,72.9778194456433,63.07938199254129
1636,32.37547892720307,93.49745986557323,72.98014371737439,66.82623264719962
1637,40.590030518819944,93.08773689486135,71.52411488439446,9.647979139504564
1638,3.3070866141732282,4.677498769079266,4.454044391479203,83.68932038834951
1639,3.2054650551760377,34.11330049261082,25.165384570351375,63.63636363636363
1640,15.813528336380255,28.56805516199111,17.000384568749606,95.54140127388536
1641,78.78395860284606,1468.8956360744962,4.858281841068875,163.49809885931558
1642,2.8993147074327883,102.44530244530242,159.52507397010848,31.70731707317073
1643,33.397683397683394,94.68062345611996,73.70662125218476,54.8828125
1644,565.5065879145843,93.2843878999388,103.0852306404937,90.81262592343855
1645,2.332979851537646,44.47761194029849,51.02347936917431,23.636363636363637
1646,4.012506513809275,3.9124539996126244,3.7289527209847675,61.29032258064516
1647,26.32,28.12929848693259,17.5191626158486,98.62430396331477
1648,46.7870419543282,80.64349539908089,64.52311225380653,614.4329896907217
1649,3.6610878661087867,14.651393013718,11.509439969435501,74.31192660550458
1650,0.5936319481921208,3.167722574191393,1.5568581961372756,94.94584837545126
1651,1.9691325172964342,198.76543209876544,90.39703153988864,30.0
1652,1.339046598821639,278.71674491392804,108.65122420276127,14.285714285714285
1653,41.09239407861154,92.83459605016722,72.6322585804571,10.116731517509727
1654,2.4880889359449445,355.3763440860215,85.8790152832433,16.831683168316832
1655,1.3758943313153549,19.343800322061234,20.03129610052975,82.64462809917356
1656,2.021276595744681,148.2051282051282,60.20628553797327,14.285714285714285
1657,2.9504741833508956,1.576576576576574,8.733129034361335,57.360406091370564
1658,3.052631578947368,3.9184111647879827,11.786135941980076,73.07692307692307
1659,17.250159134309357,161.41975308641975,176.05896488648182,14.285714285714285
1660,93.69306236860547,69.88543020643523,76.2869023323042,89.86545773618016
1661,37.1712158808933,93.41221366869678,72.63555569065855,50.10799136069114
1662,12.160228898426324,27.306536976112135,16.577489828042395,93.58288770053476
1663,38.96430367018603,93.75411102623303,73.10367839204606,60.51282051282051
1664,2.694136291600634,4.607046070460699,1.6824445395874028,50.877192982456144
1665,57.16279069767442,15.136459127330856,17.733767689337956,99.64269003360415
1666,3.8622129436325676,2.243589743589743,0.583828468096096,63.47826086956522
1667,13.358419567262464,27.742405326674994,16.370381502747378,94.1747572815534
1668,3.761755485893417,109.80848861283641,14.419962312021969,90.02375296912113
1669,8.095424325381305,93.56134385553399,73.2622157387001,87.77993299241757
1670,3.0015797788309637,2.550335570469785,1.4746543778801862,60.18957345971564
1671,42.84237726098191,92.94157382543172,65.31699596600063,314.97005988023955
1672,4.460580912863071,0.0,5.187629158573478,85.4419410745234
1673,77.5208734746307,198.83726401418974,157.4113694615894,36.30514705882353
1674,8.129675810473817,23.736709415762352,12.687919548737833,87.17557251908397
1675,4.5595854922279795,33.680555555555564,10.504800538788036,50.0
1676,10.05859375,4.804787129684124,7.761620323905636,98.31899139483691
1677,15.504587155963304,28.387598375222133,16.553872438196365,95.53191489361701
1678,42.54770500257865,94.61931099541238,70.83278616735996,23.75
1679,1.6550987720234915,196.37912673056445,122.66967540357577,27.586206896551722
1680,15.543328748280604,27.967837952761997,16.74199709913996,95.10204081632652
1681,0.10845986984815618,4.6849087893864,6.403803595897789,95.35655058043118
1682,4.5595854922279795,8.597122302158267,5.061821411282536,89.97613365155132
1683,82.8042328042328,0.0,8.580459865234177,2.3943661971830985
1684,2.1253985122210417,27.7403414195867,27.996700635925816,62.66666666666667
1685,45.473684210526315,89.37401362021258,68.23662266383998,76.33587786259542
1686,16.877256317689532,27.517709659517507,17.714759400638734,95.77677224736048
1687,0.5458515283842794,48.529100529100496,13.208104218179152,80.86560364464692
1688,32.05924510272337,93.82644059700964,72.90534071232727,67.60168302945301
1689,10.23391812865497,29.734334793796503,294.4929387552338,98.81773399014779
1690,4.5595854922279795,14.277137367915465,1.9297624412541075,71.71717171717171
1691,1.812366737739872,0.0,101.50070685467793,12.0
1692,4.756980351602896,80.43859649122813,57.7083845586427,1.2048192771084338
1693,38.89447236180904,92.1350242960748,73.50711196928778,47.69811320754717
1694,3.761755485893417,7.060185185185186,2.1812956316091414,79.46210268948656
1695,2.384737678855326,25.529995489400125,6.606831214161048,70.52631578947368
1696,2.384737678855326,3.5856573705179278,17.472527472527457,49.39759036144578
1697,1.812366737739872,22.33455882352942,16.554264963201987,50.29585798816568
1698,14.325581395348838,28.666706365747626,17.46501528068201,95.26493799323562
1699,12.452471482889733,27.791356063383432,15.790542241568339,94.36619718309859
1700,2.848101265822785,15.238095238095244,7.460461891763065,70.0
1701,3.0015797788309637,6.606488749345861,6.973584271935816,78.68020304568529
1702,70.82818294190358,1782.6747632893962,1.5976705282052206,233.1730769230769
1703,2.8993147074327883,3.0976125717739422,0.8614264013511097,92.95892707460185
1704,54.49972051425377,90.72042471097616,63.314921030251945,229.99999999999997
1705,48.547486033519554,29.874460572773643,18.071610970808518,99.14294459749006
1706,37.85536159600997,90.77531296383816,70.1227831081555,111.28048780487805
1707,4.261954261954262,15.646785437645235,8.594565367736745,70.0
1708,37.37574552683897,93.30518342463796,72.22350185105005,52.206896551724135
1709,21.863117870722434,70.80422408665203,76.24238548245263,5.847953216374268
1710,44.183620239958266,91.1161062509938,70.84375423057932,64.21800947867298
1711,46.088794926004226,92.2702601455914,70.8681010442357,99.71181556195965
1712,82.32189973614776,142.05818385149368,3.1641330813018413,99.71181556195965
1713,39.66649823143001,88.83235671151584,75.5965785282159,48.96907216494845
1714,44.863731656184484,93.08247074041228,62.91568800639739,296.0
1715,54.15629666500747,18.134305330556188,17.780422181819418,99.56458635703919
1716,3.1545741324921135,29.348882410106903,35.94743535396354,24.324324324324326
1717,7.49665327978581,94.93484886705997,72.8113022685084,97.05244353706776
1718,43.80853277835588,92.31726363777952,70.66521799319163,34.30232558139535
1719,46.65508253692441,29.202438334815923,19.55255547409728,99.03791089222311
1720,21.816638370118845,28.087167070217923,17.273560975376245,97.45839636913767
1721,3.2054650551760377,8.173690932311631,10.377734842499661,68.30188679245282
1722,4.0625,11.136091127098311,8.977599028959125,66.12903225806451
1723,4.658385093167702,5.753823743627109,8.112472812992449,88.6178861788618
1724,5.441478439425051,10.712468193384241,0.4873222016079335,89.81818181818181
1725,20.12168622338114,92.5455645685371,73.73386786337569,83.26491185703937
1726,5.1004636785162285,2.2222222222222165,1.9870690336552872,50.29585798816568
1727,2.332979851537646,36.40789136561621,23.673610474262286,60.56338028169014
1728,5.149330587023687,2.1777777777777674,3.6205496319195403,53.84615384615385
1729,0.5936319481921208,8.45394736842104,0.37382850135762186,83.87715930902111
1730,3.256302521008404,0.0,7.369865239328799,66.26506024096386
1731,3.408495018353435,262.5468164794008,98.33024118738403,1.2048192771084338
1732,45.24435102469784,91.86717625032071,68.54672241589078,157.62081784386618
1733,44.939695857367596,92.01704193482342,67.24841237692077,192.40506329113924
1734,36.2247412518482,94.23502915878137,74.06218229028639,33.557046979865774
1735,8.403779214321233,18.017434835145867,15.132874582886242,92.66375545851528
1736,64.71264367816092,48.13948957724527,28.347415024782574,95.72736520854527
1737,2.4364406779661016,274.52380952380963,74.53061224489795,7.6923076923076925
1738,465.7705677867904,89.16905155274286,154.10746003552399,14.000000000000009
1739,40.020263424518745,93.2892344795258,72.69714459732711,0.1445086705202312
1740,73.94587791063562,69.33267171439603,0.7805693344892715,71.81781211874745
1741,10.146341463414634,18.340352013821402,18.250333993642617,93.26923076923077
1742,15.407098121085594,92.74600615903829,74.04566909516134,83.65566037735849
1743,7.622868605817453,24.320943531093647,13.54052971708114,94.58762886597938
1744,15.341264871634314,0.0,97.9213128550389,33.33333333333333
1745,13.830508474576272,96.95588235294117,65.50849852638379,15.873015873015872
1746,109.64362387290687,90.92669044635112,101.93323263526099,95.02906976744185
1747,4.9044914816726894,18.322894919972153,9.018831413162273,82.71604938271605
1748,2.5912215758857746,3.098373353989134,4.853662395190638,52.54237288135594
1749,32.00492004920049,188.75005286507266,64.40380887476347,70.83333333333334
1750,47.33475479744136,87.85371120458456,56.885577293285806,330.4347826086956
1751,46.01162176439514,86.63533347047651,59.593246352161565,482.35294117647055
1752,10.71255453223461,23.402571711177046,15.778488842201272,96.28482972136223
1753,3.2054650551760377,72.59759759759761,82.24941082083939,6.666666666666667
1754,82.9252150893448,464.8024289868186,37.299865029216235,41.86241610738255
1755,2.4364406779661016,23.72188139059305,41.421373125036496,28.205128205128204
1756,2.5912215758857746,6.364867479202942,4.458632369155997,56.476683937823836
1757,3.0015797788309637,3.1254811393379685,2.507979936160512,66.26506024096386
1758,4.162330905306972,5.99530929346233,1.4060564411852408,68.53932584269663
1759,14.840499306518723,26.874409820585456,16.232448684818163,95.37190082644628
1760,6.211812627291242,10.336598844511423,6.343015458866666,70.93425605536332
1761,5.489994869163674,0.5192107995846373,2.9666722137335366,82.71604938271605
1762,0.16260162601626016,7.746264104910025,4.53507297241182,93.73601789709173
1763,48.044991965720406,90.7076429268315,64.01929302180204,200.0
1764,81.96181698485846,12.83913132919465,3.425424639880141,88.8283378746594
1765,4.658385093167702,57.288765088207995,14.766841953537355,45.45454545454545
1766,40.16227180527384,91.66014709840495,72.37224024536087,18.278301886792452
1767,1.9933554817275747,0.9549795361527889,3.9622780520150283,74.15384615384616
1768,0.43620501635768816,3.526525605642466,3.6936936936937155,67.56756756756756
1769,3.509690937663698,161233.33333333334,3277.458802774548,91.60000000000001
1770,2.073365231259968,186.31687242798353,112.066357527215,27.586206896551722
1771,88.3284754783931,5426.335174953961,0.3216933190358508,93.23126510878323
1772,0.32679738562091504,9.768829231916481,0.2086446457743413,80.28169014084507
1773,9.643674403399805,96.02926621204904,75.96991888198063,96.3741955736933
1774,33.33333333333333,93.38751309495325,73.24544959061802,51.908396946564885
1775,44.78784704033526,93.11362602486385,69.42300496639146,131.77257525083613
1776,53.130193905817166,88.225637039207,70.91260621375115,84.30851063829788
1777,2.9504741833508956,0.08271298593880533,6.046742329806886,62.66666666666667
1778,4.212168486739469,732.3638042474606,481.94287669412506,98.80749574105621
1779,42.32749742533471,83.58725163040974,32.38611414455134,56.87616677037959
1780,42.47422680412371,91.515388158361,71.22346677893961,84.30851063829788
1781,4.411001556824079,16.146916146916144,11.027381467880625,58.415841584158414
1782,3.912363067292645,3.967652261814486,4.408509833883413,50.877192982456144
1783,13.072203869749883,28.23521988769008,17.237676224885224,95.32033426183844
1784,2.9504741833508956,5.3976845587129905,1.039697542533042,69.56521739130434
1785,15.79388353581902,93.50993630305044,73.87984665053293,83.62476370510396
1786,12.043795620437956,100.48732943469787,139.73985198474995,12.0
1787,101.75182481751825,71.3207570271069,74.68266789377897,82.96460176991151
1788,8.902077151335313,26.523016650342797,15.803495437295506,91.74041297935102
1789,45.09186351706037,92.6638146609743,66.09941854969487,192.40506329113924
1790,57.61619880349747,27.201676477317626,18.517617641371796,99.6606334841629
1791,1.549973276322822,106.24999999999996,105.49130170121421,8.695652173913043
1792,17.39910313901345,21.664847057020804,17.243858384307977,98.19665092314298
1793,231.09855334538886,57.190050712388306,83.56349206349206,4.427480916030543
1794,36.023622047244096,94.20867683956918,73.47007668767483,56.46984924623115
1795,7.5765178123432015,23.18840579710146,11.350066342326413,84.32835820895522
1796,14.085820895522389,27.629794055987173,16.818416894806028,95.56259904912837
1797,25.237879474399637,93.30802809257324,72.88296833078029,74.99097798628654
1798,3.56020942408377,1.966292134831426,11.633249791144515,50.0
1799,52.87797390636991,20.751988430947225,19.87438155803649,99.00591715976331
1800,2.5396825396825395,28.04232804232805,30.936469910117655,71.42857142857143
1801,0.10845986984815618,544.2719298245614,370.632110929592,97.94971930680985
1802,2.2811671087533156,1.9806152549515514,10.247714246048261,84.61538461538461
1803,20.751419833988642,93.27661461799488,73.09821547145245,82.0
1804,4.212168486739469,14.040952778938568,4.914387369357376,67.56756756756756
1805,1.4973262032085561,9.601449275362334,18.343280708509813,83.65758754863813
1806,2.9504741833508956,64.14728682170545,50.594079593690324,92.28650137741047
1807,3.962460896767466,31.114551083591337,20.409645339617324,22.22222222222222
1808,3.0015797788309637,5.9973045822102495,5.07049549399975,79.0
1809,35.88987217305801,93.97745760887933,72.9017108222858,53.396099529253526
1810,11.3997113997114,26.352949360044526,15.413667352468519,97.48427672955975
1811,47.02127659574468,90.41407961665277,64.45981800029685,241.3793103448276
1812,3.1545741324921135,3.8102447640676163,14.531096096355563,81.12359550561797
1813,413.2375613174493,91.10466351461125,140.27157300728896,50.61371841155234
1814,34.1747572815534,93.50202693364494,73.16656901911051,68.22558459422284
1815,2.5396825396825395,17.4021909233177,12.0002841249617,80.41958041958041
1816,11.739338763775754,27.54318160129782,15.556267587090812,93.9306358381503
1817,4.420098224404987,93.96201374723225,73.50526014895364,88.5036496350365
1818,3.509690937663698,6.485242350392639,19.775910364145645,73.91304347826086
1819,3.1545741324921135,4.305799648506155,22.563632194450804,52.27272727272727
1820,6.020408163265306,6.754306436990043,0.9726725335803819,84.44444444444444
1821,3.8120104438642297,14.28038777032064,7.272673261444303,77.4798927613941
1822,5.198147195059187,432.13393303348334,479.11828056963105,96.17834394904459
1823,52.635638981743384,26.54151304732995,17.763126817779995,99.54624027657736
1824,4.9044914816726894,6.843267108167776,0.30494956603330586,50.0
1825,3.3578174186778593,13.261648745519707,7.383519445514078,81.53846153846153
1826,2.384737678855326,0.0,63.251423018186856,12.0
1827,11.568746214415505,236.11111111111111,66.36366851766702,7.6923076923076925
1828,47.413333333333334,92.12569490639416,67.63081267375173,246.5
1829,20.540776275621457,94.47365630154711,73.65866192665271,82.57918552036199
1830,9.119621002763521,93.6335667323145,73.22423340490994,87.82287822878229
1831,18.224852071005916,85.46827510231506,75.23596651744143,98.39296894928461
1832,14.005602240896359,27.08347599808258,15.805689420526456,94.58413926499033
1833,5.489994869163674,19.944664982557438,10.518564876837148,84.72727272727273
1834,2.8993147074327883,7.671957671957677,8.116308470290775,57.78894472361809
1835,1.9691325172964342,25.727348295926866,32.04618689581096,25.0
1836,14.04573028464769,28.308258513305816,16.424056585145138,95.0354609929078
1837,1.9169329073482428,5613.88888888889,62.80840694486749,5.0
1838,46.24338624338624,85.69907463095635,57.52823289792314,296.0
1839,40.661577608142494,93.583833944681,71.82853779246207,12.055837563451776
1840,5.441478439425051,2.4634334103156252,5.181164470609451,49.39759036144578
1841,1.7075773745997866,42.658092175777035,15.301864834946482,17.647058823529413
1842,49.14411927112093,30.143104068507448,18.108535585978018,99.17550058892816
1843,23.12186978297162,108.35636950011518,68.02460887110114,95.53191489361701
1844,12.784090909090908,27.99449385853452,15.902661710603214,94.16666666666667
1845,17.92573623559539,0.0,239.11388389552712,2.4390243902439024
1846,22.86401925391095,38.018912212460584,61.21248142644875,68.41004184100419
1847,24.62787550744249,0.0,108.67790594498668,12.0
1848,2.177376526818906,182.16735253772293,38.078016016533184,2.3255813953488373
1849,21.716957076073097,16.99808854359352,16.354321818649517,98.20551164281136
1850,52.370452039691294,91.10959139557785,68.54357953411426,126.47058823529412
1851,17.81756180733163,92.70136438382049,73.58796912509672,83.32932403175367
1852,21.516829995739243,13.097615910925997,17.48134914443528,98.56213625470728
1853,11.823839157491623,23.025738520035095,12.899478647677043,95.79158316633266
1854,13.27683615819209,24.27708243418214,16.908481704091187,95.18072289156626
1855,3.962460896767466,452.6442307692308,517.637429303272,92.89940828402366
1856,15.659340659340659,27.223159078133758,16.227407002524153,94.85294117647058
1857,27.99061767005473,384.0691527361052,132.02432340543263,97.35765964139667
1858,14.603616133518777,28.557191478159496,17.189423598444936,94.93975903614458
1859,96.16749467707594,8.072521323759986,68.21848561459053,71.0163111668758
1860,12.535612535612536,26.080360803608027,17.542391716455967,94.42601194426013
1861,45.473684210526315,92.54597095982705,63.9056816956947,229.99999999999997
1862,7.669172932330827,23.918769649078104,14.108950666880924,90.35591274397244
1863,3.7114479874542603,11.748281786941586,2.2141213732930907,60.747663551401864
1864,38.54636591478697,93.18044855697156,72.41962337348139,25.723472668810288
1865,45.320715036803364,93.03256320559046,70.27071925289901,117.24137931034481
1866,3.3578174186778593,18.83304448295785,17.567339843368902,46.835443037974684
1867,2.7455121436114043,10.95415117719948,8.73213650002545,56.02094240837696
1868,1.8646776771443794,36.466165413533815,27.954994314441308,42.465753424657535
1869,44.40961337513062,93.68891761729931,69.39670172243578,215.0
1870,2.848101265822785,0.9672619047618973,13.047408683490113,46.835443037974684
1871,2.384737678855326,5.638872225554901,7.28183864940347,64.40677966101694
1872,45.55028962611901,89.16035742348531,43.975033062748835,670.0
1873,51.53508771929825,91.56507722540593,67.27733388036081,105.02958579881656
1874,68.43388177940281,55.72441763225348,15.145817339539292,25.09025270758123
1875,12.867647058823529,0.0,75.88356272741657,9.090909090909092
1876,5.538461538461538,5.634920634920647,0.46422697701549787,48.148148148148145
1877,3.912363067292645,12.285964254468192,7.540130288293315,70.93425605536332
1878,2.177376526818906,86.15384615384613,45.766101540839045,15.151515151515152
1879,62.67477203647417,1417.6975945017182,17.91419270410868,76.47058823529412
1880,44.78784704033526,88.77818802257582,64.01486080857487,398.5611510791367
1881,90.09628610729024,0.0,20.18895033299088,32.25806451612903
1882,6.781376518218623,13.143261550904867,6.877418458877525,83.59375
1883,12.160228898426324,27.45597885096539,16.54461368747083,95.91836734693877
1884,35.62315996074583,93.542753590035,72.71555561945526,53.207292370020255
1885,12.82536677709418,27.442373653786184,16.332075878251302,93.58288770053476
1886,66.69683257918551,0.0,157.35076872572085,21.73913043478261
1887,2.1253985122210417,38.21391484942887,25.41912377659081,29.411764705882355
1888,1.7075773745997866,10.907424381301563,1.2097622554176195,47.16981132075472
1889,14.409937888198757,3177.083333333333,103.89090215525462,23.52941176470588
1890,16.361339229311433,5613.88888888889,182.1076706544687,42.465753424657535
1891,3.962460896767466,10.827664399092928,0.8614264013511097,66.66666666666666
1892,76.30518645520789,0.0,99.32257272245842,93.03027255355526
1893,2.5912215758857746,5.685465382851898,5.098076526647953,50.0
1894,7.530120481927711,24.333877107123428,13.070988593212302,87.96561604584528
1895,35.75638506876228,94.34493004920951,72.72216506444032,68.22558459422284
1896,9.79431929480901,35.253068542270015,12.215339604004049,91.54078549848943
1897,1.7075773745997866,67.42138364779876,55.39276629114628,22.22222222222222
1898,4.8062015503875966,0.25808204292312287,4.392803350050486,72.0
1899,4.658385093167702,18.932172952065198,9.84989036937089,83.06451612903226
1900,91.54539154539154,73.49858617397464,76.75846997500771,95.8345855623009
1901,2.848101265822785,42.12698412698418,8.887191240132418,53.333333333333336
1902,236.49896623018614,29.673623334171484,79.37675070028011,71.5
1903,2.384737678855326,8.173690932311631,2.184199206614719,47.82608695652174
1904,1.549973276322822,36.02150537634409,34.55003146633101,22.93577981651376
1905,6.259541984732825,15.291835357624805,7.8183386030468744,79.51219512195122
1906,1.6550987720234915,0.0,112.84221005475361,4.545454545454546
1907,46.63129973474801,92.42166570268789,68.69145578280069,225.35211267605635
1908,6.116207951070336,13.053036548502334,3.5294485187875266,50.588235294117645
1909,39.66649823143001,95.21860377577296,72.10595083939438,17.005988023952096
1910,36.29191321499014,92.814425448328,72.84217190935837,50.464617583988556
1911,6.969696969696971,18.20870299957752,6.982097344532014,88.33333333333333
1912,70.82818294190358,645.2254271353859,12.531262691737988,90.79192133935689
1913,4.361370716510903,12.69166344543228,5.379271184742334,69.23076923076923
1914,3.256302521008404,2.1939953810623565,12.018708547915088,61.29032258064516
1915,6.354855109303507,17.825183764781094,10.236455469534452,80.77803203661327
1916,34.04461687681862,93.32936779276227,72.92845316160678,61.34969325153374
1917,2.8993147074327883,0.5111111111111049,5.8677890566971955,55.55555555555556
1918,3.962460896767466,11.05610561056105,8.099723405845861,65.14522821576763
1919,4.311688311688312,257.1180555555556,40.91283572252429,81.29175946547885
1920,95.66026622688184,87.65025239327854,42.55245657374863,99.55529673354863
1921,4.112441436751692,106.83760683760686,32.029641827912705,24.324324324324326
1922,10.383386581469649,93.51600752880567,73.25967324078218,87.74102246594728
1923,44.56066945606695,92.92001009164653,70.31867279949412,123.5483870967742
1924,93.74476656030055,93.2956479725229,93.00398175025182,99.1847921984731
1925,0.43243243243243246,764.2857142857143,226.88958319484138,22.93577981651376
1926,11.014492753623188,11.648645289584852,13.767266098941382,93.05210918114145
1927,35.35749265426053,95.37538004701163,72.65504523711812,52.33837689133425
1928,33.33333333333333,94.15923031037416,73.09338935171165,52.37113402061856
1929,6.068332483426823,6.260469011725298,2.2398547557408515,74.15384615384616
1930,1.76,104.6766169154229,37.6424386789416,11.578947368421053
1931,20.213433772755806,98.30297316407959,80.41482135579405,41.75824175824176
1932,42.84237726098191,0.0,72.41838278021652,16.666666666666664
1933,5.489994869163674,20.08317025440312,9.290010741138579,78.89447236180904
1934,49.81029810298103,92.89288500079503,70.30557223289247,156.66666666666666
1935,1.9691325172964342,35.19553072625701,45.44217687074829,22.22222222222222
1936,3.408495018353435,6.427604871447907,6.985299089814852,63.63636363636363
1937,2.7968337730870716,0.0,12.20741051747664,50.877192982456144
1938,59.21658986175116,66.13894310630583,45.09279208904231,95.2112676056338
1939,13.27683615819209,27.96817625458995,16.34904640098035,94.8780487804878
1940,4.5595854922279795,47.417153996101376,14.560618768055155,35.38461538461539
1941,1.6550987720234915,116.07142857142858,38.15088040493244,14.285714285714285
1942,52.21789883268483,270.07978723404256,191.02914436058148,76.92307692307693
1943,58.75933371625502,40.63638133772176,51.80205050251189,241.3793103448276
1944,18.22849807445443,0.0,202.5197278911564,18.30985915492958
1945,7.390648567119156,11.53387048642196,4.5726061480897435,89.55223880597015
1946,9.08193484698914,24.299299299299296,14.879994821084672,93.51351351351352
1947,56.77071110068059,8.506014188655586,18.58808966436763,99.70787689097548
1948,1.9169329073482428,44.65541490857949,143.3047568469767,7.6923076923076925
1949,10.190151145782544,320.35828256454886,178.0075354891091,98.8432938584412
1950,39.52549217566885,93.54578566501661,72.40519387211116,29.573170731707314
1951,11.014492753623188,42.234245703373645,14.064194014987317,93.20388349514563
1952,16.877256317689532,28.35180356366797,17.311803580874308,95.23269012485811
1953,31.517094017094017,64.86993562273472,73.88680624731548,98.12166040553468
1954,12.086513994910941,317.2227955275034,65.34607229524366,42.67990074441687
1955,11.950286806883364,27.03096809273128,16.926296510071865,93.47319347319348
1956,4.311688311688312,21.208374546653477,8.379757684366357,78.73417721518987
1957,2.7455121436114043,9.369488536155217,8.652740257308693,61.29032258064516
1958,55.75306269517175,17.221538585273663,16.283063128437433,99.60466867469879
1959,52.659984579799534,25.190471297757945,15.914493672554281,99.69795037756202
1960,52.15584415584416,87.21498371335505,351.8050364920657,73.83177570093457
1961,5.198147195059187,23.06187331865982,11.016082930222998,84.64351005484461
1962,37.1712158808933,92.59101195653355,72.82852594669926,46.855828220858896
1963,4.70770822555613,21.62775616083009,0.39042459761919096,68.77323420074349
1964,3.7114479874542603,57.8604044357469,40.08594939392188,13.402061855670103
1965,3.103629668595476,26.041666666666675,9.41521562753544,64.70588235294117
1966,13.195098963242224,26.649233329371206,16.46501045964805,94.64627151051626
1967,10.075667064914377,93.57971178151739,73.16948581715621,87.66025641025641
1968,4.953560371517028,13.544579061820434,9.252523258396476,67.6923076923077
1969,39.10743801652893,29.3746399647589,18.0928602866836,98.82105263157894
1970,2.5912215758857746,5.830903790087441,11.187455677251592,50.0
1971,2.8993147074327883,107.09046454767721,21.20181405895691,42.857142857142854
1972,44.863731656184484,81.99627958603037,57.10667689690998,824.0
1973,41.889117043121146,95.26140971161709,71.68169342686114,6.097560975609756
1974,44.636316064887495,92.69128760139003,69.58473452689981,91.4364640883978
1975,4.361370716510903,18.257225927826227,8.710760284843449,79.41176470588235
1976,4.162330905306972,32.81223304288397,10.110500422132636,81.45695364238411
1977,45.857519788918204,89.41723011079598,64.60463083778215,173.91304347826087
1978,7.674328009349435,93.54113940619912,73.26707362214731,87.83143107989464
1979,61.260210035005834,68.19225285766774,20.985983757465743,272.5806451612903
1980,1.9169329073482428,63.14606741573044,55.460759125502925,2.3255813953488373
1981,3.103629668595476,5.854643337819657,14.456445463687068,57.78894472361809
1982,34.9609375,94.09860482038735,73.45969930310294,41.81360201511335
1983,47.09952102182012,92.5781546782284,68.66274589368933,255.38461538461536
1984,30.31588873173032,95.96615794632886,76.9650513540369,96.6563736369777
1985,8.540218470705065,145.43221614769038,192.96871614888,95.17518667432509
1986,3.3578174186778593,26.177633944624247,0.5418630094503255,70.0
1987,22.605042016806724,11.375208267794545,17.88292331065433,97.91304347826087
1988,4.6090108751942,14.57641196013289,2.596810933940771,74.15384615384616
1989,43.958333333333336,91.6954022124812,69.93522230960072,210.76233183856502
1990,5.149330587023687,16.483962647178224,11.218580404457903,76.0
1991,11.823839157491623,25.427784222737813,15.68246178115433,93.52850539291218
1992,6.875631951466127,23.146451691706332,11.697352091440766,86.62420382165605
1993,36.89945517582962,89.29538158755142,21.147608704412214,52.82505105513955
1994,5.441478439425051,16.954182897421617,10.009996550897666,76.66666666666667
1995,3.3070866141732282,18.39910170035291,11.684038473180236,82.85714285714286
1996,82.08168642951252,1782.6747632893962,5.136567103244402,62.676056338028175
1997,35.54083885209713,696.7078189300412,103.57380899482654,12.0
1998,5.3929121725731894,20.25667707249394,14.290507491562868,85.92964824120602
1999,3.2054650551760377,0.24732069249792493,2.193305715810619,74.31192660550458
2000,1.7075773745997866,940.8602150537636,41.98360195141886,1.2048192771084338
2001,39.66649823143001,92.88021429334101,71.52940881427833,18.757327080890974
2002,4.212168486739469,36.09406952965234,32.823905818034966,23.636363636363637
2003,46.553552492046656,85.3374239619206,45.44270307063111,330.4347826086956
2004,6.116207951070336,9.071390230810493,5.185296750926695,69.7841726618705
2005,4.261954261954262,29.75871313672925,8.56465809072444,68.06083650190115
2006,4.6090108751942,17.47655583972719,5.717188407091473,79.15632754342433
2007,1.4446227929373996,34.05587668593451,70.9488272921109,22.22222222222222
2008,88.3136657784545,3487.9345603271986,61.22659916679849,88.42975206611571
2009,6.828528072837632,3.4946236559139936,11.445630883932525,50.877192982456144
2010,1.4973262032085561,11193.333333333336,50.45742434904996,16.666666666666664
2011,2.021276595744681,1436.5079365079366,1297.0547847909468,91.93857965451056
2012,8.08383233532934,24.229287090558735,15.042591969712364,89.68058968058969
2013,61.1661807580175,37.67400897786247,55.05804056959821,7.104557640750671
2014,2.177376526818906,57.63701707097938,50.146775847296944,35.38461538461539
2015,3.459119496855346,16.98192517864649,27.47919885085508,63.63636363636363
2016,3.1545741324921135,11.301160659743427,10.260046679937163,81.6593886462882
2017,4.003021148036254,96.28825700021706,65.66237942122186,1.8518518518518516
2018,2.848101265822785,22.22222222222223,16.311827324589768,57.78894472361809
2019,52.10569777043765,1403.9548022598872,83.85804475952763,66.79841897233202
2020,28.081556997219646,93.42243637476658,73.13905186454492,74.39970446989287
2021,7.622868605817453,26.168353903758145,15.51837945860837,94.36241610738256
2022,41.743589743589745,94.29266909771239,70.74190848350716,47.76119402985074
2023,47.177848775292865,90.27438268012547,67.0624586317481,497.4137931034483
2024,5.051546391752577,4.51936872309899,3.5294485187875266,50.0
2025,3.56020942408377,11.101836393989965,2.055594142073904,56.25
2026,10.799031476997579,26.436993367722906,15.760441292356195,93.23126510878323
2027,4.012506513809275,16.92061700526711,7.053154295021326,77.23577235772358
2028,4.0625,0.9595327492699195,3.757247579883009,61.29032258064516
2029,3.256302521008404,5.9280855199222495,19.015595679538848,45.45454545454545
2030,3.103629668595476,9.786130913804275,11.039051836068841,63.63636363636363
2031,17.31748726655348,93.41472737863468,73.76466571232356,83.91364902506963
2032,478.05051302288877,92.93711360688116,111.62530182020802,99.02564102564104
2033,41.961992809450436,92.80752280144752,72.04077687669461,11.235955056179774
2034,2.5912215758857746,29.160601649684615,1.1617337600079563,28.205128205128204
2035,3.103629668595476,34.8830886351278,21.896380328635743,58.2089552238806
2036,14.87985212569316,27.031509121061355,15.253041967966654,95.56259904912837
2037,7.297433316557625,15.348822074710403,12.32088121412238,92.42560865644724
2038,3.8622129436325676,21.15288220551378,12.143239871456915,89.61681087762669
2039,14.682723483094026,28.299167200512493,16.35590210369614,95.10204081632652
2040,7.807807807807808,240.10451045104512,48.749341335944976,98.49812265331664
2041,7.946026986506746,34.402179608089725,16.928590290090135,94.7136563876652
2042,16.802168021680217,29.07499598522561,17.335171300810277,96.29466254962506
2043,4.5595854922279795,24.661883555995377,13.477970373669832,95.27293190770962
2044,4.411001556824079,7.364685004436554,2.042584032313657,79.6116504854369
2045,2.694136291600634,34.7085789129011,50.804100442020115,4.545454545454546
2046,42.9901707190895,93.26654233444421,70.61788705545847,29.05027932960894
2047,3.56020942408377,10.664479081214113,3.6846892026281832,76.27118644067797
2048,5.828220858895705,37.02090592334498,30.933346574639558,58.2089552238806
2049,37.51243781094528,93.45111764070793,73.38134018916266,45.774647887323944
2050,10.146341463414634,22.70093596790966,14.057928939904873,94.54191033138402
2051,71.99751088985687,56.88956360744963,33.912509589313146,91.96675900277008
2052,94.12155810807712,88.64218446194255,93.11506217482226,99.42823455878175
2053,4.70770822555613,18.41963322545846,5.245168125259922,78.06788511749347
2054,2.4471635150166855,118.36518046709128,74.06643508467216,2.3255813953488373
2055,7.85392696348174,23.227866717088947,13.575735378897352,92.66375545851528
2056,41.308793456032724,92.32138001138168,73.22543669651262,19.605568445475637
2057,1.9691325172964342,9.4169005300904,8.429050405251836,42.465753424657535
2058,48.283261802575105,91.47058385659663,66.84820449820627,243.06930693069307
2059,33.591106814886416,92.73008001221085,65.28864026339537,253.57142857142856
2060,5.002578648788035,18.112798264642098,28.70989103606044,33.85826771653544
2061,24.57002457002457,28.6753713690983,17.476160227141342,98.0225988700565
2062,44.258872651356995,86.94067618896088,70.06962536117393,39.58151700087184
2063,52.9742149604289,17.954535904869953,19.083240155767857,99.00591715976331
2064,35.95671421544516,93.22120311780473,73.03765169821465,49.63662790697674
2065,52.11887727022565,92.82066599912073,66.69723327568971,219.3548387096774
2066,53.640911617565315,89.9528850891781,64.60190174920403,229.99999999999997
2067,8.449304174950298,25.30864197530864,15.403457725010632,90.85963003264418
2068,42.84237726098191,94.77034787975167,69.79294597122298,76.78571428571429
2069,378.9993459777633,63.871951219512205,121.18506493506491,46.35294117647059
2070,13.11320754716981,28.3638320775027,17.08292167963909,94.95495495495496
2071,1.9691325172964342,101.66666666666669,28.4212633897287,20.754716981132077
2072,3.052631578947368,20.70559610705597,23.220381563197353,58.82352941176471
2073,68.63941427699817,161.48260601241606,7.383832704095418,89.73941368078175
2074,4.70770822555613,21.15288220551378,9.061246876372977,78.51662404092072
2075,6.354855109303507,21.06979778212655,9.422674500708244,90.2665121668598
2076,1.9691325172964342,93.03106633081445,77.45337369397521,6.666666666666667
2077,7.110438729198185,18.644201866793228,8.80903399973472,81.41592920353983
2078,4.411001556824079,19.452662721893503,10.12958957536866,80.37383177570094
2079,45.703742751713236,91.68296289309905,68.76611750366834,160.5263157894737
2080,41.961992809450436,95.48551082926586,71.43094163947023,84.49317520698143
2081,9.261083743842365,26.00102999871251,15.38072516985862,92.5925925925926
2082,53.726362625139046,329.3819635572306,447.9899619833887,34.0627973358706
2083,3.3566433566433567,96.72291173554679,175.0370567526629,83.13047711781888
2084,6.430496726992684,4136.018217401144,28.36418289566158,179.43548387096774
2085,16.14077669902913,85.43213373361189,76.27847515067633,98.39296894928461
2086,72.21183800623054,93.98448226292118,73.20760826580319,8.791208791208792
2087,13.11320754716981,26.524547803617573,16.344762203946996,96.3917525773196
2088,11.143270622286542,27.488625013871935,15.822924062860924,95.03839338452451
2089,9.944311853619729,93.19330531608651,73.96960836161203,87.78424114225277
2090,5.246913580246913,13.245837890387655,8.78190997653419,91.57472417251755
2091,2.4880889359449445,50.95969289827256,43.43919709154208,59.42028985507246
2092,78.14428096820123,38.01639235904554,10.50612080746236,89.0625
2093,4.012506513809275,73.85057471264369,12.047598495591616,17.647058823529413
2094,6.068332483426823,8.9699074074074,5.241731633983445,82.99595141700405
2095,80.06514657980456,75.48600568633599,56.048308403619195,84.39540643999099
2096,46.86503719447396,89.9142423395211,60.459196320032035,202.62008733624452
2097,3.7114479874542603,4.861551469034043,5.447953185193079,72.36842105263158
2098,4.012506513809275,5.663672654690627,9.04032949794836,50.29585798816568
2099,45.09186351706037,92.43905717554459,69.50759960098925,187.551867219917
2100,3.2054650551760377,72.8571428571429,81.58019633802105,3.7037037037037033
2101,1.4317180616740088,18.95290352080476,29.44564222215657,93.26923076923077
2102,90.22711631108052,70.99459889046229,76.64385879442351,83.67491166077738
2103,3.408495018353435,6.527616840478941,14.053181594353555,56.25
2104,1.9691325172964342,110.06944444444446,96.2315084764064,16.831683168316832
2105,15.736505032021958,27.948912174388752,16.42849492056385,95.32033426183844
2106,4.212168486739469,17.80980781974817,11.525164480576642,79.0
2107,45.703742751713236,91.42955468725371,70.3890622979948,64.21800947867298
2108,42.181069958847736,94.2128722730247,66.89995293132989,75.5641748942172
2109,14.682723483094026,27.86745635427552,16.87207398602441,95.88638589618022
2110,18.575718575718575,94.29597606978996,73.68315905445832,85.31157270029674
2111,2.5396825396825395,34.05587668593451,7.010684927534824,74.77477477477478
2112,13.884992987377279,27.35598939503494,17.152222949085054,94.10112359550563
2113,2.5396825396825395,0.0,0.8765980098392113,47.16981132075472
2114,46.943115364167994,93.20956023146051,69.89326634289,114.55108359133126
2115,52.16826798234225,17.775934364382206,16.809983928653484,99.53161592505855
2116,3.3070866141732282,2.5771447948457156,13.139912109150298,74.39024390243902
2117,3.761755485893417,3.301787592008404,1.5990033521275104,56.92307692307692
2118,21.617021276595743,150.91503267973857,94.5083583279149,95.69451563300872
2119,7.9,15.499914835632769,14.56641800187301,93.3596837944664
2120,2.848101265822785,141.4319248826291,52.561723990295405,64.85355648535564
2121,43.80853277835588,90.05769558888153,59.896486529631275,454.4
2122,4.112441436751692,9.304426377597121,0.702128240854555,22.22222222222222
2123,4.525043177892918,96.04918879234778,76.97264783166051,95.78697793178917
2124,2.5396825396825395,38.86280646844026,20.32226533574242,26.31578947368421
2125,1.1272141706924315,77.94117647058822,94.92250508450803,5.0
2126,41.16445352400409,92.74223528137072,71.96662082779966,0.0
2127,41.453428863868986,95.63937936750436,71.80642225194161,15.693430656934307
2128,2.332979851537646,32.462019660411116,1.7481862504366588,70.0
2129,44.40961337513062,91.95438135346411,69.57782039517141,147.5
2130,257.56791720569214,0.0,51.59607635936022,59.018332347723245
2131,2.332979851537646,53.83392928088996,41.56067450528093,46.496815286624205
2132,4.6090108751942,13.588815127740917,9.494872652202343,76.6016713091922
2133,5.586878523833931,16.426988299572187,14.904309200232118,88.42975206611571
2134,3.3578174186778593,453.11488673139166,537.4900609594489,92.51336898395722
2135,13.48050728041334,26.811742501762275,16.48493318946153,93.85964912280701
2136,8.994082840236686,166.35220125786165,77.25765306122454,6.329113924050633
2137,7.016658253407371,25.58630501629263,14.477780339337052,90.0355871886121
2138,45.397159389794844,90.7013751708069,68.00230296441258,185.1851851851852
2139,1.1802575107296138,45.43269230769233,90.66369404904819,1.2048192771084338
2140,43.958333333333336,92.50579446942608,69.21241960114622,153.84615384615387
2141,2.9504741833508956,12.623618382780693,14.97927658114585,47.16981132075472
2142,4.012506513809275,15.7716785998409,9.966499688880786,81.29175946547885
2143,11.014492753623188,74.23607355327206,102.89812753221159,97.5560081466395
2144,50.791052918712495,96.50078272430682,13.809315720294391,37.34177215189873
2145,95.41463240159523,87.00727641756673,92.3731398892767,99.35020906317098
2146,52.74499743458184,7.295768064127571,18.644505558372824,99.44954128440368
2147,2.4880889359449445,16.14310645724259,16.127151931853582,61.990950226244344
2148,2.177376526818906,12.220403709765451,10.688399746150495,50.0
2149,35.62315996074583,94.81446721463878,71.93289420880713,34.375
2150,45.397159389794844,89.82515382462147,59.39029932228795,296.0
2151,5.441478439425051,22.085201793721975,4.584499187978162,34.883720930232556
2152,2.7455121436114043,15.524244732165515,6.572042034849774,69.67509025270758
2153,9.572901325478647,27.036180406410036,16.416969330104916,92.81437125748504
2154,44.10844629822732,92.35351126021133,65.88269699338166,395.0
2155,46.39830508474576,91.83085049307003,69.49779950829938,248.24120603015075
2156,1.8646776771443794,6.9682787311492795,21.25444185490088,46.835443037974684
2157,14.24581005586592,26.471705279149244,16.91794807116099,94.81801357186922
2158,77.06598334401025,0.0,2.047381259867257,88.8283378746594
2159,46.553552492046656,90.76405357539414,70.96628680168705,157.62081784386618
2160,1.9169329073482428,168.8888888888889,63.74284813263055,11.578947368421053
2161,6.068332483426823,85.10466988727855,25.934652298950127,71.42857142857143
2162,5.246913580246913,18.8121272365805,5.575137875996885,78.57142857142857
2163,47.02127659574468,82.2598373306064,66.02776720616609,239.70588235294116
2164,10.515793682526988,92.58814673228414,73.7833197632098,91.33425034387895
2165,2.297631671968894,93.58870331270055,73.24176642916069,91.85855263157895
2166,2.1253985122210417,13.550672430355432,7.918102305857403,91.28630705394191
2167,10.146341463414634,18.340352013821402,18.250333993642617,93.26923076923077
2168,3.408495018353435,70.76612903225804,34.80006636801063,22.22222222222222
2169,3.962460896767466,37.22879684418145,38.307277628032324,22.22222222222222
2170,36.967294350842415,92.65907300986024,72.74301671908032,6.1255742725880555
2171,4.5101088646967336,17.933723196881086,12.118166324345585,22.93577981651376
2172,35.82309582309583,93.17942406781967,72.8690455832984,40.971039182282794
2173,6.062931696085956,437.14731946957335,66.39106212910838,72.65193370165746
2174,21.650361548277328,17.933723196881086,17.721917796118614,91.10169491525424
2175,39.949367088607595,93.05273182957666,72.97002941264431,64.94688922610014
2176,1.6550987720234915,25.57997557997556,17.72082201026625,61.64383561643836
2177,40.804890473764644,91.97552065626637,72.32064438744641,4.016620498614958
2178,3.1545741324921135,12.116892373485406,2.8635280827132497,68.65671641791045
2179,108.47993168232284,91.84504084733334,99.59692526725948,95.02906976744185
2180,3.2054650551760377,0.935672514619897,2.1972346422300064,74.69879518072288
2181,2.4364406779661016,166.00204498977502,26.33748414620084,58.82352941176471
2182,4.6090108751942,64.46601941747568,10.609794284625124,69.45454545454545
2183,81.72255095332018,694.9071222777447,35.15555409907174,106.25
2184,5.246913580246913,18.276708964388046,8.598048872934347,82.82208588957054
2185,6.969696969696971,30.187144019528084,16.96891953914772,93.37539432176656
2186,1.2332439678284184,249.99999999999994,187.85430839002268,22.93577981651376
2187,12.54071661237785,94.10672479586752,73.616445416196,86.03948428686543
2188,4.756980351602896,10.364842454394696,6.9258691618939885,64.55696202531645
2189,3.103629668595476,6.407035175879382,14.933425988448706,74.07407407407408
2190,50.708833151581246,92.13282805439982,69.16830645828442,112.57668711656441
2191,3.8622129436325676,7.977346278317167,6.255937562420518,66.12903225806451
2192,5.635245901639344,11.264113115964948,13.297940831274872,88.26815642458101
2193,37.23932472691162,94.07849319588644,73.32260179773928,49.23076923076923
2194,57.31360273192942,464.8024289868186,44.01473892166965,13.980263157894738
2195,41.889117043121146,91.90006224425399,69.64780402502961,117.24137931034481
2196,6.068332483426823,3.9518900343642747,1.7671208425060945,61.81818181818181
2197,6.841901816776189,93.44274566321756,73.32118848402608,87.81217024270137
2198,10.364963503649635,27.24539646749342,17.983734847322395,94.50980392156862
2199,0.3246753246753247,9.718992248061992,1.7869044974132682,88.58695652173914
2200,38.33833833833834,93.58777261001143,72.67074089359646,39.73913043478261
2201,4.460580912863071,135.02506265664164,6.78033238611899,44.370860927152314
2202,47.09952102182012,90.65047658734676,66.11880138643032,239.70588235294116
2203,0.9315068493150684,469.6198830409357,253.8229539636999,95.11911679256247
2204,26.024096385542165,27.01821473435306,18.096775920944772,98.22335025380711
2205,25.121951219512194,28.38111142035441,17.535798640184673,97.44990892531877
2206,5.3929121725731894,10.641154749916067,2.9884135660468636,80.77803203661327
2207,2.5396825396825395,126.87499999999996,29.243640584195767,51.162790697674424
2208,47.886570358480476,91.11247161311063,69.16683041014474,268.6170212765957
2209,6.3072227873855535,27.798060691712788,16.62372162715681,89.39393939393939
2210,2.4364406779661016,166.00204498977502,26.33748414620084,58.82352941176471
2211,137.3650947982499,62.049764145670785,112.52990132562546,93.33008288639688
2212,50.13579576317218,89.4308867910992,70.42781075837026,24.416517055655294
2213,5.149330587023687,16.736645672964787,7.337510264910742,71.52542372881356
2214,15.543328748280604,28.252378923448372,17.316035018805156,95.04424778761062
2215,45.703742751713236,92.18719535198433,69.6678363451323,90.9090909090909
2216,9.508716323296355,91.7618610259041,73.96626178820557,86.88245315161839
2217,24.631751227495908,28.760700842743404,17.330196836390545,97.69040417926863
2218,21.96499153020892,42.07154574494169,46.82792865744644,384.61538461538464
2219,36.2247412518482,93.62029382311609,72.52544535302589,53.800000000000004
2220,42.380654575776525,95.01099404914581,81.83174046274048,93.20054945054946
2221,11.314395763119885,28.979145644130504,16.594884524624597,95.24617996604414
2222,14.409937888198757,5277.777777777778,201.65784832451496,21.73913043478261
2223,3.962460896767466,17.83289046353705,8.544102765460972,75.79250720461094
2224,11.137917169280257,94.49267539991489,73.75945647098727,87.14524207011685
2225,41.889117043121146,93.04319239978483,71.45133862533594,10.116731517509727
2226,6.639635073492143,1.3082155939298856,5.435327574444999,50.29585798816568
2227,3.7114479874542603,9.0326147042565,6.571180725406195,74.62235649546828
2228,10.190151145782544,26.6547599718569,16.944818398377993,95.0354609929078
2229,49.534246575342465,133.50877192982458,361.57753705091244,89.73105134474328
2230,48.20375335120644,84.80389043592767,64.79589434096383,91.96675900277008
2231,2.7968337730870716,32.04365079365078,18.459691568935256,34.883720930232556
2232,13.561708118254339,10.775567611010638,10.296731061468186,95.84158415841584
2233,4.756980351602896,0.9911319770474759,11.971212325990011,51.445086705202314
2234,46.553552492046656,92.34118994223988,69.48963729248678,91.96675900277008
2235,3.8622129436325676,53.276800670016776,19.21136277756786,99.00650502661146
2236,2.1253985122210417,22.58169934640525,4.0153669359235575,50.29585798816568
2237,2.5912215758857746,7.007233273056072,0.7643995764617187,88.94736842105263
2238,2.694136291600634,126.59176029962546,65.80408163265304,14.285714285714285
2239,52.53863134657837,91.09250469073933,69.7658162690318,146.61921708185054
2240,95.3356890459364,68.17788846764655,76.19668792049077,97.36010056759743
2241,6.592292089249494,17.834167262330237,13.08704370038729,97.48427672955975
2242,59.8611914401388,17.66717270558723,18.931077068116846,94.1375518145673
2243,2.5912215758857746,20.74579831932775,4.447703827698698,69.23076923076923
2244,46.088794926004226,86.27216318434816,67.28087551346796,244.77611940298507
2245,10.146341463414634,68.1614506756284,59.725590505643865,95.75543203638202
2246,3.4916201117318435,94.31041779455317,73.65111328042089,92.1553090332805
2247,3.8622129436325676,88.50148367952525,21.13393030054318,83.9080459770115
2248,46.3208046585495,90.88884970551638,63.46284473577513,216.43835616438358
2249,13.602251407129456,27.565017443704416,16.759830912935566,95.01779359430606
2250,44.78784704033526,85.51788643623543,52.928755815440155,824.0
2251,12.160228898426324,28.531073446327675,16.87066307888644,95.45945945945947
2252,31.43128863528293,93.91656993633367,72.84443138118147,51.975051975051976
2253,88.20516104245374,0.0,63.44386084492734,88.38174273858921
2254,14.205868653935724,127.55483638978788,25.36294108677683,98.39725243274185
2255,2.177376526818906,5.438596491228067,6.970936694492398,94.47368421052632
2256,39.423599782490484,614.9379652605459,4.997849462365609,91.33383571966843
2257,14.085820895522389,27.43704262858822,16.156572287716635,94.1747572815534
2258,14.761684405367886,22.538208550976965,15.736437409179697,95.39978094194961
2259,5.972434915773354,25.446018024645944,16.156198504246426,92.56637168141593
2260,21.441124780316343,94.449073556284,73.52609084216283,80.46786922209695
2261,9.528487229862476,14.940536376330119,14.758083318502813,94.55252918287937
2262,59.8611914401388,0.0,6.5452736860049585,94.1375518145673
2263,39.10417715148465,92.73790417927646,72.06939784669086,37.114337568058076
2264,8.49478390461997,25.76431254954674,15.697330546902732,92.4187725631769
2265,13.642756680731363,26.895833333333343,16.50491756131343,94.58413926499033
2266,42.9901707190895,92.92873491744014,70.96636986313321,29.05027932960894
2267,12.327463112803427,26.74626145682585,15.146849957391323,93.41692789968651
2268,4.736642667677151,95.9926306052501,71.98270390845639,96.00184618934979
2269,6.068332483426823,7.8275529865125355,16.000217025663282,52.54237288135594
2270,34.956874682902075,61.07187894073141,64.48683937493018,69.91778774289985
2271,2.7455121436114043,149.250936329588,24.197813957043472,39.130434782608695
2272,35.42381185693287,93.38855610588075,72.6444202388103,54.40789473684211
2273,19.91304347826087,35.05834601725014,56.95459120241549,94.33580579905598
2274,51.95550147749001,125.96380833564417,65.64476150559875,91.80075721722669
2275,10.539096648858669,41.0804947844549,14.71382286840385,94.51338994121488
2276,49.32599724896836,29.448496458110363,17.974529879291786,99.17550058892816
2277,4.460580912863071,5.660945498343868,0.7046844996204236,63.47826086956522
2278,3.8622129436325676,45.78313253012046,17.397272810469484,62.99559471365639
2279,3.509690937663698,13.86843397152677,0.9167663762449749,70.73170731707317
2280,11.272141706924316,93.5358389219979,73.1746556050873,88.23828920570264
2281,73.29153605015674,0.0,126.53036263819418,100.28901734104045
2282,5.876341338783853,22.84874695054336,12.385787722463485,85.46712802768167
2283,27.651217596229376,28.271773825809365,17.621586740045338,97.76417354272026
2284,28.91791044776119,95.75153986362807,73.24534523738913,71.39909203466776
2285,5.828220858895705,78.2170542635659,5.8677890566971955,57.14285714285714
2286,45.626975763962065,90.32631614528057,67.53076288944295,98.0
2287,17.92573623559539,0.0,136.343537414966,6.329113924050633
2288,108.28937452901282,86.35742925152613,67.86635794649865,371.42857142857144
2289,37.85536159600997,92.55067630015242,72.5348385788499,29.213483146067414
2290,2.694136291600634,2.9129600558171873,0.7788312175263736,63.793103448275865
2291,4.70770822555613,18.533480230138323,6.545540018391681,69.89247311827957
2292,44.40961337513062,92.68328487763422,70.50459133936701,129.4701986754967
2293,21.518212427303336,56.249006543696034,77.3477809113849,85.34765198398253
2294,2.8993147074327883,11.238262910798111,6.678739755287806,65.9919028340081
2295,2.332979851537646,5.156765676567653,6.491303645468731,72.27722772277228
2296,35.75638506876228,94.10496803409508,73.26015064155045,39.63414634146341
2297,6.49746192893401,10.207481447826734,6.8846188440581715,66.53386454183267
2298,3.6610878661087867,92.06349206349206,31.35484560316272,38.23529411764706
2299,6.781376518218623,24.610591900311523,15.902118750769697,89.36708860759494
2300,43.65904365904366,79.26172435073941,52.51469096859864,524.3243243243243
2301,34.04461687681862,93.65520147175755,72.86090388132202,39.63414634146341
2302,6.211812627291242,21.25396825396827,14.563459496590948,91.75662414131502
2303,3.408495018353435,3.7621023513139846,0.5440555244743915,52.54237288135594
2304,7.992007992007992,23.194023143467028,12.695009791092415,89.36708860759494
2305,45.09186351706037,87.57957621441024,55.495660066746964,524.3243243243243
2306,37.93800539083558,29.68339821250391,17.93876885350546,98.80935506732813
2307,7.016658253407371,23.08808808808808,13.358512586925162,93.04059652029825
2308,509.0561330561332,10.866791744840524,158.97571277719112,14.000000000000009
2309,2.5396825396825395,24.66666666666668,15.70677886210082,71.03448275862068
2310,36.967294350842415,93.60373317600397,72.73006216492529,48.12874251497006
2311,6.354855109303507,14.769647696476962,11.14454272639198,50.877192982456144
2312,81.84210526315789,233.39032266583052,39.21367728849888,91.96675900277008
2313,51.784733662822624,88.29895187706998,64.02989237443315,205.2863436123348
2314,38.84462151394422,27.30141556216751,18.388935843017386,98.92500639877143
2315,25.213154689403165,32.368082368082355,15.3748037676609,56.70103092783505
2316,41.308793456032724,94.15528411437765,71.02359351944094,27.052631578947366
2317,50.814419225634175,22.9367658871385,10.994588071304618,99.27341925438976
2318,14.165890027958994,26.34898003948234,16.149511360512612,95.01483679525222
2319,3.610675039246468,6.620633631194172,3.273038356817943,69.7841726618705
2320,46.86503719447396,88.01934241543113,67.90828016009688,191.1764705882353
2321,8.81188118811881,26.307016700323743,14.535392034681271,91.15789473684211
2322,29.4441386901486,58.74262421601766,76.43154498046275,83.84831460674157
2323,2.848101265822785,5.410362219165526,8.80960863148251,55.55555555555556
2324,3.103629668595476,12.869861220214707,6.010855046243846,70.2127659574468
2325,2.694136291600634,39.47040498442369,28.65567456974366,53.072625698324025
2326,4.855371900826446,9.852670349907914,16.29457957383616,85.23725834797891
2327,4.162330905306972,20.334261838440124,12.71141692206356,89.16129032258064
2328,54.15504740658115,35.571997390044196,47.069062004179315,48.28358208955224
2329,9.726081778483525,93.15126503974156,72.9226724414519,89.1820168591945
2330,44.334203655352475,92.2106352494662,69.14249867909213,160.5263157894737
2331,2.384737678855326,5.802861685214603,16.70511172544944,48.148148148148145
2332,4.212168486739469,7.555555555555562,8.905165948977244,70.0
2333,4.70770822555613,14.001421464108024,3.94685274578216,66.26506024096386
2334,45.55028962611901,94.05323839169087,63.178657839691596,243.06930693069307
2335,9.572901325478647,22.958801498127347,13.752799923566087,87.84370477568741
2336,25.905068382944492,28.056827820186587,18.33335701334569,97.61092150170649
2337,2.8993147074327883,1.796271032287411,0.33790125774354585,78.84130982367759
2338,3.0015797788309637,6.469979296066278,3.774958632101482,49.700598802395206
2339,11.908177905308465,29.019750393796183,16.963324574095644,92.85714285714286
2340,15.465810004589262,26.996332662959897,16.308831565797185,95.0207468879668
2341,4.953560371517028,13.955555555555552,5.9415862153244365,81.53846153846153
2342,46.553552492046656,90.66133549955657,63.86955505355269,178.3132530120482
2343,45.55028962611901,92.13586147331078,60.5255469082732,266.66666666666663
2344,2.5912215758857746,18.36956521739128,22.563632194450804,34.883720930232556
2345,18.456591639871384,2723.3333333333335,128.55199222546162,21.73913043478261
2346,47.49199573105656,89.31165990022241,67.45448247041807,216.43835616438358
2347,1.7075773745997866,116.07142857142858,47.522624134179026,52.80898876404494
2348,49.56709956709957,93.08648893467422,70.87555485503597,50.65217391304348
2349,4.112441436751692,1.882421083116101,9.772508301018423,75.14792899408283
2350,21.516829995739243,17.27816809784023,16.00795607490918,98.20933702835217
2351,41.14942528735632,0.0,204.95940311608516,21.73913043478261
2352,36.09059576563269,93.00964175133522,72.81221921242728,53.89221556886228
2353,36.967294350842415,93.50082648631324,72.5777571001475,49.8189717595945
2354,20.91026191498497,29.013835890247382,17.47181187587575,97.14285714285714
2355,14.04573028464769,145.9402166167878,25.381289973085412,98.52863899106674
2356,4.460580912863071,14.82115677321158,5.594442561421949,77.6595744680851
2357,26.6147503435639,94.638359316398,73.03852479599632,71.49321266968326
2358,44.863731656184484,72.96475633901478,18.40118510761957,44.868735083532215
2359,0.9864815491413957,91.43502976739862,74.02801376943368,91.06152457113376
2360,3.0015797788309637,50.8190883190883,23.594639572567214,54.347826086956516
2361,75.4920634920635,7430.699053157595,17.652059021493827,402.17391304347825
2362,37.99301048427359,92.98556347507676,72.78081187322321,33.62068965517241
2363,17.360208062418724,98.35396197524562,78.83104370274756,20.454545454545457
2364,27.53737214791503,8.113900796080829,18.469038191421063,98.5239852398524
2365,20.375586854460092,63.62287381841273,73.72487042229588,5.847953216374268
2366,60.04632310364795,0.0,5.565506394003441,25.09025270758123
2367,2.9504741833508956,21.303258145363415,25.93725980360464,61.64383561643836
2368,50.29907558455683,92.34388651644512,70.3913603579819,112.57668711656441
2369,1.549973276322822,22.22222222222223,46.50379859973185,20.754716981132077
2370,33.65570599613153,94.2701753404059,72.58794824209313,53.800000000000004
2371,4.953560371517028,9.724828017510966,1.8220944384668358,68.77323420074349
2372,29.28982725527831,29.347550139629348,17.731950523930706,98.4970477724101
2373,3.3578174186778593,8.221590139509674,1.9283031278669198,83.78378378378379
2374,274.5282536435695,1996.3902439024391,44.69452539550376,71.00000000000001
2375,56.600566572237966,77.29230000418492,54.889224124019364,8.620689655172415
2376,6.354855109303507,4.474097331240187,6.968149062709343,50.29585798816568
2377,2.5396825396825395,76.12809315866087,68.15829780187941,62.99559471365639
2378,103.6845983787767,76.94340765187873,73.16059209246016,92.71293375394322
2379,0.2176278563656148,7.4059662775616015,5.562870309414078,81.03837471783297
2380,1.4317180616740088,6.772100567721001,1.2023099498248573,57.78894472361809
2381,4.6090108751942,8.160322952710548,8.613471139528778,86.40776699029125
2382,52.24267565465388,18.958248006360364,18.885793681622427,99.53490947345108
2383,2.848101265822785,64.25339366515834,36.98155162341947,92.28650137741047
2384,35.15892420537897,93.1252368179852,72.9482879440625,55.60538116591929
2385,0.1631321370309951,244.05968468468467,61.57157270237732,96.69811320754717
2386,10.102489019033674,28.512832091518025,16.314713023295642,94.68690702087287
2387,111.96319018404908,85.67987875797776,36.11969988712017,325.15337423312883
2388,1.812366737739872,26.861894432393356,29.355641914690604,63.63636363636363
2389,34.10965550703542,96.0940468616833,74.99895933279214,96.47471767219452
2390,9.171597633136095,27.895716945996273,15.991851900361587,97.17836748404434
2391,4.112441436751692,27.66439909297051,26.97912080035226,77.17391304347827
2392,18.711385701676964,27.474077279356372,18.051412227127926,96.65871121718376
2393,13.642756680731363,23.387604215825068,15.44008432605993,96.58119658119658
2394,564.9024058102589,91.84039725427195,128.32592339261285,60.689655172413794
2395,37.1712158808933,93.57129357449914,72.76343592814352,79.58161461402476
2396,13.235986811116346,27.358490566037734,16.995198626992124,94.20289855072464
2397,26.642771804062125,29.892264896183928,17.61946521537853,97.78714436248683
2398,5.489994869163674,17.568325719323564,10.920914916206282,85.64102564102564
2399,8.540218470705065,31.107660455486542,1.6932843593301887,94.12587412587412
2400,13.27683615819209,26.48691680807826,14.387287696920554,94.26229508196722
2401,52.16417910447761,84.00257233055747,83.87600794015722,85.53459119496856
2402,47.57074212493326,90.72781625422729,64.58776144060256,217.88990825688072
2403,16.613852421910366,25.87082093471031,16.498912242589554,95.56728232189974
2404,44.48510193413487,91.02373143539467,66.74428902270829,136.51877133105802
2405,1.8646776771443794,152.08333333333334,60.7518796992481,7.6923076923076925
2406,15.269086357947433,489.28571428571456,117.25802354136681,86.64546899841018
2407,101.59372419488031,89.7940942317435,107.5712295523998,97.68527918781726
2408,7.7616424636955434,12.586487586487582,7.250367799615224,76.0
2409,0.2721829069134458,338.6169074371322,179.9291036362269,94.38877755511022
2410,17.76257066349301,84.54401981121829,80.82023565761423,87.25868725868726
2411,1.9858156028368796,95.6173563325157,76.01754641285709,97.29908800374152
2412,8.49478390461997,30.05780346820808,13.783884698678206,92.86321155480034
2413,25.605815831987076,14.19649872076391,16.508084439310945,98.93007260221628
2414,6.449974606399188,13.205276333525898,10.362658095171556,88.67924528301887
2415,8.81188118811881,19.25372432915079,17.338442540339923,94.50980392156862
2416,2.229299363057325,123.29873125720879,40.40210143463325,30.0
2417,2.2811671087533156,3.9032006245121007,13.564439474419906,40.0
2418,7.946026986506746,22.506192979276175,13.681681257925243,87.4439461883408
2419,1.76,51.249999999999986,33.390250710099004,38.23529411764706
2420,2.8993147074327883,0.33167495854062895,7.004892954277542,64.40677966101694
2421,2.5912215758857746,20.74579831932775,4.447703827698698,69.23076923076923
2422,45.55028962611901,86.79893639548968,64.93957460955735,445.6692913385827
2423,36.42645607107601,93.05906152931959,72.53280378467795,52.43651338366506
2424,27.962456003128665,11.118975714105929,2.7208820108228426,98.21124361158434
2425,51.868131868131876,84.61867023456377,64.5506799651642,4.367469879518072
2426,3.5926055109870942,93.47654884533476,73.45966513617222,92.09625912408758
2427,33.012512030798845,94.22505429308798,73.20412467549649,63.1578947368421
2428,6.259541984732825,21.640244534245152,14.819199642399623,91.75662414131502
2429,34.76352998537299,94.23403786453122,72.61731709250391,56.57894736842105
2430,1.4446227929373996,85.74561403508773,57.550201625284004,15.151515151515152
2431,38.82471120040181,92.78927678931649,71.98256193891375,0.7163323782234957
2432,57.57057313943541,0.0,156.03512798762534,23.52941176470588
2433,26.93375644585482,26.041264012369542,18.475846608466064,97.7929584866001
2434,2.9504741833508956,0.5588428665351739,4.283094801514539,66.26506024096386
2435,102.17805383022778,93.39006587146163,87.7137834927472,96.57657657657657
2436,4.361370716510903,13.907503929841958,4.344685576290717,80.55555555555556
2437,7.85392696348174,18.57911885536195,11.209819030465527,83.09859154929578
2438,565.2043596730247,85.92443553082745,178.8960152838428,2.978723404255311
2439,3.7114479874542603,5.881155881155887,15.303820529178466,60.18957345971564
2440,19.144981412639407,73.05876081480154,75.50328772489439,5.847953216374268
2441,3.6610878661087867,21.558227251296557,0.2630423383057181,72.81553398058253
2442,39.38477054967222,92.95348708200002,72.40499680003634,32.78370514064016
2443,184.42330097087384,9.518867225146419,121.56451036454612,90.3932584269663
2444,26.846703733121522,27.84331812150046,18.019845013723522,97.81704781704782
2445,9.24901185770751,94.42419994919736,73.72225174771103,88.05584281282316
2446,48.922413793103445,0.0,30.945733704003676,560.0
2447,12.0763723150358,27.867720883534126,15.764780569434953,94.1626129256428
2448,3.761755485893417,5.076968620485498,6.472024216385123,67.1875
2449,10.959454034524288,93.2598626337326,73.3339361802029,88.3841770030171
2450,45.397159389794844,91.9422278509769,70.83977175867047,74.55919395465995
2451,61.82669789227167,0.0,27.01397901306672,22.007042253521128
2452,3.256302521008404,0.5879967558799821,9.573307751948175,78.35051546391753
2453,5.731832139201638,19.069069069069045,10.520774906156964,83.52941176470588
2454,4.212168486739469,22.753623188405818,12.843068261787478,23.636363636363637
2455,47.72848743987173,89.45548757831806,66.92685644482975,251.7766497461929
2456,0.0,244.36383928571428,56.96320696235612,93.47826086956522
2457,5.198147195059187,7.188053657301942,9.3378933405782,49.700598802395206
2458,49.56709956709957,93.64133084541544,70.30943572222287,24.416517055655294
2459,7.85392696348174,28.230475921480018,16.38809748926504,93.41176470588235
2460,3.962460896767466,10.413648800901328,9.14226724597566,72.81553398058253
2461,47.57074212493326,80.01878199339086,61.69800570073244,307.64705882352945
2462,2.073365231259968,38.127853881278554,49.403636941157785,30.57851239669421
2463,41.961992809450436,92.98851071731413,71.69850911858082,19.072164948453608
2464,2.332979851537646,13.643996641477726,6.730467738197488,74.15384615384616
2465,2.5912215758857746,1.0947853644482972,6.072835866464406,49.700598802395206
2466,74.05541561712846,83.14577757134269,36.614785924576644,54.28759894459103
2467,26.817640047675805,27.270667572934563,17.79931662728902,98.62430396331477
2468,12.948960302457465,27.744229736983378,16.866192204364417,94.8905109489051
2469,35.35749265426053,94.04009589301694,72.60783361682478,41.17147707979626
2470,4.411001556824079,23.945071663063505,13.249599480633703,89.56521739130436
2471,14.325581395348838,27.334939422506192,16.36461667297611,95.09632224168126
2472,4.756980351602896,10.250704643227998,6.636253408716075,88.57142857142857
2473,10.471622701838529,93.90249898692183,73.48499296267819,93.96131056117115
2474,47.80748663101605,95.25182907209057,72.61694601772317,14.12639405204461
2475,47.80748663101605,91.75621340650511,66.3818408155042,197.42489270386267
2476,3.103629668595476,8.200867052023117,9.284531808633469,73.50157728706624
2477,21.650361548277328,18.85810980195538,18.301446637200915,97.68339768339769
2478,6.068332483426823,0.6280193236714866,0.2579132473622248,66.53386454183267
2479,10.408560311284047,24.680615304393168,15.614515952198232,93.13164349959116
2480,34.15511042629687,282.17882013927795,66.91833546371255,31.48936170212766
2481,26.024235429890364,49.779569233930246,40.65740074497028,98.83717570925059
2482,29.40074906367041,93.32636892784822,72.76278546691177,72.55445544554455
2483,17.667092379736058,94.32006785602891,73.70724969022449,83.62476370510396
2484,75.83916083916084,0.0,99.35581432172276,91.2928759894459
2485,15.659340659340659,17.344989013088753,17.363865620762635,96.0618846694796
2486,10.23391812865497,102.19876868953376,43.98889209085432,38.23529411764706
2487,64.42593694229625,0.0,10.846726689798372,402.17391304347825
2488,4.855371900826446,16.05356566634397,6.436256510972606,65.4320987654321
2489,16.77228559357837,91.85561752955942,73.80395255539914,82.71820448877806
2490,13.965436711816908,10.10986571967595,10.033195234296574,97.62376237623762
2491,0.914470145239376,24.217118997912312,12.453885586034547,96.09846725499304
2492,12.248628884826324,73.85057471264369,107.39469462373611,6.329113924050633
2493,2.848101265822785,18.15357301375945,26.375062220009948,42.857142857142854
2494,45.01573976915005,92.04095987848449,69.84580976701226,116.56249999999999
2495,4.5595854922279795,116.60493827160492,120.28135526055085,46.15384615384615
2496,5.149330587023687,26.876379690949214,7.8916512059369435,34.375
2497,50.0542888165038,88.20086753034883,72.02286711096032,3.4328358208955225
2498,36.023622047244096,93.39531546035514,72.64121280236826,51.908396946564885
2499,3.7114479874542603,2.9195402298850532,2.6650660264105603,63.94849785407726
2500,13.235986811116346,26.27321313452702,17.566603028738452,96.76425269645608
2501,69.0519877675841,0.0,558.5208770174751,69.72477064220183
2502,24.84700122399021,28.672403196066377,17.502796884855808,97.44990892531877
2503,1.8646776771443794,846.0905349794239,100.47435190292329,14.285714285714285
2504,16.651583710407238,27.316933638443924,16.953122786411047,96.65871121718376
2505,32.94853294853295,95.74289618275267,72.68858355056126,53.64548494983278
2506,21.015761821366024,94.50881317519253,73.64919257411704,80.36270898271465
2507,1.0209564750134337,101.66666666666669,87.89180744067961,15.151515151515152
2508,60.884749708963916,13.550648624466533,53.06286192422809,7.104557640750671
2509,12.369172216936251,25.495288026524243,18.170363842068564,96.02836879432624
2510,33.91472868217054,94.29567651750018,73.63005756429003,60.82532504239684
2511,3.3070866141732282,6.120689655172406,3.1440563167595803,69.00369003690037
2512,2.694136291600634,68.05555555555557,66.65249433106575,5.0
2513,12.535612535612536,26.273263130008605,17.679928916971072,94.1988950276243
2514,13.358419567262464,25.8727760993622,15.455335335609258,94.26229508196722
2515,2.4880889359449445,981.9197896120976,1047.4821097270078,96.33507853403141
2516,3.408495018353435,150.27844073190138,53.0970282849982,30.0
2517,3.56020942408377,15.101070154577897,2.7226137091607945,63.63636363636363
2518,1.6550987720234915,36.338028169014116,14.617118489186709,31.147540983606557
2519,1.250446588067167,92.20455969492325,74.28898172828036,91.19105122664294
2520,45.320715036803364,91.9327699449738,69.96116523942395,106.86567164179104
2521,61.44859813084113,38.74587257801671,81.26744902699036,22.007042253521128
2522,43.80853277835588,91.80427652796904,70.18372613889342,123.5483870967742
2523,2.8993147074327883,36.358244365361834,57.820234476769436,1.2048192771084338
2524,107.50750750750751,79.92337841818473,76.79968995545158,74.8730964467005
2525,12.67835303709743,93.36854717109146,74.10606560734003,85.85136790526747
2526,48.60215053763441,89.25801186111157,70.79930873397961,48.712446351931334
2527,3.610675039246468,12.185430463576132,6.757618115739465,69.11764705882352
2528,2.5912215758857746,2.109704641350217,13.904189044038647,86.2520458265139
2529,1.2644310060472788,109.13580246913584,31.924035011540997,82.16560509554141
2530,33.16400580551524,0.0,348.426940107201,73.9938080495356
2531,3.610675039246468,0.10319917440659888,1.9193096436630535,61.64383561643836
2532,40.51855617691917,94.62332092705846,71.71129687119415,34.18803418803419
2533,31.87022900763359,95.3291567368179,72.89662188402666,61.34969325153374
2534,34.89507076622743,94.6184306619805,72.94645474245776,37.791741472172355
2535,3.610675039246468,30.603174603174626,71.10844337735094,12.5
2536,2.1253985122210417,1.1494252873563278,2.1224797959954027,48.466257668711656
2537,6.639635073492143,23.08303535955502,12.912982260325146,93.04059652029825
2538,5.149330587023687,17.863522686673836,4.678028625785181,78.68020304568529
2539,22.21283783783784,19.963264708202342,17.601155545746682,97.96610169491525
2540,54.932735426008975,83.51242681301022,72.56902804778194,82.36842105263158
2541,5.635245901639344,12.141992739007653,10.346733028304943,89.23076923076924
2542,33.33333333333333,93.79692635706871,73.39683660082882,64.51612903225806
2543,9.617271835132483,3.0362253088574076,4.349264164604465,97.2027972027972
2544,48.56185423066183,4949.135802469136,984.3426391328042,95.94985535197685
2545,45.626975763962065,92.57620361478945,68.76320008516504,217.88990825688072
2546,71.57045313469894,4815.872993033426,55.08401739992376,154.77941176470588
2547,4.5595854922279795,13.504273504273511,12.470068503258535,83.26693227091634
2548,0.914470145239376,89.65517241379312,76.98112006112898,6.329113924050633
2549,3.761755485893417,4.656160458452736,0.04854805358265301,76.66666666666667
2550,6.49746192893401,24.985910201014484,14.081052640300918,90.2665121668598
2551,5.149330587023687,5.377748748094937,3.7537379990556543,76.27118644067797
2552,5.538461538461538,17.248062015503887,17.10046912580668,89.5
2553,56.91228070175438,17.441388936041776,16.659277288237703,99.62088730423794
2554,95.65104474088065,61.06784503606668,28.870525419433,98.57868020304569
2555,44.334203655352475,75.6760366500078,62.021536835805705,593.0
2556,9.525843656557027,4496.029776674938,62.35000000000001,674.0384615384615
2557,10.05859375,25.780133396855632,16.009502525027937,94.82120838471023
2558,58.75933371625502,61.04084662096888,20.474627468264305,30.754716981132074
2559,51.45205479452055,92.96554945781816,64.82293607947643,255.38461538461536
2560,9.970674486803519,25.87051917706728,15.657000616745467,94.20689655172414
2561,2.8993147074327883,0.9672619047618973,3.9271797847068086,50.29585798816568
2562,15.928799634869922,27.894002789400275,17.184105476100488,96.28154050464808
2563,6.020408163265306,13.784168933799709,4.677221259484838,71.42857142857143
2564,95.73709789400601,71.48542704298099,33.72452626511648,98.4228313931656
2565,17.624521072796934,0.0,238.64148644532435,3.7037037037037033
2566,12.0763723150358,27.180637323614597,15.030728731270331,95.0530035335689
2567,16.386745347253743,28.07716032075366,16.71391780466162,95.09345794392523
2568,23.814773980154357,84.8867154817105,78.27941237632434,86.07594936708861
2569,12.175324675324676,93.61117771851391,73.11980884274661,87.07330721880247
2570,45.934530095036955,92.03156843980221,68.8281752279936,170.703125
2571,33.65570599613153,93.35182757239677,73.158070602608,64.25992779783394
2572,45.09186351706037,91.63483284356361,71.02119582477235,42.592592592592595
2573,44.78784704033526,90.97759698104124,60.79642512083171,317.4698795180723
2574,13.317647058823528,16.078630932187416,31.54791485767437,96.70588235294117
2575,38.2,93.90759839001564,72.38236507749156,42.915980230642504
2576,3.0015797788309637,16.908212560386477,16.095750938956503,33.85826771653544
2577,4.012506513809275,16.95264241592313,3.4205015714783538,70.83333333333334
2578,1.6025641025641024,36.53032440056416,26.82341953478979,63.63636363636363
2579,68.53658536585367,475.2617332273154,490.71613342075364,42.82178217821782
2580,49.4054054054054,92.50925160494936,70.15103892670926,89.34426229508196
2581,3.610675039246468,932.191780821918,1062.9687261023666,95.9731543624161
2582,2.694136291600634,0.7982740021574851,5.465666929755299,55.55555555555556
2583,1.9169329073482428,32.566420158860595,37.279605719838955,67.93893129770993
2584,46.92610225626164,87.16561378470837,76.76051401368589,94.16539827498731
2585,52.890025575447574,49.20388730989004,14.138639573765522,99.4825674510287
2586,15.465810004589262,28.055931438881366,15.667368435419657,94.74013775829681
2587,34.10965550703542,95.35680172130158,72.7984409738512,40.870307167235495
2588,10.959454034524288,93.2598626337326,73.3339361802029,88.3841770030171
2589,3.541315345699832,623.2183908045977,124.50805825685978,91.69139465875371
2590,78.03036324616485,31.6751694562524,8.927316945183762,76.68236877523553
2591,46.86503719447396,72.6819961509396,16.65353666059572,44.7808764940239
2592,11.093247588424438,94.49072672200252,73.76274615560838,87.42058449809403
2593,54.33812592959841,16.619479197971202,16.96063054805226,99.5858804969434
2594,19.38730853391685,5.0654171075393535,19.264110925965653,97.41219963031423
2595,74.9367088607595,1782.6747632893962,35.660015345364975,507.8947368421052
2596,3.7114479874542603,12.474165928550338,7.122522922212368,67.44186046511628
2597,94.84322508398655,53.23671497584541,34.37592428275658,5.617977528089887
2598,0.1631321370309951,5.830903790087441,1.4250367421353272,68.30188679245282
2599,43.58441558441559,91.28885142576199,70.56437087944934,131.77257525083613
2600,35.62315996074583,94.81446721463878,71.93289420880713,34.375
2601,32.69323091694672,94.13955039499474,73.13205483905777,64.51612903225806
2602,2.4880889359449445,12.238180730101735,7.40345368916797,47.16981132075472
2603,12.160228898426324,27.306536976112135,16.577489828042395,93.58288770053476
2604,1.8805309734513276,23.469387755102055,15.04984327283979,60.18957345971564
2605,2.5396825396825395,514.6031746031747,94.58816116498053,5.0
2606,33.8498789346247,95.51290556697751,72.83169552613401,59.96533795493934
2607,106.88622754491017,77.40596966146084,75.7134839179258,78.34375
2608,46.39830508474576,90.57057610031953,64.87598822045399,181.70731707317074
2609,5.633321952884943,93.55299337611196,73.19248491747614,92.72058823529412
2610,24.477244772447722,54.40835266821347,25.001506539664298,92.72727272727272
2611,13.072203869749883,26.652118326500023,16.167821199843143,94.00428265524626
2612,3.0015797788309637,2.511848341232244,2.751876279281336,65.85365853658537
2613,15.115207373271888,27.513906718014542,16.802752398217486,94.71698113207547
2614,3.1545741324921135,65.15804597701147,47.02777047389816,86.34146341463415
2615,110.51028179741051,55.887714542267965,418.05280437009077,65.2457372116349
2616,1.2861736334405145,82.5431034482759,56.71463292311253,19.230769230769234
2617,23.458445040214475,16033.333333333334,197.4953617810761,18.30985915492958
2618,2.5396825396825395,15.622222222222213,8.945450839511839,59.80861244019139
2619,2.5912215758857746,33.59621451104097,18.281288418982054,22.93577981651376
2620,3.0015797788309637,8.035714285714285,8.308004052684902,90.44368600682594
2621,13.723653395784543,11.94766973068859,12.038845187670754,95.84158415841584
2622,2.073365231259968,79.70297029702968,50.45742434904996,6.666666666666667
2623,67.4136886735312,36.18051649866456,36.040195998520616,8.962264150943396
2624,19.189305735230704,93.660831916516,73.5542161278466,90.67796610169492
2625,2.384737678855326,34.44444444444445,0.30494956603330586,55.319148936170215
2626,20.276896452264207,83.5598714321467,71.14253659871481,86.13722744548909
2627,3.962460896767466,12.063953488372087,8.748441589073721,72.09302325581395
2628,2.4880889359449445,3.2407407407407307,13.451030447315956,80.77803203661327
2629,39.949367088607595,93.4542446107128,72.77755434072326,33.557046979865774
2630,42.69488900361383,90.34525762415694,70.09033283185516,45.89473684210526
2631,43.733749349974,93.86235625330808,72.66025536079933,24.416517055655294
2632,1.1802575107296138,316.3440860215054,93.92290249433105,1.2048192771084338
2633,4.5595854922279795,15.520332106802535,7.108894532325697,83.2
2634,8.630952380952381,25.937927558147926,15.247014518606619,92.70199826238054
2635,47.2562599893447,84.95934762110402,70.328647853445,144.87632508833923
2636,4.212168486739469,4.8058116792400165,1.4712861888941582,57.57575757575758
2637,6.449974606399188,5.888888888888861,2.193305715810619,72.63843648208469
2638,3.103629668595476,0.9818360333824395,6.2187065773437515,50.0
2639,4.162330905306972,4.0075909801295,6.5681947297120225,84.32835820895522
2640,1.1272141706924315,12.145214521452136,7.756471716203254,75.0
2641,3.103629668595476,13.041853512705536,19.855914311955047,64.55696202531645
2642,58.94192064404831,343.1070107291482,282.1301372923323,41.71572750210261
2643,42.69488900361383,93.06674908300411,70.27556333168128,1.3157894736842104
2644,17.39961759082218,0.0,147.44415724701977,16.666666666666664
2645,21.228070175438596,93.55611629557548,73.15261353629873,81.13258916417098
2646,12.618595825426945,28.109841455871326,17.370613333874267,95.78313253012048
2647,34.10965550703542,94.6146058887098,72.50952733691909,60.758776896942244
2648,5.489994869163674,8.918343969890351,2.538747457745983,85.5917667238422
2649,44.56066945606695,91.7802734328671,70.4639472596362,181.70731707317074
2650,13.358419567262464,26.606402128825223,16.18555568892555,94.64627151051626
2651,47.886570358480476,85.75754316187691,67.14853658416999,72.45627980922097
2652,4.5101088646967336,15.08152173913043,0.12788875479583312,60.747663551401864
2653,4.5101088646967336,4.196357878068089,2.6703989616729555,64.85355648535564
2654,3.0015797788309637,1.6260162601625958,1.6153806026813045,85.97662771285476
2655,45.626975763962065,92.09471191125253,69.39488461327089,163.49809885931558
2656,45.934530095036955,87.90498958973406,67.39681854850174,253.57142857142856
2657,3.610675039246468,77.56813417190776,13.168264423925201,18.446601941747574
2658,1.76,265.08620689655174,111.21539061484465,16.831683168316832
2659,557.736865738662,16.4719512195122,315.8793604651163,38.181818181818194
2660,45.24435102469784,90.90495283435075,60.657582290204346,32.12536728697356
2661,12.452471482889733,27.091475898008564,16.175729121773934,94.98207885304659
2662,5.198147195059187,3.9682539682539626,5.384670424461164,56.02094240837696
2663,3.459119496855346,0.9495743287491728,3.1853281853281836,66.4
2664,4.855371900826446,14.66353217749045,9.249342540331892,75.86206896551724
2665,19.403931515535827,97.58167446651291,71.1862600965114,0.0
2666,10.23391812865497,114.92819349962195,148.2295747626705,97.0893970893971
2667,46.3208046585495,87.87828978750389,63.3587502763329,307.64705882352945
2668,98.5632183908046,70.48048903921072,74.04004124196425,72.0113085621971
2669,3.0015797788309637,7.856550580431176,12.405829438278596,58.415841584158414
2670,23.835125448028673,95.91662956916393,75.37137978228634,97.22700172061943
2671,1.9691325172964342,71.29987129987127,83.41159472638608,12.5
2672,47.2562599893447,91.68246183658319,68.43376925858888,250.0
2673,4.756980351602896,28.972868217054238,33.374922021210224,17.647058823529413
2674,55.56091676718938,17.094608623434137,18.724673028871866,99.63049311573484
2675,4.6090108751942,5.068226120857714,7.290474960327714,67.56756756756756
2676,3.8622129436325676,0.1426940639269319,4.509348649639492,49.700598802395206
2677,5.635245901639344,34.18547729127005,26.588720043668896,87.07692307692308
2678,18.7795444778685,93.46964503769031,73.08257777461674,83.34935127342624
2679,3.2054650551760377,7.723239046034386,1.5158302126820653,67.44186046511628
2680,3.408495018353435,53.516310261363884,27.88339770472271,92.97658862876254
2681,13.075506445672191,303.33333333333337,126.24338624338624,12.0
2682,22.44668911335578,82.7503621164584,39.75367583359504,593.0
2683,2.229299363057325,12.588943623426399,13.284107612894399,47.5
2684,12.535612535612536,27.242824219568384,15.795597762398566,94.40373084610259
2685,62.77974087161367,127.86341381081971,78.2187368367825,16.906474820143885
2686,42.034943473792396,93.55458590983415,71.64755530323737,8.333333333333332
2687,0.4909983633387889,406.3120567375887,87.82267874037032,91.92307692307692
2688,26.93375644585482,28.86417191433236,17.834797335143303,97.74979908920439
2689,2.229299363057325,23.756392375639233,58.96843876572685,38.68613138686132
2690,28.179271708683473,75.7452239552492,80.82938570763972,85.59670781893004
2691,5.635245901639344,19.995440036479707,5.2191282850988845,80.32786885245902
2692,2.4471635150166855,23.333333333333346,9.23768649090537,75.29411764705883
2693,14.761684405367886,26.452048626744716,16.058566730542857,94.84029484029483
2694,45.934530095036955,89.27464032572284,66.19501665109607,234.7826086956522
2695,3.103629668595476,10.774647887323976,3.1900391988051204,53.84615384615385
2696,3.7114479874542603,0.274725274725265,28.03008527354604,47.5
2697,13.723653395784543,24.956092206366616,15.85336300533546,95.1247823563552
2698,14.56400742115028,27.26461135579099,16.12052644784564,94.6257197696737
2699,8.312593330014932,17.159427873713582,14.397047978105235,93.23671497584542
2700,47.96573875802998,87.51631429360079,66.46656011700006,236.40776699029126
2701,15.648535564853555,93.52855462839223,73.68816331228678,83.24873096446701
2702,4.855371900826446,20.104735883424407,8.774430938283581,80.60046189376443
2703,3.962460896767466,12.063953488372087,8.748441589073721,72.09302325581395
2704,9.394982784062961,20.665920014933008,16.35625804533714,95.87020648967551
2705,5.246913580246913,16.353940351570202,5.1263824085682375,91.44602851323829
2706,42.47422680412371,92.5869377381453,70.77650847143077,8.11232449297972
2707,12.327463112803427,26.145076674737695,16.67768701504013,93.6842105263158
2708,13.8442521631644,161.70483460559802,111.12574061882816,2.4390243902439024
2709,5.586878523833931,14.679487179487175,6.032888571926131,69.45454545454545
2710,35.75638506876228,93.56246983267738,72.59980813609795,52.14088397790056
2711,3.610675039246468,10.000000000000036,9.155386292448002,55.55555555555556
2712,38.6,28.58701582105837,18.242845807519533,98.82105263157894
2713,2.848101265822785,3.132918682331293,2.630568356374808,84.69945355191257
2714,42.32749742533471,94.85824119269702,68.68292590682104,133.33333333333331
2715,16.082004555808656,21.309657600959024,18.494892431033012,97.11141678129297
2716,32.22958057395143,24.15389690909297,17.42992840334276,98.81790036588798
2717,11.781609195402298,25.785770494838673,15.482321818434608,94.8905109489051
2718,20.671834625322997,28.21584255461837,17.39177751212924,97.14285714285714
2719,26.58429653248306,28.410672853828302,17.211143686839826,97.85714285714285
2720,3.408495018353435,9.337349397590378,0.09576301845033162,53.333333333333336
2721,17.32484076433121,0.0,194.66207262125633,25.37313432835821
2722,20.01258653241032,90.6260683273697,0.23506719889426608,97.21638655462185
2723,4.012506513809275,43.19526627218933,35.61500275785991,23.636363636363637
2724,3.103629668595476,11.3155473781049,5.942592864483905,51.162790697674424
2725,1.208791208791209,232.2028423772611,50.88590358844919,85.02673796791443
2726,2.332979851537646,1.9448946515397014,8.10595689133688,50.588235294117645
2727,38.2,93.90759839001564,72.38236507749156,42.915980230642504
2728,95.72919081845583,2160.0574712643675,3.2822522208206735,73.50157728706624
2729,1.9933554817275747,200.47755491881566,21.86411905381461,44.73684210526316
2730,4.8062015503875966,19.452662721893503,12.33923176521363,88.69448183041723
2731,1.549973276322822,22.35518557058618,12.312494778335603,95.74468085106383
2732,95.29499880842951,89.7184346060666,92.20878029885145,99.02528903766633
2733,41.52585765488991,94.66536920138536,71.82704558089324,10.702875399361023
2734,82.56274768824306,1782.6747632893962,42.11016028086864,124.27184466019416
2735,9.037037037037036,8.82518268690276,5.051634601536766,47.82608695652174
2736,5.828220858895705,12.60561460888525,6.226836318021734,69.23076923076923
2737,2.4364406779661016,8.260507698709956,13.836384060464804,60.37735849056604
2738,565.2043596730247,92.24656201349248,128.954738604172,73.99239543726236
2739,3.8622129436325676,7.984790874524729,4.195606643612098,92.85106382978724
2740,5.489994869163674,16.54991243432574,15.164942094334528,46.835443037974684
2741,13.786650031191517,86.3130562491808,76.36986238300281,85.81371545547594
2742,2.470007057163021,94.51100399375012,73.87944647969712,91.95402298850574
2743,50.62670299727521,93.16579552467549,69.33676590381532,89.34426229508196
2744,38.13093453273363,93.75590031127541,72.4682339152721,15.487804878048781
2745,46.16838127230737,85.89559220122653,74.56413006495123,94.89731237322515
2746,4.5595854922279795,4.554707379134855,5.075248403937722,50.29585798816568
2747,2.6427061310782243,7.335380416240188,14.364788650502936,87.09677419354838
2748,34.69785575048733,93.87551259409909,73.17426608362913,43.75
2749,4.70770822555613,11.17602996254681,7.416040908462708,83.78378378378379
2750,11.56985117618819,27.00472369244778,15.898511768176753,94.1340782122905
2751,3.103629668595476,14.564188248398812,15.164942094334528,47.16981132075472
2752,13.723653395784543,27.450407833518263,17.280213925450848,95.28883903533371
2753,35.291238374938814,93.37033296640789,72.61870761424133,51.0938602681722
2754,36.967294350842415,94.96514867506178,73.53163036289817,51.841556636553165
2755,26.378896882494008,29.726944873776397,17.57664864729876,97.81534460338102
2756,72.31920199501248,94.57002871434453,75.85008540940122,36.95652173913043
2757,6.020408163265306,24.512358840717045,14.704739254763583,89.56521739130436
2758,6.354855109303507,17.71106577285532,5.94806892284711,88.67924528301887
2759,118.67088607594938,79.88595338366031,59.17912149779133,333.125
2760,2.5912215758857746,25.460829493087576,27.506291821228785,43.624161073825505
2761,58.94192064404831,354.57745352927714,261.3255413762925,48.399106478034255
2762,7.4371859296482405,22.31008380643416,12.094512610694123,85.26315789473684
2763,2.4364406779661016,4.368391764051214,9.175749678646243,46.835443037974684
2764,40.09123162696401,93.77836727790758,73.2536871520057,17.793594306049823
2765,8.266932270916334,11.106309420916176,2.836124011191119,67.05882352941175
2766,43.65904365904366,92.08098996043158,70.04020220854858,51.310043668122276
2767,17.69968051118211,17041.66666666667,254.73701675792265,12.0
2768,4.70770822555613,16.656965463717505,7.8183386030468744,76.40449438202246
2769,2.4364406779661016,37.99896319336443,0.8540642534385969,28.8135593220339
2770,9.79431929480901,26.1161161161161,16.06441573518494,95.17518667432509
2771,17.8045515394913,15.400453634581911,16.411024188139027,97.41219963031423
2772,9.838472834067549,25.380240286298566,13.500059840221315,92.65734265734265
2773,2.4880889359449445,11.32897603485835,0.10769302804698258,72.27722772277228
2774,18.170158187259513,94.3638371817076,73.70183548679816,82.47787610619469
2775,0.6472491909385114,32.83961974854339,17.74148645667733,95.3307392996109
2776,72.6706231454006,6.991322709426247,11.320480146300655,96.89922480620154
2777,3.610675039246468,32.13213213213215,48.229396288132,57.57575757575758
2778,15.080789946140035,2325.682382133996,36.785185185185206,681.5533980582524
2779,55.36818437324339,36.396122861844745,44.985307929792924,84.30851063829788
2780,37.10317460317461,95.29427344413484,72.72063858323428,41.86241610738255
2781,19.810725552050474,97.8669134576317,79.85297323039445,0.0
2782,9.350393700787402,25.838133215182406,14.513640785893214,94.28571428571428
2783,0.16260162601626016,7.746264104910025,4.53507297241182,93.73601789709173
2784,2.7968337730870716,7.760814249363868,16.5852583216345,63.793103448275865
2785,1.4973262032085561,125.5482456140351,72.23415682062301,6.329113924050633
2786,12.449145646867372,96.79123011516901,45.63175213407708,98.29213593907879
2787,34.64912280701755,0.0,39.710465466974966,6.329113924050633
2788,15.603053435114504,123.48297549838149,69.37639534308893,82.5
2789,55.1278928136419,27.99986057582185,18.187116736016947,99.64841788046208
2790,130.27511397579002,87.65374382507557,103.17626006561287,88.82352941176471
2791,70.09230769230768,67.31467424844799,28.842863065639513,547.6635514018692
2792,2.1253985122210417,89.68646864686472,160.7223557261217,54.347826086956516
2793,1.1272141706924315,192.2705314009662,34.13292984463224,69.7841726618705
2794,2.848101265822785,54.5338441890166,38.00094921689604,76.27118644067797
2795,4.9044914816726894,18.836805555555543,8.362596050565955,80.73394495412845
2796,5.051546391752577,22.492679355783316,10.14369158640163,87.80841799709724
2797,3.7114479874542603,0.6807866868381257,1.2055551738091288,61.46788990825688
2798,4.788150189459181,93.23162205336119,76.37613195854604,97.22700172061943
2799,58.656330749354005,0.0,205.78139611639807,66.4
2800,4.311688311688312,82.19106957424714,21.82850389380159,39.568345323741006
2801,3.3578174186778593,8.035714285714285,7.520846176308363,88.47736625514403
2802,3.8622129436325676,3.7317196167423337,2.9064486830154284,70.4225352112676
2803,14.498757249378624,94.29390783100023,73.61274625857028,83.64794714487967
2804,4.162330905306972,2.5847808105872607,7.42888064316634,77.83641160949868
2805,1.8646776771443794,99.56597222222217,142.00818989912435,8.695652173913043
2806,59.676487579433854,84.58454367090037,65.16322206661572,3.74251497005988
2807,46.1660497091486,91.10547355926269,65.2360847668223,560.0
2808,65.72385560104206,58.41924398625429,35.8343337334934,91.88405797101449
2809,11.442307692307692,26.747549019607835,15.56415623395602,93.29073482428115
2810,4.311688311688312,15.554392392916338,7.331008530843075,79.41176470588235
2811,42.768595041322314,92.86865619966137,70.57318531299637,79.06976744186046
2812,3.610675039246468,10.943507837917792,13.179511518381954,59.22330097087378
2813,12.535612535612536,26.620076238881822,15.577545848035705,96.70717365738926
2814,139.30403528835163,59.74551866000589,126.32107139149393,93.33008288639688
2815,60.04632310364795,732.7215299164636,280.2751366258646,41.71572750210261
2816,2.7455121436114043,26.24931356397586,32.10242244716229,10.638297872340425
2817,17.69968051118211,0.0,179.24897959183673,6.329113924050633
2818,1.4446227929373996,20.899250624479595,23.224437400120514,55.55555555555556
2819,3.962460896767466,16.09277857484457,8.439682626198152,70.93425605536332
2820,28.576967816983327,15.45801526717559,11.853226138940428,20.0
2821,2.8993147074327883,14.155405405405395,6.774366489152602,93.28
2822,58.39541547277937,27.72503249544456,46.4813655980641,145.74468085106383
2823,27.962962962962962,93.27616155968073,73.02015862770548,78.13190280845691
2824,6.402439024390244,24.286549707602344,13.582409291170947,89.61681087762669
2825,6.402439024390244,23.980341490601393,13.605776134705236,96.02460955986749
2826,0.5822416302765648,93.7725248118683,73.32755622175326,90.55858310626704
2827,9.926650366748166,26.276595744680865,15.060315194160111,93.13164349959116
2828,12.618595825426945,28.271441202475696,16.689796051358552,94.63258785942492
2829,47.49199573105656,91.23124795547486,60.54091788939353,205.2863436123348
2830,93.01675977653632,57.17095246348357,59.66347944985731,77.97202797202797
2831,17.92573623559539,0.0,186.42879471263342,7.6923076923076925
2832,16.726943942133815,9.586795275841249,25.70859297372456,97.21854304635762
2833,43.43539180072652,92.66094715693308,71.01802493034458,30.508474576271187
2834,7.110438729198185,26.188038563262523,15.398733750926114,95.31772575250837
2835,5.344295991778006,29.32063492063492,10.953769262807167,81.73913043478261
2836,72.85803627267042,94.36433780784364,75.74435887621631,36.95652173913043
2837,5.972434915773354,22.983896632932332,14.704406551012204,83.62573099415205
2838,8.358208955223882,24.712643678160916,15.570981226957906,87.5
2839,3.8622129436325676,88.50148367952525,21.13393030054318,83.9080459770115
2840,7.15725806451613,26.029314281505478,15.373654211526269,93.18734793187348
2841,2.8993147074327883,10.000000000000036,12.619025108388815,59.02439024390244
2842,3.509690937663698,6.123579939041298,1.0431219947029728,69.67509025270758
2843,1.6550987720234915,92.7189988623436,79.42399389662408,3.7037037037037033
2844,3.408495018353435,108.62068965517248,23.44758171540153,90.30023094688222
2845,0.5458515283842794,95.71026722925451,37.99483648881237,38.23529411764706
2846,4.212168486739469,15.796798886569233,7.420383419281172,79.51219512195122
2847,6.164034640855833,25.16146688560479,9.64976233941018,88.8
2848,4.361370716510903,4.973821989528786,4.8643838110070545,57.78894472361809
2849,1.7075773745997866,34.83527131782946,37.99483648881237,20.754716981132077
2850,15.928799634869922,28.55702764976959,16.732444108629878,95.77039274924472
2851,3.912363067292645,3.874837872892347,10.506886586185884,66.12903225806451
2852,7.5765178123432015,22.58330165969846,14.028606765623957,93.41176470588235
2853,5.3929121725731894,13.995098039215678,9.951372669142705,91.699604743083
2854,3.459119496855346,8.859397417503564,2.111370476840983,72.81553398058253
2855,38.54636591478697,94.46224223965399,73.59259519824715,36.42201834862385
2856,3.610675039246468,59.56043956043951,44.31969038993766,73.91304347826086
2857,48.52229983879634,85.66604986313095,65.78716030904205,72.45627980922097
2858,4.70770822555613,17.83081102056656,10.940205480516706,75.65217391304347
2859,3.256302521008404,3.693853427895993,0.49986210700497474,67.1875
2860,42.400824317362186,92.55999811270657,72.04105493681455,11.235955056179774
2861,42.32749742533471,93.54444439021715,70.1011688825646,74.55919395465995
2862,42.10796915167095,79.50286931448801,30.040301890682038,54.912166558230325
2863,7.381507381507381,93.6691384924088,73.19746945558265,88.47688726305287
2864,11.143270622286542,27.760291766586732,15.293751838874478,93.70786516853933
2865,47.80748663101605,86.52748899769823,62.46834228479623,365.1006711409396
2866,46.088794926004226,91.90247413638969,56.093448792112575,454.4
2867,5.002578648788035,308.1349206349206,51.32712044355316,11.578947368421053
2868,5.198147195059187,11.983997090380068,8.454651615414562,79.36117936117935
2869,40.804890473764644,93.20029414292293,71.77224312062285,21.60633484162896
2870,5.3929121725731894,9.920996657550894,7.436935505414068,67.1875
2871,76.83941138835573,505.1454596287343,41.406668966006634,133.33333333333331
2872,40.375825292026406,94.27722931754464,71.41259582420089,18.566392479435958
2873,4.70770822555613,21.15288220551378,9.061246876372977,78.51662404092072
2874,6.020408163265306,12.595219332807986,8.649788179146817,74.8502994011976
2875,44.939695857367596,87.53554416935634,54.68313774325241,487.2881355932203
2876,17.39961759082218,670.4119850187268,263.1173811806602,84.58715596330275
2877,6.354855109303507,17.71106577285532,5.94806892284711,88.67924528301887
2878,2.9504741833508956,46.03448275862067,62.076326131625635,68.77323420074349
2879,2.7455121436114043,1.8653690186536878,5.8104922248946265,60.747663551401864
2880,46.86503719447396,89.71215976344592,65.59830817753269,188.75
2881,3.3070866141732282,5.26521824231748,6.387838036121001,69.00369003690037
2882,4.012506513809275,26.8037081821846,17.10046912580668,81.73913043478261
2883,4.162330905306972,1823.4387672343883,1765.1388794720542,92.5531914893617
2884,2.848101265822785,31.66135881104037,12.544541626174283,78.84130982367759
2885,46.47588765235824,88.25425727003051,51.411297895669804,586.1386138613861
2886,14.524361948955915,25.58331219883337,17.461386125387815,95.32033426183844
2887,124.10954712362306,94.06915698824771,97.98432878367777,98.6581657675331
2888,11.950286806883364,10.090984284532688,8.46930592605927,59.22330097087378
2889,39.03420523138833,92.91258644894478,72.57072006335247,51.162790697674424
2890,45.857519788918204,91.88727861245881,67.97864790125755,280.7692307692308
2891,43.13827032625583,93.13878285876511,71.7234685425877,5.47945205479452
2892,2.384737678855326,215.65217391304344,75.23153839849192,7.6923076923076925
2893,39.38477054967222,91.90443764896573,72.80955887313497,22.04724409448819
2894,35.82309582309583,91.46503191208598,72.87758827597193,40.15544041450777
2895,41.67093798052281,92.34151363143552,72.37358309508744,0.5805515239477503
2896,43.13827032625583,91.91919643226936,68.68721292958743,131.77257525083613
2897,17.250159134309357,128.07539682539687,125.45747782395638,4.545454545454546
2898,35.09286412512219,95.45842623950959,73.05100523072913,32.32421875
2899,0.2721829069134458,19.915764139590856,8.56952792758547,77.60000000000001
2900,1.812366737739872,25.295857988165665,21.468191672273306,16.831683168316832
2901,4.361370716510903,7.80922431865826,2.161045687156997,50.29585798816568
2902,44.939695857367596,88.6335112080317,70.65193682420156,58.21917808219178
2903,4.012506513809275,116.71641791044777,46.911289768432624,10.638297872340425
2904,6.471494607087827,93.59713628611695,73.14657842269514,90.64777327935222
2905,4.9044914816726894,25.919342734131213,13.316386546776613,88.9908256880734
2906,46.70912951167728,85.24662360572148,66.50197964684745,233.1730769230769
2907,3.052631578947368,12.467948717948689,15.70106880079926,97.16599190283401
2908,593.2229058211076,89.53797644440323,142.69531249999997,23.243243243243253
2909,5.489994869163674,36.57466837826273,12.332886272968814,88.81491344873503
2910,8.266932270916334,29.1412999362208,4.225093428690138,93.54838709677419
2911,3.7114479874542603,1.1235955056179487,5.0850470857059165,65.4320987654321
2912,46.24338624338624,92.30791223756259,68.11137786796513,158.5820895522388
2913,3.1545741324921135,2.4700988039521454,0.9900673884577377,65.4320987654321
2914,46.088794926004226,92.91042976167174,62.18033095902263,325.15337423312883
2915,2.332979851537646,41.40233722871449,17.661086906672768,16.831683168316832
2916,22.184684684684687,87.90942812566443,45.20563927293124,437.20930232558135
2917,45.320715036803364,90.38376310382552,64.87086315514455,95.76271186440678
2918,10.23391812865497,3.6952590612469227,16.69978415191965,95.62043795620438
2919,96.95037182514288,81.5173702649836,91.95350796949342,99.02099285169383
2920,43.43539180072652,92.48337462838926,68.3813079444208,198.70689655172413
2921,45.857519788918204,92.1226997351908,68.21893676817682,185.1851851851852
2922,82.08168642951252,667.015644303087,21.82992518595743,159.5505617977528
2923,1.2332439678284184,73.25315005727377,51.365161449195064,23.636363636363637
2924,46.24338624338624,90.67982790450795,63.17424539721925,255.38461538461536
2925,2.9504741833508956,475.4465246395524,499.65804960201837,92.44604316546763
2926,3.56020942408377,5.815018315018303,2.329830973047049,65.85365853658537
2927,2.9504741833508956,4740.0,34.025214181235654,7.6923076923076925
2928,30.68396864017302,435.1332075303486,60.117296053192405,77.0981507823613
2929,1.6550987720234915,51.02790014684292,26.805596743320848,47.16981132075472
2930,52.11887727022565,86.86827441171127,61.34940349833964,217.88990825688072
2931,13.464696223316913,91.98227683213489,73.9980201713005,89.76063829787235
2932,15.154306771073239,27.85028939905993,17.303345137961973,95.75543203638202
2933,2.7455121436114043,26.041666666666675,26.471458148476778,53.072625698324025
2934,4.9044914816726894,9.812922651660987,12.533757916006719,88.69448183041723
2935,2.073365231259968,54.94761350407451,0.6527914140316519,48.148148148148145
2936,2.384737678855326,4.630404463040475,5.877173673783855,47.5
2937,7.4232413525068015,94.13958437213294,74.08180032956182,84.62391834923453
2938,65.63432835820896,218.86269070735085,28.14121696109274,92.6444833625219
2939,3.8622129436325676,45.34534534534536,99.30086226986712,3.7037037037037033
2940,7.390648567119156,54.29365695075548,23.54564147145232,98.68626837660307
2941,28.022232515053265,93.15884841158358,73.0684752489384,74.66179159049359
2942,18.09693196976434,27.593238427381706,16.61440315825842,95.88235294117648
2943,14.722222222222223,24.495121397776266,14.928905640601368,94.88740109555691
2944,2.8993147074327883,5613.88888888889,113.18885860533139,5.0
2945,14.56400742115028,27.78682024957221,16.722031250537636,94.26229508196722
2946,5.489994869163674,49.057971014492765,26.865450229936194,5.617977528089887
2947,1.4446227929373996,61.67369901547121,80.91587854654053,5.617977528089887
2948,55.71830985915492,0.0,65.6625816434134,180.5668016194332
2949,2.384737678855326,9.916729750189262,5.640319223801031,80.77803203661327
2950,11.093247588424438,92.52179269933652,73.85351525130643,88.6746200359536
2951,14.64318813716404,28.31753554502368,16.2589209160318,94.27792915531336
2952,3.459119496855346,10.704483074107976,2.5756754595612668,84.18079096045197
2953,15.02288805659592,91.2185794402571,73.79217445025579,90.81389183457051
2954,50.708833151581246,90.54108325105813,71.00295370045916,69.43765281173594
2955,3.1545741324921135,10.15452538631348,0.23911106943596722,82.99595141700405
2956,6.259541984732825,23.017496023630983,12.125111316412642,85.46712802768167
2957,2.848101265822785,14.378109452736323,12.62003231707751,57.360406091370564
2958,26.231477773327995,45.01213003396407,38.17617785820463,93.20388349514563
2959,37.58088601294176,93.05655492474234,71.88704514475093,41.271186440677965
2960,14.04573028464769,27.267759562841526,17.000706211772656,95.04424778761062
2961,1.6025641025641024,15.106544901065458,9.01968964757964,33.85826771653544
2962,37.64387271496276,30.145044794484754,17.942836284586996,99.1421568627451
2963,4.0625,12.494331065759628,10.822108068235439,58.415841584158414
2964,0.3246753246753247,18.73320934077286,8.915000343571794,77.77777777777779
2965,5.780051150895141,35.34675615212529,41.27633618827357,3.4482758620689653
2966,16.871035940803385,93.35917191079578,73.14028162319475,82.48673237300986
2967,3.256302521008404,55.12820512820513,110.10908376191568,6.329113924050633
2968,19.70550021654396,93.54989486582969,73.00637197418463,82.48673237300986
2969,121.29703763010409,20.305450120510706,74.82259789338586,73.70018975332069
2970,16.77228559357837,92.98965780632132,73.55007315334188,83.73239436619718
2971,46.553552492046656,93.20606540914011,69.55868848496179,46.569005397070164
2972,2.332979851537646,37.22879684418145,36.963484945547705,18.446601941747574
2973,3.962460896767466,6.053136127088475,3.1127918242335273,48.148148148148145
2974,3.8120104438642297,10.446911471676627,7.345612134344533,92.94117647058823
2975,13.786650031191517,86.3130562491808,76.36986238300281,85.81371545547594
2976,32.94853294853295,2096.4538905042955,63.03700376532962,725.0
2977,53.89755011135857,2.8474976385284045,91.26883765877055,72.87671232876713
2978,24.149286498353458,75.22154838918968,71.94446111446393,98.37636474392015
2979,29.044684129429893,54.57940251572331,33.85495922324508,86.93623639191291
2980,4.361370716510903,0.20992652571600184,7.634657307186313,68.77323420074349
2981,7.992007992007992,25.57221977160222,14.519822090913495,93.36492890995261
2982,4.311688311688312,7.633587786259516,6.3052988688996585,80.64516129032258
2983,3.103629668595476,88.5144927536232,46.726029630010885,78.06788511749347
2984,11.739338763775754,26.064695909083273,17.751617382371474,95.46191247974069
2985,3.052631578947368,12.820512820512828,11.118810852014828,63.793103448275865
2986,17.85028790786948,3731.666666666667,275.57220356497044,0.0
2987,5.149330587023687,6.140350877192988,3.640506083668614,42.06896551724138
2988,2.332979851537646,0.0,40.42692939244664,16.0
2989,1.4446227929373996,122.83609576427254,87.66732499451393,5.617977528089887
2990,3.3070866141732282,6.014203284509531,2.4094986501001427,74.07407407407408
2991,1.6550987720234915,49.858457183297915,9.872380848562239,48.466257668711656
2992,31.319910514541387,37.6543575259952,13.857612993650239,99.18911091804227
2993,10.102489019033674,26.71791288143489,16.708316625840215,92.13483146067416
2994,199.8526100307063,14.320085511612088,133.65546050527658,92.54901960784314
2995,71.78371659415787,527.5582544297986,33.61747614997972,507.8947368421052
2996,3.0015797788309637,94.37751004016064,114.23561241190423,5.0
2997,4.855371900826446,15.84876089724754,7.670128888648977,75.65217391304347
2998,2.848101265822785,84.78146392838337,5.799877202789509,80.46511627906978
2999,46.47588765235824,92.39742202783283,69.80263596059324,83.33333333333334
3000,24.969450101832994,28.781810189029443,18.21614580216007,98.35519874681809
3001,47.3262796682871,0.0,307.23809523809524,70.1067615658363
3002,23.025491015461764,42.75686977299873,12.598483722313064,84.21052631578947
3003,26.846703733121522,27.619697819390606,18.015060832653916,97.81704781704782
3004,6.734177215189874,22.52023680077321,11.939585278610323,86.83385579937304
3005,42.621259029927764,91.29631154951558,67.43736045993323,219.3548387096774
3006,81.96181698485846,45.68316620691753,77.946949862,54.1969596827495
3007,106.96629213483146,0.0,19.6945035682985,154.54545454545453
3008,7.381507381507381,94.39946499244766,73.89914551597278,84.62391834923453
3009,67.00906344410876,4230.151955565611,557.7140740491074,42.82178217821782
3010,69.36274509803921,109.18608480993284,33.50438837510746,160.5263157894737
3011,46.01162176439514,90.17734906109881,69.27585002447204,112.57668711656441
3012,10.781563126252506,94.21230788727979,74.17550112363702,87.23286661753869
3013,17.31748726655348,91.41952410256286,73.95237249317894,83.46062052505967
3014,39.737108190091,92.34516854486728,72.08348390727605,12.720403022670027
3015,0.914470145239376,149.7420020639835,145.2082981953112,8.695652173913043
3016,40.185893931109895,94.36340871742702,8.062869357475149,28.189116859946477
3017,200.43478260869568,0.0,39.99195691703465,607.1428571428571
3018,4.460580912863071,111.2698412698413,29.51034830893485,22.22222222222222
3019,5.295629820051414,2.3255813953488675,16.20712732973407,94.29347826086956
3020,56.600566572237966,84.89833077575352,61.402995090460536,241.3793103448276
3021,47.96573875802998,90.49154159954851,62.709418873096176,203.9473684210526
3022,2.4364406779661016,188.0952380952381,76.98112006112898,21.73913043478261
3023,3.7114479874542603,9.075144508670542,1.8875458040584314,64.40677966101694
3024,3.103629668595476,3.2630522088353193,5.63156930089488,49.700598802395206
3025,2.7455121436114043,475.462962962963,519.5531125535218,92.57950530035336
3026,21.4498933901919,8.916931162758903,21.461224489795924,98.42075578116187
3027,46.553552492046656,78.32071484697059,69.26414039320211,268.6170212765957
3028,6.068332483426823,10.824009944947615,5.505450956528578,93.66993217784476
3029,7.926591175322139,93.38273510885105,73.15550178721978,87.05882352941177
3030,9.726081778483525,93.15126503974156,72.9226724414519,89.1820168591945
3031,44.83378256963162,46.34270704573547,65.25698346083365,98.06362378976486
3032,2.6427061310782243,40.62334918119387,23.919343522162226,35.38461538461539
3033,1.9169329073482428,41.74653887113954,25.8952783847024,18.446601941747574
3034,5.731832139201638,12.677015250544658,5.408488581404946,67.31517509727627
3035,40.30456852791878,93.64570620351327,71.60337516574155,18.278301886792452
3036,2.384737678855326,3388.748241912799,1890.4333868378812,91.76470588235294
3037,44.48510193413487,93.85014776800067,66.37115341566997,103.82352941176471
3038,13.462742642454604,96.02638653519594,75.77807086007864,96.9634563140829
3039,6.259541984732825,23.036715158385288,14.165272666443645,88.52459016393442
3040,45.78059071729958,92.15552181962752,69.50995979828673,205.2863436123348
3041,35.55664541441883,93.52100134705093,72.99619361982307,48.4375
3042,0.0,123.89637853555378,5.8435320961848465,99.21962095875139
3043,16.83972911963883,28.276619099890226,10.270608099987196,95.16963772282921
3044,1.1272141706924315,122.52873563218391,89.39048073319479,1.2048192771084338
3045,4.8062015503875966,58.51528384279473,40.218355773311195,86.34146341463415
3046,46.70912951167728,88.94865967041865,64.83266899973698,310.0591715976331
3047,1.339046598821639,138.42364532019704,124.30494841755547,33.33333333333333
3048,51.36911281489594,91.33090012411665,64.91301256330003,255.38461538461536
3049,3.3070866141732282,10.370370370370365,1.2572117454576668,74.39024390243902
3050,49.32468935710427,92.38522374789353,71.67422059229904,3.616133518776078
3051,10.515793682526988,93.53733422543658,73.05995838513752,87.62720942688806
3052,7.390648567119156,21.88318411596322,13.089087888104386,87.4439461883408
3053,70.51202961135101,65.65601592672743,24.107085913587134,450.0
3054,8.266932270916334,21.716378859235988,12.734693877551024,90.0355871886121
3055,2.7455121436114043,16.447944006999144,13.856249570535287,50.29585798816568
3056,4.9044914816726894,1.027617212588325,16.286329131884504,47.5
3057,10.146341463414634,37.3462783171521,13.754452551781531,93.23671497584542
3058,23.348281016442453,74.50797416775376,77.39598778758732,83.16603931409452
3059,14.085820895522389,75.18920697597889,26.315047858666258,97.75100401606426
3060,20.259740259740262,2.802922026361769,18.89086456400743,97.77306468716861
3061,4.066265060240964,91.39129527778907,71.33751182761146,84.53125
3062,16.310767832803272,27.882246376811587,17.00138128023962,95.23269012485811
3063,5.731832139201638,6.612432206925326,1.2023099498248573,57.360406091370564
3064,4.5101088646967336,2867.9245283018868,2286.6907045503717,95.71209800918837
3065,3.610675039246468,20.091440182880355,16.369609541279708,89.34010152284264
3066,2.9504741833508956,17.857142857142865,23.30584232077974,52.54237288135594
3067,3.962460896767466,0.33914728682171297,11.488776695347132,48.466257668711656
3068,11.948157148643174,93.53860676900271,73.16462716835989,87.05882352941177
3069,13.11320754716981,28.010701165947932,16.608456457643598,95.01779359430606
3070,109.3939393939394,68.62208727851007,49.781332857956656,371.42857142857144
3071,113.10717039321511,17.819752396097797,72.47476294688127,38.29029385574355
3072,3.610675039246468,7.72453521864364,4.34142539618396,61.46788990825688
3073,10.604241696678672,93.72489194402382,73.32513474358876,87.45247148288973
3074,39.949367088607595,93.4542446107128,72.77755434072326,33.557046979865774
3075,8.349666797334379,93.42617951435318,73.09510319254936,88.15384615384615
3076,43.13827032625583,93.51330501904926,72.27738479862548,19.896193771626297
3077,45.397159389794844,92.6614378468521,68.30581369536985,305.2631578947369
3078,4.112441436751692,38.5496183206107,28.3313325330132,11.578947368421053
3079,36.42645607107601,94.85826924972393,73.34612432688645,41.221374045801525
3080,6.259541984732825,24.011577107907385,11.401800612428262,87.17557251908397
3081,61.92149970708846,30.74130300620803,8.261061460487008,25.09025270758123
3082,39.52549217566885,94.48593838597569,70.61868122853492,11.0397946084724
3083,1.6550987720234915,33.28544061302683,27.86125439186663,44.73684210526316
3084,27.415966386554626,142.8601628530184,65.95458620874786,92.28285077951001
3085,14.736405147364051,93.49596735380068,73.70554246500281,83.38129496402877
3086,1.0209564750134337,133.21995464852608,53.276298809922096,64.85355648535564
3087,95.54140127388536,10655.555555555557,192.97704693388147,25.37313432835821
3088,137.18778908418133,0.0,142.52077727952164,22.22222222222222
3089,8.129675810473817,25.580197539841233,15.20677496561808,91.70779861796645
3090,3.408495018353435,14.347079037800691,16.70511172544944,53.072625698324025
3091,14.325581395348838,28.666706365747626,17.46501528068201,95.26493799323562
3092,2.8993147074327883,6.220215701028358,8.46535224259195,50.588235294117645
3093,44.0333507034914,91.28054914725095,68.9013006599808,98.0
3094,3.761755485893417,1.9806152549515514,11.915387661147953,75.366568914956
3095,10.515793682526988,93.47942764738407,73.2630460805487,87.92262112234228
3096,118.84402216943786,6.127020112994137,75.40043666947179,39.37007874015748
3097,46.3208046585495,92.09403094923265,61.7097291366539,229.99999999999997
3098,2.9504741833508956,1.9990366088632368,2.885141194741564,74.69879518072288
3099,5.295629820051414,8.67432206587952,17.04588579811609,90.68736141906874
3100,6.592292089249494,2.9573934837092675,3.887269193391638,48.466257668711656
3101,14.524361948955915,28.850610494275543,16.392225714297236,95.58591697320021
3102,6.164034640855833,25.157050352759246,12.796491639381383,91.57472417251755
3103,9.79431929480901,23.868007473348733,16.11960197484913,92.72727272727272
3104,7.204030226700252,9.322541966426847,6.721187451555584,65.71428571428571
3105,563.0964237211409,17.017886178861783,281.38035126234905,52.000000000000014
3106,566.414922656961,82.86329500897189,190.24853085210583,26.84491978609625
3107,10.648518815052041,93.39927949142819,73.24853107620287,87.83143107989464
3108,7.297433316557625,23.51453855878633,13.75920854298025,94.54545454545455
3109,33.397683397683394,94.24565737981602,72.74176074041621,32.32421875
3110,67.11003627569528,30.724088796710554,7.751343060902478,99.71181556195965
3111,107.50750750750751,66.90168948368735,63.958097645037846,76.500508646999
3112,2.7968337730870716,114.35657596371884,117.63245444163068,91.31334022750775
3113,3.1545741324921135,1674.3204577968531,1546.3621879978757,92.0303605313093
3114,2.384737678855326,62.05357142857143,84.28698187349471,4.545454545454546
3115,1.7075773745997866,541.6666666666666,76.3873208858011,8.695652173913043
3116,49.270173505921235,537.9251700680273,671.1484100421922,92.27230910763569
3117,4.8062015503875966,17.66861073725135,8.097810689618106,82.01284796573876
3118,44.19872765828537,44.37458591922552,16.09306103612549,99.62049335863378
3119,5.489994869163674,8.665458937198055,1.3832799289468094,79.90430622009569
3120,2.8993147074327883,71.19411431805321,42.73879068355967,37.3134328358209
3121,4.212168486739469,37.26003490401389,14.691545189504376,81.73913043478261
3122,13.154172560113153,27.804868379321277,16.935163215929467,94.87179487179486
3123,2.848101265822785,42.5925925925926,18.281288418982054,20.0
3124,61.260210035005834,40.24976140665954,7.961794902818324,9.174311926605505
3125,1040.7943925233646,0.0,145.3902229845626,36.80000000000001
3126,5.683563748079877,14.742547425474248,9.353433046755415,74.39024390243902
3127,3.7114479874542603,6.646216768916167,8.462965605822733,99.04632152588556
3128,22.68086995117621,94.45501167500713,73.63682978096519,80.53917438921651
3129,14.87985212569316,29.012982780161874,18.73937321505536,95.87020648967551
3130,1.9691325172964342,48.41269841269846,117.8002648646813,6.329113924050633
3131,3.761755485893417,0.31887755102039816,1.0267936962018887,57.78894472361809
3132,5.9244126659857,18.111111111111097,13.069043709437816,75.65217391304347
3133,6.969696969696971,22.572502054714107,11.644703301456847,97.53882215060065
3134,39.455095862764885,95.14991940460841,71.45175014011414,28.333333333333332
3135,17.774936061381077,0.0,231.3872384396797,2.3255813953488373
3136,46.39830508474576,90.09863009539762,67.3469747548549,244.77611940298507
3137,45.168067226890756,94.40944288936957,65.56115370082297,74.21875
3138,3.8622129436325676,4.241848686293119,2.762698251420033,89.69325153374234
3139,6.734177215189874,20.973875661375672,10.786073913019607,78.78787878787878
3140,0.05425935973955508,11.369426751592364,6.073109820182417,74.46808510638297
3141,89.73244147157192,28.978654544093995,20.818419190518966,98.6605007175889
3142,10.408560311284047,140.64921692949656,25.542761075376163,97.7042907898333
3143,44.258872651356995,92.38274118761072,69.76453047402751,39.1566265060241
3144,41.52585765488991,95.81592387126186,75.13487116834112,82.61414952333166
3145,10.515793682526988,94.18001924340095,73.68693976956497,88.29589596351968
3146,2.5396825396825395,134.1935483870968,97.0506912442396,7.6923076923076925
3147,40.30456852791878,93.18051159240537,72.26736081788987,17.793594306049823
3148,3.6610878661087867,17.757009345794373,7.86824746141012,91.28630705394191
3149,11.781609195402298,27.02679417592831,16.43334786725311,94.21487603305785
3150,76.12095032397409,146042.62850034115,99.35331809510237,93.79588182632051
3151,45.168067226890756,91.8366405927831,69.48833403233729,117.24137931034481
3152,2.848101265822785,4.567901234567913,5.387096014876539,68.18181818181817
3153,7.8423722200546235,93.53977730711482,73.10817708917972,88.5036496350365
3154,3.3578174186778593,21.34670487106017,25.70438334545342,29.411764705882355
3155,4.162330905306972,10.154061624649895,4.021144540290344,67.6923076923077
3156,3.962460896767466,64.25339366515834,40.08594939392188,25.0
3157,3.3578174186778593,15.123456790123457,6.1873528806819325,66.12903225806451
3158,41.67093798052281,92.72332312150972,72.82250377422967,60.416666666666664
3159,2.7455121436114043,12.162962962962954,3.5855809178396583,67.31517509727627
3160,1.549973276322822,122.52873563218391,87.82267874037032,8.695652173913043
3161,4.112441436751692,4.536489151873762,9.683459397745136,58.415841584158414
3162,11.866028708133971,18.38410498918581,15.577309934814398,95.41734860883797
3163,4.411001556824079,18.360608670686187,7.70015698587129,71.42857142857143
3164,3.2054650551760377,591.2522315735781,768.3310514660615,92.45283018867924
3165,23.025491015461764,17.156744013305556,16.066219325848124,98.11912225705329
3166,17.774936061381077,0.0,180.43671154662238,0.0
3167,2.5912215758857746,2.6109148017275157,9.74998190182232,57.78894472361809
3168,4.261954261954262,39.538714991762774,22.636155053737458,42.857142857142854
3169,43.286677034733025,93.741332772533,71.73030751763788,22.43816254416961
3170,2.5912215758857746,1.3313363288400661,2.2761642183678323,66.66666666666666
3171,5.731832139201638,1.6260162601625958,2.7630912326738413,76.20396600566572
3172,3.459119496855346,28.39228295819937,19.475507097816298,98.99316792520676
3173,61.63742690058479,42.60137916800624,34.18728322165372,572.8155339805826
3174,2.4471635150166855,23.333333333333346,9.23768649090537,75.29411764705883
3175,47.09952102182012,81.07708674235408,75.09368872603889,14.925373134328357
3176,0.914470145239376,197.02842377260987,138.5064636787191,8.695652173913043
3177,17.85028790786948,0.0,249.06122448979588,0.0
3178,28.7977632805219,95.90810746601402,75.62964351867463,96.08828177918267
3179,31.43128863528293,95.81029300809864,72.70082465952623,65.41916167664671
3180,49.031543995572775,41.162313882858584,17.3922899265227,99.36827855907347
3181,4.5101088646967336,9.946589615620345,9.901475206328342,80.28169014084507
3182,2.8993147074327883,23.890784982935152,19.345331130263908,43.624161073825505
3183,41.453428863868986,93.12354639028135,71.3296168544309,19.230769230769234
3184,17.0194750211685,94.4690430683558,73.65704842346523,86.07035175879398
3185,46.3208046585495,91.55372470484792,66.11574507125796,264.7368421052632
3186,45.703742751713236,92.10854889639175,67.0246481170804,223.83177570093457
3187,24.508196721311474,17.049361934769156,16.029923382660492,98.29268292682927
3188,6.449974606399188,17.687074829931966,9.583546180064161,90.2665121668598
3189,4.8062015503875966,8.82092198581561,0.7658389417498296,67.31517509727627
3190,3.761755485893417,106.83760683760686,78.57838906367456,4.545454545454546
3191,6.781376518218623,22.343283582089548,12.44283666643917,88.50889192886456
3192,7.110438729198185,23.240027646129565,17.29175595159084,93.89978213507625
3193,9.661598822952428,24.17306958748842,16.476823948671672,92.81437125748504
3194,21.815777875716176,94.38195963343651,73.53622353282533,77.31587561374795
3195,39.1742195367573,93.67791957385812,72.15028411175619,14.760147601476014
3196,0.2707092582566324,288.9061689994816,60.76586542046781,93.42723004694837
3197,13.683223992502343,26.7357373519914,15.451641139800168,94.3089430894309
3198,4.361370716510903,36.823992133726655,46.55242249571583,22.22222222222222
3199,4.5101088646967336,5.65302144249512,7.611321718292695,78.35051546391753
3200,7.15725806451613,21.941206656403487,13.082364419871542,85.15901060070671
3201,81.84210526315789,58.16278303801342,0.29432841599601856,86.79245283018868
3202,53.130193905817166,1115.894117957735,31.246671726764706,22.007042253521128
3203,3.2054650551760377,100.66334991708126,79.60171962247367,7.6923076923076925
3204,3.8120104438642297,6.729166666666673,1.4746543778801862,82.82208588957054
3205,2.7455121436114043,8.035714285714285,6.779206023186274,65.9919028340081
3206,2.4364406779661016,19.09448818897638,15.779332405594134,66.79841897233202
3207,44.10844629822732,92.60084154165739,69.22930835603907,142.30769230769232
3208,2.073365231259968,73.85057471264369,93.24485038770757,14.285714285714285
3209,0.05425935973955508,10.161790780141843,4.796158141000593,95.64541213063764
3210,8.49478390461997,174.55429497568886,52.70014681180313,83.4319526627219
3211,2.384737678855326,74.60317460317461,40.3261203979079,62.66666666666667
3212,7.344064386317907,17.283400208054683,7.767820194702803,87.94835007173602
3213,5.9244126659857,110.03236245954686,127.72296663588831,95.2191235059761
3214,46.47588765235824,90.1698268416385,68.22162500969023,129.4701986754967
3215,5.972434915773354,24.021376085504336,11.239268510057423,82.12765957446808
3216,2.7455121436114043,13.597690671528401,6.5237139845226375,66.26506024096386
3217,3.103629668595476,7.193200663349912,1.8193114439687001,62.16216216216216
3218,3.610675039246468,260.84656084656086,285.1774591180289,93.28
3219,1.208791208791209,0.0,132.0885801128962,23.52941176470588
3220,38.61584754262788,94.27587856636704,72.86684930028174,42.96296296296296
3221,40.9484956654768,91.06516964011628,71.72052690082363,9.8256735340729
3222,2.073365231259968,5.5148853099072666,3.7279328909477902,51.445086705202314
3223,10.25129637016354,94.23981701935396,73.58048758872046,87.81431334622823
3224,14.638665843113033,212.39684031086892,66.14729835678482,38.23529411764706
3225,4.460580912863071,8.535879629629628,2.278299348203072,81.12359550561797
3226,16.726943942133815,29.034974886683827,16.76118060072339,98.70029398112332
3227,18.297369198935858,83.31250164865747,76.54902214744894,85.94320486815415
3228,3.0015797788309637,2903.710812539987,3155.537098560354,95.6701030927835
3229,4.261954261954262,17.317232986988667,8.817708098692043,78.51662404092072
3230,7.344064386317907,25.857843137254893,14.726914633027208,92.67654751525718
3231,62.87566293459045,470.5075040270895,37.05561483543895,347.0967741935484
3232,24.969450101832994,193.1756272401434,122.7003698561774,95.62043795620438
3233,26.053793657165798,3.5750251762336505,17.814213184361552,91.30434782608695
3234,45.78059071729958,91.73606448675842,71.20993966445606,108.73493975903614
3235,4.953560371517028,5.799173816332993,11.192243367620211,86.7298578199052
3236,10.364963503649635,26.37400537038404,16.24681311364943,93.33862014274385
3237,1.8646776771443794,56.111000464714856,22.57630625969995,99.30110658124636
3238,3.8120104438642297,8.160322952710548,4.100941075730965,44.370860927152314
3239,57.01283547257876,17.620192902954205,16.69563091706755,99.6197202227353
3240,1.5429831006612784,94.57012539746023,73.67333764875228,91.32882882882883
3241,3.1545741324921135,314.5610278372592,67.85260536479323,89.97613365155132
3242,28.27298050139276,316.3440860215054,92.60593881015905,1.2048192771084338
3243,31.681753215817054,93.36381909630256,72.67000384601965,51.67364016736402
3244,3.2054650551760377,3.2483758120939474,2.3652053413958383,49.700598802395206
3245,5.9244126659857,2.515223722531115,2.1765026072276696,50.0
3246,53.625377643504535,17.79413052258175,17.328382684202424,99.70166216792158
3247,2.5912215758857746,8.136370147543333,0.10032295746580902,70.93425605536332
3248,5.828220858895705,16.378153515834676,9.962244168277175,86.9969040247678
3249,24.135090609555192,28.931818985953374,17.34256534775748,97.7042907898333
3250,5.295629820051414,9.267448567583155,11.366994919848693,90.23255813953487
3251,6.3072227873855535,8.299430431244922,2.27691832876817,48.78048780487805
3252,33.97964129907901,93.11700266240709,74.25859045697982,60.803167420814475
3253,3.3070866141732282,18.945487042001805,18.596971026084265,61.29032258064516
3254,5.780051150895141,13.415348564733456,5.8382038261313856,47.82608695652174
3255,44.78784704033526,90.97759698104124,60.79642512083171,317.4698795180723
3256,5.149330587023687,21.0,8.951927976898256,53.591160220994475
3257,49.729144095341276,81.64823911931208,67.71088771369847,141.46341463414635
3258,8.7667161961367,26.337882683897057,16.16460195101497,93.96117900790799
3259,5.051546391752577,3.675474254742546,6.143910719163368,93.61702127659575
3260,6.49746192893401,8.358208955223889,1.8230242916839068,56.02094240837696
3261,1.0741138560687433,124.07407407407409,196.5325936199722,22.93577981651376
3262,7.669172932330827,816.6666666666666,118.8769946364587,33.33333333333333
3263,2.2197558268590454,30.234833659491205,19.806221868729764,59.61538461538461
3264,4.5595854922279795,27.1251193887297,29.090689530249975,20.0
3265,2.177376526818906,2384.4827586206898,2467.399149275963,95.69672131147541
3266,45.397159389794844,92.03715520785234,69.06077677250164,225.35211267605635
3267,4.953560371517028,16.772486772486765,7.186756155617124,81.4977973568282
3268,11.527377521613833,27.27294324472001,16.852325715618214,94.43708609271523
3269,22.01524132091448,0.0,17.274866687072706,98.21580288870008
3270,1.1532125205930808,158.89639639639643,16.80589334179268,94.4954128440367
3271,3.6610878661087867,86.2903225806452,27.10044586218146,91.6583912611718
3272,38.476953907815634,88.60366366047582,70.28117566288078,274.5945945945946
3273,45.55028962611901,91.21418443798281,66.06190407372627,180.5668016194332
3274,2.106430155210643,15.789473684210526,15.912171320140944,76.66666666666667
3275,95.40820142091488,71.71652585899666,28.115054545857816,97.48578269979048
3276,63.64712847838958,46.75263295747163,2.201832906922709,86.79245283018868
3277,2.6427061310782243,147.79956427015253,18.685819607384218,84.18079096045197
3278,49.14411927112093,1215.8750000000002,1044.8281609734247,95.03839338452451
3279,2.9504741833508956,1.174068402246038,3.4454834967180514,49.39759036144578
3280,58.12356979405035,70.3774949832088,42.67956410976868,29.291044776119403
3281,48.82235528942116,85.29971412247583,75.19533172326908,94.10903768752287
3282,0.3785830178474851,11.406551059730246,3.3368916797488044,75.93123209169055
3283,4.6090108751942,0.097323600973218,9.288618673275764,50.588235294117645
3284,2.2811671087533156,85.204081632653,52.561723990295405,80.23529411764706
3285,27.53737214791503,132.525810078708,97.3083541472599,96.2749445676275
3286,33.8498789346247,94.16526416335931,73.47807842667125,49.56331877729257
3287,1.7075773745997866,87.59689922480621,45.44217687074829,27.586206896551722
3288,4.5595854922279795,18.836805555555543,7.720468745531088,84.75499092558984
3289,4.0625,9.637561779242178,1.2331329026681952,74.77477477477478
3290,18.22070145423439,93.05755873793402,73.57391939382694,82.35294117647058
3291,12.701421800947868,26.662146614069698,15.687084700001488,94.45910290237467
3292,10.625909752547306,25.264201728290136,15.432972071006354,92.25092250922509
3293,45.934530095036955,89.69338633235733,66.246174313549,312.5
3294,2.5396825396825395,7.72792022792024,16.286329131884504,76.0
3295,34.35448577680525,112.28070175438599,79.92846623185356,6.329113924050633
3296,79.48051948051949,46.601723370895556,117.56584406336121,16.906474820143885
3297,43.58441558441559,91.85611425549116,67.68970241019575,180.5668016194332
3298,45.857519788918204,91.2229614765063,69.49871978492035,157.62081784386618
3299,122.9837113715939,94.2008719531581,102.87274090623899,98.6581657675331
3300,2.2811671087533156,4.490500863557861,13.588117759837385,89.5
3301,30.685579196217493,94.81341113286102,72.79200985016455,66.31016042780749
3302,4.411001556824079,8.649441084845158,8.67698430723641,76.13636363636364
3303,24.831427733802407,65.89034900459251,70.88980465068894,98.12166040553468
3304,4.411001556824079,5.239925957567983,7.33518647401783,70.4225352112676
3305,4.953560371517028,11.072862880091803,20.446326348883268,45.806451612903224
3306,45.78059071729958,92.68074606064597,67.62324757008213,115.21739130434783
3307,5.731832139201638,9.15915915915915,10.83747626729881,87.40629685157421
3308,62.97169811320755,0.0,4.753924919396182,142.30769230769232
3309,24.446267432321577,28.588290840415475,17.80367875786216,97.88466381264165
3310,6.54490106544901,12.949640287769798,12.174929693177868,90.68736141906874
3311,7.344064386317907,20.05496111793253,12.387400691101334,90.80962800875274
3312,4.756980351602896,8.46070711749269,5.169312351842473,64.70588235294117
3313,3.103629668595476,166.9818754925138,46.516632173352875,38.23529411764706
3314,39.1742195367573,92.76488692564705,72.63067900451685,34.25047438330171
3315,46.1660497091486,0.0,61.746851691703355,274.5945945945946
3316,17.92573623559539,0.0,292.463016952813,1.2048192771084338
3317,10.66925315227934,25.829634326780827,17.4417127478408,97.50445632798575
3318,4.0625,56.220657276995325,37.06592584677852,23.636363636363637
3319,44.91626794258373,34.41997928497445,15.401875058609887,98.85339885339886
3320,52.11887727022565,91.90780145603681,68.84117157586942,193.64406779661016
3321,139.4605198626778,77.6088417995536,106.01775596257743,84.86725663716814
3322,3.052631578947368,4.968454258675091,6.233553593357113,62.5
3323,3.3578174186778593,12.616822429906534,0.8118765947576061,66.53386454183267
3324,4.658385093167702,1.139817629179328,0.6782467359850711,50.29585798816568
3325,3.56020942408377,1.966292134831426,11.633249791144515,50.0
3326,7.622868605817453,27.045650301464256,14.286221762110296,93.28
3327,4.460580912863071,11.437389770723094,5.286214713675901,79.85611510791367
3328,11.527377521613833,26.46986242211119,15.069201967071525,93.66037735849056
3329,13.602251407129456,27.4645769910174,16.492530026364616,94.82120838471023
3330,2.6427061310782243,6.5849227974568425,1.1592145729832033,66.12903225806451
3331,3.1545741324921135,7.914764079147629,1.8674191875834065,58.620689655172406
3332,67.91248860528715,52333.33333333335,111.80899544283731,69.45454545454545
3333,8.449304174950298,23.377097009482117,10.862331204978345,91.41981613891727
3334,6.116207951070336,23.50072254335259,12.6498879435156,87.33031674208145
3335,8.7667161961367,33.89107051391496,13.950316392013065,93.54838709677419
3336,15.115207373271888,40.5335829627896,16.41381540238443,96.65871121718376
3337,2.4880889359449445,10.037174721189606,3.8116935329479116,67.81609195402298
3338,111.30698211194465,90.05164250089437,103.30960185754283,97.68527918781726
3339,8.992094861660078,21.79561016189926,11.143229328205447,91.73228346456693
3340,3.103629668595476,3.154305200341008,6.036660969806645,83.9080459770115
3341,2.7968337730870716,12.23188405797102,8.538937963244987,73.66771159874608
3342,1.812366737739872,620.7103825136613,768.6130007558578,92.22941720629048
3343,28.131096371439718,10.841010494073162,3.1616244487744893,98.36956521739131
3344,36.89945517582962,92.9096853601903,72.77797036297346,48.4375
3345,58.39541547277937,121.73724989852883,124.70328495711081,30.754716981132074
3346,43.883394065590835,91.92803929054281,68.49307076969187,157.62081784386618
3347,3.6610878661087867,33.50754936120788,50.00103175749572,22.22222222222222
3348,6.734177215189874,13.52201257861635,6.3633290965091485,67.6923076923077
3349,47.02127659574468,90.6637517128814,62.952151398907105,208.0
3350,54.86400392060769,680.6451612903226,6.834192751833852,58.415841584158414
3351,35.55664541441883,95.81061306910583,76.32802308247875,97.05244353706776
3352,88.17487321050267,0.0,101.18086796409185,90.11764705882352
3353,6.068332483426823,14.384329968073168,8.652985508500448,83.03030303030303
3354,4.460580912863071,7.4569789674952345,7.373589513000449,55.55555555555556
3355,15.271389144434222,28.568416613957414,17.11247198190047,94.10112359550563
3356,15.232397606994938,28.44607225973825,16.80271687700649,95.85389930898322
3357,11.3997113997114,24.042116846738697,18.892943378303254,96.48829431438128
3358,66.53950953678475,2115.492957746479,27.58466520044619,78.40616966580977
3359,48.61924686192469,30.415381803034524,18.213973669724854,99.15772585982153
3360,1.8646776771443794,25.551232166018167,43.68601447165036,6.329113924050633
3361,431.68058076225054,21.385365853658538,119.26171654432514,37.81818181818181
3362,25.334414268342115,29.45214931346168,17.600315654504932,97.61092150170649
3363,39.455095862764885,93.64562318317337,72.15326493941048,36.53846153846153
3364,19.240724762726487,93.6352164248083,73.07133004565439,83.3092485549133
3365,4.162330905306972,31.65182987141443,25.261204960453064,28.205128205128204
3366,2.5912215758857746,15.065065065065067,15.538177887977614,26.956521739130434
3367,11.56985117618819,40.12944983818769,15.276401822865072,94.61538461538461
3368,2.7455121436114043,21.78804026050916,18.508440413202308,48.466257668711656
3369,13.642756680731363,23.387604215825068,15.44008432605993,96.58119658119658
3370,2.848101265822785,10.328855951829526,7.53617199175409,64.70588235294117
3371,9.216362740266142,20.874839059429444,11.138916301179558,91.74041297935102
3372,76.8838337375596,656639.7132608372,99.24418545434706,96.68817204301075
3373,2.332979851537646,43.40740740740742,47.13336497389651,44.73684210526316
3374,3.1545741324921135,85.97502401536985,82.38729575431452,3.7037037037037033
3375,42.54770500257865,90.7028406751141,60.82659203036593,335.8490566037736
3376,5.002578648788035,21.902268760907507,38.81844719927737,88.77005347593582
3377,81.60315374507228,1322.4653767075433,129.68858062174317,108.10810810810811
3378,44.40961337513062,91.57184808036547,72.13573072962113,53.31858407079646
3379,2.5912215758857746,0.0,99.37591908468133,21.73913043478261
3380,43.064182194616976,92.38554190782853,58.53442915317431,371.42857142857144
3381,3.610675039246468,6.501987507098256,4.530932571293681,53.84615384615385
3382,10.97148380860319,28.215372907153725,16.23041582142527,95.07042253521126
3383,15.349264705882353,27.38973706530958,16.425646636419483,94.07198306280875
3384,52.960708356391805,91.24160203162295,67.98597344308796,169.6498054474708
3385,3.103629668595476,111.96196196196198,10.113950943153283,77.60000000000001
3386,1.0209564750134337,1636.5740740740741,10.07802860161029,42.465753424657535
3387,2.384737678855326,81.04738154613462,1.7341651686581403,54.347826086956516
3388,46.70912951167728,88.63119104293844,48.61954022083785,621.875
3389,47.886570358480476,86.87762567612968,70.76556055645179,76.33587786259542
3390,4.5101088646967336,66.32302405498282,41.51130722559296,70.62937062937063
3391,4.756980351602896,5.980980980980988,11.058816121898039,50.29585798816568
3392,61.3543490951547,26.35795993936038,30.95591269372891,205.2863436123348
3393,2.073365231259968,1.7875920084122037,15.941505034254618,46.835443037974684
3394,3.610675039246468,5.032317636195759,5.7554530803720985,61.64383561643836
3395,42.51247920133112,92.35357439923,84.88050233058611,95.61669829222012
3396,2.4364406779661016,19.14660831509849,27.357422829026532,38.68613138686132
3397,8.221225710014949,5.418138987043582,13.685348335970529,92.34972677595628
3398,40.9484956654768,95.22070456497516,71.10957764837147,17.857142857142858
3399,2.848101265822785,9.141364675155083,3.0385487528344712,76.92307692307693
3400,43.58441558441559,95.96446376965709,73.95639431918649,66.3265306122449
3401,3.2054650551760377,1.2415654520917803,4.401562605240105,65.85365853658537
3402,49.22822491730982,20.437075195429085,18.18497463873352,99.45011783189317
3403,1.76,351.0964912280702,62.40441586063707,92.14953271028037
3404,50.02712967986977,30.261529134768573,18.120827029450112,99.1829588561424
3405,0.4909983633387889,8.469742063492056,1.491288413650504,85.07992895204262
3406,2.7455121436114043,9.597701149425262,3.9317007414064387,66.26506024096386
3407,29.948283968030086,94.24844776999166,73.32787361901143,46.52777777777778
3408,19.75736568457539,94.33806009727229,73.52215223495271,82.73972602739727
3409,14.444960520204367,28.187714145863918,17.22686110310144,96.5072765072765
3410,77.97810688989053,213.77912721489926,25.494720067065856,7.608695652173914
3411,3.610675039246468,5.839243498818001,2.73413098841959,61.990950226244344
3412,37.10317460317461,95.3825735333453,72.22574783220576,44.64856230031949
3413,38.518024032042725,28.206135238770912,18.513660905293897,99.1421568627451
3414,4.311688311688312,7.091237579042471,1.814006888633742,67.05882352941175
3415,9.30576070901034,11.590651236668952,19.601438906771413,93.3596837944664
3416,81.84210526315789,82.19433193123183,39.91237065299889,22.134831460674157
3417,45.626975763962065,91.16656067816072,68.63985750631072,429.00763358778624
3418,1.6025641025641024,315.80756013745713,64.99742754244554,8.695652173913043
3419,1.208791208791209,17.14598740071213,1.4292300599354502,74.54545454545455
3420,4.953560371517028,12.045690550363423,5.725596955550656,68.53932584269663
3421,3.2054650551760377,232.84789644012955,88.07178043631245,9.67741935483871
3422,3.256302521008404,59.210526315789515,47.61295563001319,77.83641160949868
3423,167.7325581395349,5546.666666666667,136.43309540564996,15.068493150684931
3424,2.384737678855326,3.823913448983401,6.814920673649456,63.793103448275865
3425,3.052631578947368,0.4115226337448501,10.024701523260592,74.77477477477478
3426,21.516829995739243,17.27816809784023,16.00795607490918,98.20933702835217
3427,13.48050728041334,28.419654714475428,16.822128786005074,94.33962264150944
3428,26.496408619313648,28.493525836596454,17.93861388672099,97.76179056754596
3429,12.660550458715598,112.28070175438599,136.22773950344472,2.4390243902439024
3430,5.1004636785162285,15.124945199473927,10.731103080013554,66.12903225806451
3431,41.453428863868986,91.30932446489346,68.37570752209334,236.40776699029126
3432,28.438661710037177,83.44606315548772,74.4901205250237,17.20430107526882
3433,4.953560371517028,12.720210847551664,8.573872140260837,71.33105802047781
3434,4.411001556824079,2.2092267706302895,0.8035674010684271,57.78894472361809
3435,2.332979851537646,5.676855895196539,16.70942737048965,49.700598802395206
3436,11.484863046612205,26.806260575296108,13.82025626356436,94.08866995073892
3437,17.47448979591837,0.0,163.8691761801913,18.30985915492958
3438,18.539066111881645,447.14640198511165,63.14810072556553,202.6315789473684
3439,34.50121654501216,94.67988806400496,72.77142934183072,52.14088397790056
3440,9.30576070901034,28.945990424895268,15.551461266282123,93.03482587064677
3441,42.181069958847736,94.49944015715461,71.40272593887144,19.791666666666664
3442,5.731832139201638,7.639979068550488,13.331566392790878,49.09090909090909
3443,32.122370936902485,96.54511493638681,78.68784119243877,93.51973069010661
3444,2.1253985122210417,228.80434782608697,100.78743001625429,7.6923076923076925
3445,4.361370716510903,3.4740780331373906,2.024909730065056,64.85355648535564
3446,3.408495018353435,5546.666666666667,62.14837286265856,9.090909090909092
3447,44.40961337513062,92.00902052933193,69.49825809376038,129.4701986754967
3448,45950.0,0.0,6.166337502743036,37.3134328358209
3449,1.76,58.45238095238099,48.42779340475192,46.15384615384615
3450,38.3740381398461,29.156058462989137,17.863274889401783,98.80935506732813
3451,5.635245901639344,21.64442700156984,12.806605955113817,83.9080459770115
3452,4.212168486739469,79.25925925925927,60.414165666266506,16.0
3453,5.9244126659857,0.6280193236714866,4.419160873549859,61.81818181818181
3454,184.42330097087384,9.518867225146419,121.56451036454612,90.3932584269663
3455,10.075667064914377,94.2510212618649,73.82580103773674,88.99825369106208
3456,5.246913580246913,14.391381251004987,3.6181000466714845,81.45695364238411
3457,38.68539889613648,93.72527700679697,72.04701407535428,4.807692307692308
3458,6.020408163265306,21.98435054773084,14.445778311324533,84.32835820895522
3459,2.332979851537646,3.418803418803425,11.13521820688408,76.0
3460,43.65904365904366,92.98952643356542,65.21359424864926,165.51724137931035
3461,64.52380952380953,94.01273617948598,72.59152558187795,92.94369208838204
3462,26.96272799365583,25.380519334712638,18.15542944984303,97.81534460338102
3463,18.09693196976434,28.111867845239818,17.048188096531394,96.07293127629734
3464,3.052631578947368,2.744919623900504,0.4181094820599635,69.00369003690037
3465,1.8646776771443794,2.654625068418218,8.380894113534074,47.16981132075472
3466,12.0763723150358,23.983878680237737,41.56780081561547,96.29955947136564
3467,2.332979851537646,98.12865497076024,4.89588345740513,85.23725834797891
3468,42.768595041322314,94.20537161191321,70.37961079419482,28.09611829944547
3469,130.38376848065434,75.795273041226,92.16154245500692,84.86725663716814
3470,2.073365231259968,21.44160583941607,18.235336092478935,52.27272727272727
3471,1.4446227929373996,190.23986765922254,94.5634405702826,54.59459459459459
3472,45.55028962611901,91.51611107331485,70.09500163192158,106.25
3473,2.5396825396825395,26.666666666666693,3.021541950113378,17.647058823529413
3474,0.8762322015334063,73.95224171539961,7.45565886756516,98.62249918005904
3475,8.58560794044665,19.74191992281717,13.838513838513872,92.54658385093167
3476,566.7182521620392,76.61604366751882,196.87500000000003,27.85046728971964
3477,36.763978228599704,95.18637568942788,72.39372957989436,95.98911911100821
3478,46.7870419543282,85.44975821382525,60.143372337836695,289.3258426966292
3479,40.804890473764644,88.9362078686157,70.40701294581014,1.702127659574468
3480,39.455095862764885,92.14820648405365,72.51178183974481,34.312796208530806
3481,95.51333576909025,76.18884175167382,33.471780535223886,99.56548727498448
3482,43.80853277835588,92.86865619966137,71.05596116492006,63.829787234042556
3483,3.8120104438642297,1.9353369763205774,2.4189867640346936,72.81553398058253
3484,16.14123581336696,653.7037037037036,172.44608344757012,85.0
3485,0.6557377049180327,264.5348837209303,165.63106510615773,96.0839160839161
3486,35.22504892367906,93.51443012333156,73.40671794805051,53.23886639676113
3487,60.231884057971016,422.9652120248321,17.57645496257123,180.5668016194332
3488,56.83149753925475,34.32315448539535,18.33842730055692,99.62777506979218
3489,10.71255453223461,25.718390804597714,15.130212084833964,92.31473010064045
3490,0.21668472372697722,6.342651418890299,7.065680752810531,87.75510204081633
3491,7.297433316557625,38.417540514775986,11.101662887377167,49.39759036144578
3492,4.6090108751942,6.065016982047544,2.3543128942836944,50.0
3493,14.524361948955915,28.244580678767477,16.499301634374163,95.0
3494,51.038251366120214,85.97905286713086,40.63266400163801,405.83941605839414
3495,3.0015797788309637,3.092903828197961,3.115655445162525,77.89473684210526
3496,23.003003003003002,68.88789524113702,75.22183367498694,83.16603931409452
3497,43.80853277835588,92.09044318762697,72.01254574966785,60.78886310904872
3498,7.992007992007992,22.044817927170865,13.310514547345997,87.96561604584528
3499,67.21113127646703,36.80837021366613,27.963844932131103,377.9310344827586
3500,10.870437224227839,93.49680565357721,73.336054001519,87.81431334622823
3501,48.46110800223839,29.277287461278977,18.278970691422483,99.14694830912968
3502,44.863731656184484,92.11265581864187,71.30520869479737,215.0
3503,0.6472491909385114,10.571979434447298,5.803520054711132,84.35754189944134
3504,18.42330762639246,91.56746334217385,73.85647968026944,82.90577207696103
3505,6.068332483426823,18.89092017062766,8.706033521960482,84.72727272727273
3506,3.0015797788309637,90.414878397711,88.73032220097097,14.285714285714285
3507,4.5595854922279795,1.8064835436772964,4.610382436037018,49.39759036144578
3508,68.2288496652465,527.5582544297986,16.554362625150574,22.43816254416961
3509,16.952209197475206,27.341781743100157,17.091358177158938,96.16438356164385
3510,5.246913580246913,38.3879781420765,9.433011249691692,86.64546899841018
3511,47.64957264957265,89.85578133912155,62.582420271772534,228.43601895734596
3512,3.962460896767466,9.843971631205681,5.975455508836705,50.588235294117645
3513,45.397159389794844,90.82517171886259,70.1727173241463,243.06930693069307
3514,1.7679558011049725,36.5128205128205,32.366909027762055,90.67702552719201
3515,45.78059071729958,87.59680287708098,70.76941858681913,115.21739130434783
3516,57.033248081841435,11193.333333333336,153.27661407570946,23.52941176470588
3517,2.5912215758857746,27.72222222222225,97.01330731495781,7.6923076923076925
3518,20.63765618267988,46.329415772440825,18.062841680932134,78.51662404092072
3519,38.06193806193806,95.05354203788787,71.96162411865893,6.097560975609756
3520,1.1802575107296138,62.17948717948719,34.25431711145996,22.93577981651376
3521,70.09230769230768,0.0,30.836616839593034,169.6498054474708
3522,48.76216968011127,20738.888888888887,380.73324567922396,87.80841799709724
3523,46.47588765235824,92.43611746216027,63.16450384996597,248.24120603015075
3524,11.227364185110664,94.41826949398782,73.70955335704183,89.3955623565417
3525,47.72848743987173,92.58424514706294,66.2250699285946,264.7368421052632
3526,6.969696969696971,20.024323181049066,11.577290937793688,88.73994638069705
3527,45.857519788918204,92.80576957002876,64.97787108731863,320.0
3528,3.509690937663698,15.796798886569233,3.2444117066501064,71.71717171717171
3529,1.2332439678284184,65.47008547008548,105.88910700396306,13.513513513513514
3530,3.56020942408377,16.976024748646577,12.758541618894736,78.18181818181819
3531,16.722972972972975,89.85781370562233,68.25406905349865,88.52838933951332
3532,33.91472868217054,96.00061327129706,76.7613509390728,95.97794544399304
3533,2.7455121436114043,8.035714285714285,6.779206023186274,65.9919028340081
3534,46.47588765235824,92.49884396139446,69.30301326334258,118.61198738170347
3535,11.568746214415505,97.43589743589747,85.01478329847843,7.6923076923076925
3536,2.2811671087533156,112.28070175438599,7.538259484533191,85.23725834797891
3537,8.449304174950298,25.19492502883507,15.516161781960314,87.5
3538,13.48050728041334,27.713495157841784,16.626441941011237,94.33198380566802
3539,2.021276595744681,5.663672654690627,8.424514384066876,49.700598802395206
3540,38.763297872340424,12.81187714621905,16.110192071578528,98.91864057672502
3541,11.866028708133971,32.56023013304565,15.136302168412561,95.06172839506173
3542,161.00094428706328,0.0,39.2883450215895,670.0
3543,4.411001556824079,93.91025641025641,95.29338237061609,6.666666666666667
3544,34.04461687681862,94.49964408882936,72.7296758100988,45.94383775351014
3545,19.861231569817868,93.61350730883589,73.06352683047812,83.64022662889519
3546,4.012506513809275,19.748088169140814,17.010643354024737,22.93577981651376
3547,25.89595375722543,42.43893343278018,65.91796322489392,127.40112994350284
3548,22.337735318909807,110.04743927679729,69.64896951205945,76.9
3549,53.470294280955024,90.63745144712577,67.15091603297965,165.51724137931035
3550,27.451752658526978,11.677486208893374,2.2506470197030555,98.34254143646409
3551,8.403779214321233,23.729402422076635,13.949121596948919,93.51351351351352
3552,27.222441722639275,10.975803126882939,3.181563753751175,98.21124361158434
3553,22.67792521109771,75.81948875104216,82.16113881150984,98.14074878167078
3554,10.737179487179487,94.41263004705417,73.7603728373834,82.26260557972869
3555,46.39830508474576,86.35742925152613,36.80383729478069,705.8139534883721
3556,548.7068201948629,260.31707317073176,420.5261394101877,41.03448275862068
3557,36.967294350842415,94.3662737189004,72.44118073939158,38.83495145631068
3558,8.6905230043256,92.74832093774695,73.83156065957337,88.09891808346212
3559,65.60814859197124,94.79106523393489,78.34561310813484,38.32335329341318
3560,7.344064386317907,24.622140522875785,13.885302026938993,86.4297253634895
3561,18.024032042723633,28.215717087551322,17.02054020314135,96.79756004574914
3562,15.859969558599696,83.08974763512519,75.65622468366274,85.20811099252936
3563,17.071707170717072,85.27085282023175,75.64986113892273,85.83690987124464
3564,2.229299363057325,520.5128205128206,40.448454059735475,14.285714285714285
3565,25.934861278648974,29.307414489058853,17.61864860870136,97.77660137638962
3566,2.5912215758857746,33.86866523911491,8.940760979380993,53.072625698324025
3567,4.0625,10.952380952380938,2.4682482626407753,71.90635451505017
3568,15.504587155963304,27.52145054233447,16.75913049533743,95.60669456066945
3569,3.962460896767466,9.480009811135611,6.183435473314688,72.36842105263158
3570,3.0015797788309637,4.310344827586238,14.272678090718886,59.80861244019139
3571,2.8993147074327883,124.07407407407409,74.53061224489795,16.0
3572,4.953560371517028,23.39069471000638,16.906849170091547,43.624161073825505
3573,5.002578648788035,21.902268760907507,38.81844719927737,88.77005347593582
3574,45.55028962611901,92.45842129231329,68.23790420923919,67.79661016949152
3575,3.761755485893417,13.166373755125942,4.605416311011101,66.26506024096386
3576,45.55028962611901,94.1892754219463,70.42960301226368,228.43601895734596
3577,2.2811671087533156,4.455583402951839,12.67559561669725,47.82608695652174
3578,3.912363067292645,79.79197622585443,1.7036601874792439,81.8574514038877
3579,11.56985117618819,42.26141078838174,14.777526693572742,96.64268585131894
3580,47.2562599893447,92.42294721214022,70.33972338616114,72.81795511221945
3581,4.012506513809275,0.2908385845855715,2.6411657559198254,67.05882352941175
3582,1.6550987720234915,96.4957264957265,83.37579778512143,15.151515151515152
3583,5.683563748079877,7.338709677419356,8.224852570213686,81.57894736842105
3584,22.799664710813076,28.94000580674109,18.340274577543983,96.2566844919786
3585,45.24435102469784,87.91554490141823,67.59458370816918,333.125
3586,0.7183908045977011,95.6809007366186,76.69489448494141,96.04542341931067
3587,44.10844629822732,91.18464107292994,70.81635174395394,64.21800947867298
3588,77.30688678083035,499.1545893719807,84.50094066557548,89.92805755395683
3589,46.088794926004226,90.89615685063154,60.59750777323358,344.2307692307692
3590,3.761755485893417,211.75523349436395,74.26251606633437,3.7037037037037033
3591,6.402439024390244,27.5218307738633,17.195269851949632,89.51310861423221
3592,5.731832139201638,4.153286234211083,4.781116554452345,65.71428571428571
3593,1.3758943313153549,210.81242532855438,25.38976589609499,61.81818181818181
3594,14.125874125874127,27.763209284160027,16.371734481696144,94.79876160990712
3595,44.863731656184484,92.4532641331253,70.97251645267929,110.00000000000001
3596,1.2332439678284184,122.77131782945739,127.77241402270532,1.2048192771084338
3597,1.2332439678284184,34.65818759936404,37.368750317028216,25.663716814159294
3598,11.314395763119885,26.404661647739353,17.263286432868586,94.22283356258598
3599,44.24939467312349,48.02483380034063,60.92400876395012,98.06362378976486
3600,5.780051150895141,1.2611275964391702,2.045435299732866,50.588235294117645
3601,13.642756680731363,15.699024616813714,15.19480844342642,95.1247823563552
3602,10.495626822157435,26.691048801211707,16.234790921507702,95.95765158806545
3603,2.332979851537646,42.20085470085471,16.84572349024175,22.93577981651376
3604,3.2054650551760377,12.962962962962976,8.361015050411568,79.90430622009569
3605,1.2861736334405145,55.83333333333336,110.10908376191568,18.30985915492958
3606,47.177848775292865,84.7996270553336,54.225782061627804,472.72727272727275
3607,0.36310820624546114,93.96030821556415,73.86547760798256,91.06152457113376
3608,43.13827032625583,92.33726614816463,72.70424893439726,33.01343570057582
3609,26.437699680511184,28.009711750287003,17.56037543076705,97.8021978021978
3610,0.6557377049180327,21.467181467181476,12.856215537595691,55.55555555555556
3611,14.919168591224018,26.31759509412925,16.04221241343459,94.27792915531336
3612,2.7455121436114043,212.54612546125466,94.16260941954037,15.151515151515152
3613,34.43579766536965,93.47644610896683,72.8972450154392,60.758776896942244
3614,34.76352998537299,93.41612114910015,72.5318344281766,52.37113402061856
3615,54.84187300809021,16.607297732622968,16.308767376666406,99.59185656673631
3616,35.39109084531743,7.574006524853466,32.97243753710362,98.86578449905483
3617,17.620751341681572,28.420486539495737,16.684864326337333,95.53429027113238
3618,4.311688311688312,150.34482758620692,57.51860310911368,10.638297872340425
3619,5.538461538461538,24.221771965371154,14.900853958604735,86.6877971473851
3620,3.6610878661087867,11.35531135531135,0.9769072062442337,70.83333333333334
3621,2.4880889359449445,8.20816264603246,4.171275987030329,65.71428571428571
3622,2.9504741833508956,343.89626818469327,420.817177535596,92.70199826238054
3623,1.4973262032085561,20.90327737809753,14.626044592594303,41.66666666666667
3624,2.229299363057325,44.27164333851734,27.883560961020827,23.636363636363637
3625,11.586596689543804,88.16505776834114,75.66101588102654,89.11233307148468
3626,2.7455121436114043,85.10466988727855,77.24136249481869,11.578947368421053
3627,48.044991965720406,91.83148141286513,71.8663737638937,9.647979139504564
3628,5.295629820051414,12.171970965940817,6.125137211855074,67.6923076923077
3629,15.006150061500614,75.86684944202263,65.4370080231832,90.7870247274661
3630,3.1545741324921135,1.3969732246798725,10.667415744522337,57.57575757575758
3631,5.731832139201638,16.115467666780305,7.097562951560965,94.79876160990712
3632,3.3070866141732282,10.632183908045988,15.052141511818473,50.588235294117645
3633,2.073365231259968,50.980392156862756,31.856918591612455,7.6923076923076925
3634,45.168067226890756,84.93860189368483,66.54320797958978,238.04878048780486
3635,1.549973276322822,411.844331641286,13.071762553364493,69.00369003690037
3636,13.464696223316913,92.50193040024224,74.4319316371555,86.77733257012021
3637,2.5912215758857746,155.5775577557756,23.932119370764962,48.466257668711656
3638,33.72036768263184,93.59167355068038,72.99710666901903,65.67607726597325
3639,44.78784704033526,77.48938612724537,5.2328599340451545,48.51411589895988
3640,11.866028708133971,27.07778556412054,14.858267820244542,93.91304347826087
3641,91.54539154539154,121.49114862228183,12.271114162450422,186.36363636363635
3642,55.39951573849879,22.653080426028378,18.04748587567273,99.61015454587645
3643,3.8120104438642297,12.595546693253585,7.361670782962873,67.1875
3644,43.80853277835588,91.09846447617306,70.87217685097697,16.666666666666664
3645,70.82818294190358,251.43262248068717,0.28376245705108977,182.85714285714286
3646,75.2616555661275,617.0370370370371,165.66539256337873,70.4225352112676
3647,6.592292089249494,178.92915009574307,67.23735384250134,98.49812265331664
3648,11.186113789778208,31.662835249042136,16.941402690903807,92.39819004524887
3649,81.72255095332018,50.31830485764095,10.603094133840429,81.88976377952756
3650,18.024032042723633,27.17592592592593,15.809022476163372,96.33667684256433
3651,4.212168486739469,7.13541666666669,0.4098710613952684,55.78947368421052
3652,7.719298245614035,1.3510365711623527,29.649132976327948,75.366568914956
3653,2.073365231259968,463.4803921568628,113.8855542216887,8.695652173913043
3654,90.61527762526994,68.28926351609431,84.2428226104145,97.0969021601933
3655,1.812366737739872,26.761904761904777,17.92608935466078,28.205128205128204
3656,40.87665647298675,92.01747820972042,72.92537833781975,35.65459610027855
3657,53.38512763596004,40.04836398359397,24.286057208280326,59.98845265588915
3658,56.77821894498015,71.73161016081988,67.41679025175884,27.624309392265197
3659,46.24338624338624,91.22148815983383,71.55978452403343,13.48314606741573
3660,378.21743388834483,63.60433604336043,129.42860350246968,46.35294117647059
3661,36.29191321499014,94.24235005518248,73.17316541338928,44.73684210526316
3662,3.962460896767466,6.462585034013594,8.059417445525625,67.56756756756756
3663,4.311688311688312,82.19106957424714,21.82850389380159,39.568345323741006
3664,3.7114479874542603,11.520737327188977,3.6131603036993045,57.78894472361809
3665,0.5399568034557235,232.00000000000003,257.2771525318234,96.92870201096892
3666,33.591106814886416,95.05905412870203,72.71982663921699,46.32068164213788
3667,33.591106814886416,94.59773670361503,72.78615053531978,66.8738049713193
3668,27.451752658526978,14.053221237542349,17.331996614984586,98.56410256410257
3669,2.5912215758857746,48.903156768325324,30.339361918309287,23.636363636363637
3670,14.801110083256244,26.404380860006466,15.509596105782503,98.52863899106674
3671,564.9024058102589,88.62743801948183,94.4397557083231,84.40136830102624
3672,9.619495510902095,474.5037220843672,68.23013304566703,202.6315789473684
3673,2.332979851537646,5.156765676567653,6.491303645468731,72.27722772277228
3674,2.073365231259968,452.5114155251142,60.50733943141633,13.402061855670103
3675,2.1253985122210417,54.14012738853501,37.37417005782822,51.445086705202314
3676,8.49478390461997,24.431226765799252,17.293630350892098,95.0354609929078
3677,2.229299363057325,88.64142538975503,47.61295563001319,12.5
3678,3.912363067292645,0.6435863293386932,2.110841037173708,65.71428571428571
3679,41.743589743589745,93.16478415869518,62.757294311688305,238.04878048780486
3680,3.8120104438642297,640.4270564631698,704.1577428890031,96.05077574047954
3681,68.74236874236874,4057.5734355974178,66.95005998208693,36.30514705882353
3682,6.49746192893401,13.506395786305495,8.960701124152248,71.71717171717171
3683,2.694136291600634,189.8203592814372,11.315745810519338,78.23834196891191
3684,5.246913580246913,11.455967701236428,1.6579286527609216,70.2127659574468
3685,76.91086793083285,0.0,99.36902511845874,95.7560169024435
3686,4.5101088646967336,14.407391367114187,14.83250378433683,83.49705304518665
3687,6.922688226376958,9.462542202755731,15.51584915385276,89.61681087762669
3688,64.13301662707839,684.4478180372482,47.326440358746126,36.95652173913043
3689,44.939695857367596,91.02304433584135,70.01567802882323,110.63829787234043
3690,4.460580912863071,22.98057574637589,14.952596746705565,89.25831202046037
3691,13.195098963242224,28.84521633150518,17.21338490810969,95.70112589559876
3692,2.177376526818906,97.71241830065362,46.591917399370786,5.617977528089887
3693,1.487603305785124,8638.888888888889,160.84738243123334,23.52941176470588
3694,6.828528072837632,18.367945559075434,15.30550895957454,97.48427672955975
3695,15.076071922544951,28.141899199653913,16.821299593189956,94.6257197696737
3696,58.94192064404831,46.430259366952995,3.1921527187204326,94.1375518145673
3697,6.828528072837632,14.556251003049262,11.238127421281927,81.16591928251121
3698,51.038251366120214,92.83176993862514,69.01446267104974,107.48502994011977
3699,38.13093453273363,86.72911319770925,35.771676874019334,65.33266633316657
3700,27.255985267034994,94.99307382127029,73.11007173707581,71.69117647058823
3701,48.12433011789925,92.1073961866191,66.98008683075214,234.7826086956522
3702,1.1272141706924315,31.70068027210885,30.06184730812124,23.636363636363637
3703,70.19704433497537,69.25812604989163,4.8691390495772495,317.4698795180723
3704,0.10869565217391304,10.324483775811185,17.973678575546426,96.69811320754717
3705,2.177376526818906,8.463356973995266,3.666011513094002,50.0
3706,537.4151436031333,1393.6780487804879,258.92303719008265,52.000000000000014
3707,8.857001484413656,25.1372957942301,15.001325205406857,91.8048780487805
3708,3.052631578947368,16.421568627450988,9.25884629495083,80.60046189376443
3709,15.076071922544951,27.97619047619047,17.73029329052103,95.78947368421052
3710,4.411001556824079,14.405888538380646,6.2798860279250315,78.01047120418848
3711,4.012506513809275,3.7354562155542044,9.861513769324963,89.76857490864799
3712,3.8622129436325676,788.7005649717514,38.76108747385879,21.73913043478261
3713,68.04856895056375,41.34442353796285,21.210111637822656,98.0009519276535
3714,3.761755485893417,14.076858813700907,4.736531865418468,67.6923076923077
3715,11.739338763775754,27.10843373493977,16.04784782670013,95.46191247974069
3716,1.1272141706924315,122.52873563218391,89.39048073319479,1.2048192771084338
3717,3.3578174186778593,23.061276379354194,16.01927152463575,58.82352941176471
3718,566.7182521620392,93.09877196940745,106.30199667221294,98.24952015355086
3719,108.60377358490565,8.75926088077397,236.29078927229523,33.04347826086956
3720,9.261083743842365,14.076858813700907,18.460205532548184,94.95495495495496
3721,4.5595854922279795,18.836805555555543,7.720468745531088,84.75499092558984
3722,5.780051150895141,35.713360114033954,26.611278052464233,86.18421052631578
3723,3.610675039246468,6.679006632731752,2.2761642183678323,81.20805369127517
3724,1.549973276322822,422.0812182741118,14.684756584197922,65.57377049180327
3725,19.810725552050474,97.79848573092603,79.28204403759582,0.0
3726,45.320715036803364,85.2190182334839,74.72387936968089,93.57541899441341
3727,4.70770822555613,2.8112449799196733,4.538141171217651,50.588235294117645
3728,42.69488900361383,92.70281099500234,70.98336977857838,166.53846153846155
3729,5.9244126659857,20.75648222400425,11.623149990837861,90.56179775280899
3730,3.8120104438642297,114.85068603712665,33.862047375560884,22.22222222222222
3731,4.6090108751942,3.418803418803425,9.16433290526218,53.072625698324025
3732,17.547000895255145,23.68658774307039,17.761657357394796,96.67326732673267
3733,1.8646776771443794,73.68421052631591,48.054910586989294,2.3255813953488373
3734,38.89447236180904,93.26507709143094,72.47776903738828,37.791741472172355
3735,26.991676575505352,0.0,18.159112529420028,97.73095623987034
3736,456.3159893657426,59.10104529616724,184.90938661710035,57.24137931034484
3737,47.57074212493326,91.42466981524498,63.53725484218982,160.5263157894737
3738,48.20375335120644,91.18713097959458,65.84681623252618,66.53790439401256
3739,17.69968051118211,9983.333333333334,183.61224489795916,21.73913043478261
3740,6.828528072837632,5.199430199430196,2.686510288762815,78.35051546391753
3741,48.960931005818786,1896.5669988925797,1267.418243104547,95.49114331723028
3742,18.854625550660792,45.150951748561305,12.688288046394591,96.81093394077449
3743,2.694136291600634,53.26666666666669,34.25431711145996,16.831683168316832
3744,44.48510193413487,89.65563316873958,47.55988711534447,535.7798165137615
3745,47.413333333333334,90.92043376569654,66.40884335300179,229.99999999999997
3746,45.473684210526315,91.95799898774763,69.4473739602417,103.2258064516129
3747,87.06278971765697,71.31851851851852,33.068976312219554,24.324324324324326
3748,2.848101265822785,83.33333333333334,4.509348649639492,81.8574514038877
3749,6.164034640855833,22.22222222222223,5.2207113884060155,50.588235294117645
3750,10.58252427184466,31.887627126373864,18.83730652609526,92.9530201342282
3751,2.384737678855326,594.5234333859927,676.0889929742389,92.29357798165138
3752,37.17598908594816,5.385877206686427,22.796634062764323,97.48502994011976
3753,5.731832139201638,10.370370370370365,3.224655185170678,69.56521739130434
3754,29.110028212362142,88.47474493933893,79.11617318335838,1.282051282051282
3755,3.3070866141732282,6.120689655172406,3.1440563167595803,69.00369003690037
3756,1.76,22.559852670349926,37.68380379950626,65.28925619834712
3757,266.93227091633463,9580.000000000002,106.68098818474758,21.73913043478261
3758,22.507362221287337,14.794187311951868,18.022921428367482,98.30097087378641
3759,1.0209564750134337,107.42857142857144,55.092368701034935,5.617977528089887
3760,64.03560830860535,94.77034787975167,77.31109524704907,57.49999999999999
3761,56.23663578047042,14.13113310715057,18.45500632075344,99.66896551724138
3762,5.731832139201638,16.115467666780305,7.097562951560965,94.79876160990712
3763,5.3929121725731894,15.160919540229878,2.413702402871675,71.81208053691275
3764,21.483375959079286,118.06011456523142,78.92294445535434,95.26760563380282
3765,3.56020942408377,80.59701492537317,45.060438873712236,67.56756756756756
3766,5.295629820051414,21.04404567699838,11.058855470092778,87.73722627737226
3767,33.140655105973025,95.06015227936241,72.59493461544983,45.81704456606724
3768,109.3939393939394,80.57755166512796,76.29009470777987,75.25
3769,441.5083179297598,68.96790757381258,123.44205539358597,37.81818181818181
3770,3.912363067292645,8.861898335582561,13.29383950650835,58.415841584158414
3771,5.344295991778006,11.349693251533752,31.516862063974482,10.638297872340425
3772,2.694136291600634,19.425751458052943,0.8348794063079817,31.70731707317073
3773,10.737179487179487,93.53955101070251,73.12246111417653,87.56058158319871
3774,13.602251407129456,27.688298455991838,16.069744301986947,95.25155455059355
3775,65.61147186147186,69.7942980873331,71.15111843374746,88.35164835164835
3776,5.541947336191059,88.12384519350812,22.519764570826986,0.0
3777,19.256485691361327,96.94123556002009,913.8601372658134,16.99346405228758
3778,58.022803114571744,76.4200803899769,378.5777627348112,100.43041606886658
3779,14.330306469920545,50.22492970946579,195.2457205963555,520.8888888888889
3780,4.031702274293591,84.19107240065323,24.518793012175756,1.4114326040931546
3781,23.89715149987396,77.10477206078379,24.033455946750728,86.22966978807294
3782,11.101295641931683,88.00211033072839,31.630474708452834,57.49718151071026
3783,0.2313284864507601,25.747237836790077,20.333221090995526,84.6668861815388
3784,15.434173669467787,85.49732620320856,17.913644214162353,689.2655367231638
3785,2.9263687853996223,0.07877381533949226,19.509429925735873,0.0
3786,10.26759744037231,64.05262333139271,68.00320773480999,0.0
3787,2.2344559585492227,84.84209719454239,26.331771321462043,45.6725755995829
3788,18.49352051835853,80.92151758131139,158.37487634675728,90.283091048202
3789,48.64598719842442,55.97402597402598,75.78367715952982,552.803738317757
3790,6.059683313032886,51.896214637363705,27.958192779996992,0.0
3791,73.7396694214876,61.18903077245134,95.63292481885216,97.80265339966833
3792,3.037542662116041,55.0455344304202,30.5451650845323,2.9476787030213707
3793,264.18338108882523,0.0,28.789711836151465,62.93706293706294
3794,21.908949818934296,69.94634108406564,30.859735050312874,48.933901918976545
3795,35.297899699957135,79.96776792908943,5.5643513322525635,12.752219531880549
3796,2.253894597282068,5.629285020341963,20.179807527157855,0.0
3797,38.59903381642512,86.22078968573732,91.75818084867535,86.91358024691358
3798,18.18428184281843,42.75503122831367,702.5365853658536,39.97995991983968
3799,10.00583430571762,77.60457101031857,103.06671861961223,7.142857142857142
3800,10.423925667828108,73.07777043401632,11.500479813728889,96.3172804532578
3801,14.933784164553396,29.0063424947146,20.698553948832046,425.187969924812
3802,1.0163934426229508,78.82791094485735,14.627623870644493,64.33495021700281
3803,22.92570845034465,79.35261707988981,63.65050152598316,81.33101697180275
3804,17.777185501066096,78.52028142011895,2.2607158298209638,0.0
3805,18.104592513936822,87.46978838028818,1.0516763370467501,0.0
3806,0.6581112207963146,21.82529798968155,24.02264567798951,7.422133863485753
3807,14.330306469920545,2.9358193673546307,24.614872023031673,64.87301986421926
3808,72.76039434204887,90.00898069151326,91.50579289161202,98.16735822959889
3809,12.796071634893124,82.5426298825079,139.97847639405893,84.57376325088339
3810,73.6580310880829,89.91596638655463,88.2617080807408,87.5
3811,16.625241645954155,11.216807247735053,0.7735967798478528,166.0952380952381
3812,6.379310344827586,44.28485619390857,27.574444938843474,13.333333333333334
3813,5.801526717557252,64.48629695677295,21.13793704880971,0.0
3814,14.013101680432923,60.164558731046036,144.38637244304851,89.01643210944256
3815,60.74064647493,28.222265271858465,356.8034644025341,94.19642857142857
3816,60.30111954703384,76.50623728213749,332.77043103876764,99.23258559622195
3817,21.03060423750981,80.57561787280359,61.449730497928876,80.0855310049893
3818,70.48304691128658,76.70588235294117,93.55773401217972,76.33928571428571
3819,9.36655658961273,13.291424887169583,24.538284533805143,90.43609228452112
3820,10.415430267062314,73.28132204577732,23.82874138381464,64.62395543175488
3821,3.914704010184596,23.162267839687207,32.362999452654634,12.47987117552335
3822,18.18428184281843,83.34152334152336,178.4553208137715,57.134090211721386
3823,0.22639068564036222,81.21971835764846,18.79767015830309,0.0
3824,12.136204889406287,53.77093822234889,22.76850138994188,67.1061926065458
3825,7.278869778869779,22.609970674486814,29.531475048716437,512.719298245614
3826,5.047706986765158,11.76654182272164,18.914003342084733,0.0
3827,27.616142656030036,57.88209653187752,23.833911787782537,98.87445887445887
3828,6.416615003099814,28.940533151059462,25.297110199611833,64.46196896464004
3829,18.162103551097857,81.81138063931081,48.76458196421099,81.2104909213181
3830,81.96907362746488,0.0,44.47058823529412,82.62295081967214
3831,2.707057686110216,83.24360430164985,187.26583120771866,155.3930530164534
3832,6.387596899224807,32.23969223049259,24.56795332036677,61.08635097493036
3833,84.02463549522373,66.66666666666667,73.94064529701018,91.09243697478992
3834,23.33671914677501,67.20354355621177,95.25725217173144,96.66332282411389
3835,21.20051085568327,79.49707798113604,51.341571787213326,0.0
3836,12.212852573422508,77.33550754178556,9.762645299767374,65.87689301416707
3837,1.8849528761780956,68.8668524871355,25.740219474384485,0.5759539236861051
3838,9.34469585659712,26.50082609244552,21.152955218217077,0.0
3839,85.7479255438439,90.17975799118697,84.51480633833576,99.36655910123102
3840,70.34787410270569,0.0,446.2915347547978,82.1917808219178
3841,109.65277777777777,69.2825311942959,232.32424745200277,373.5593220338983
3842,60.58232145188667,95.2110852110852,273.84746022814466,86.0258077423227
3843,18.580100290314068,50.40111490994656,1.2516793024253534,0.0
3844,1.1475409836065573,16.733139265990165,8.149107144517531,45.83333333333333
3845,16.327637645782477,77.88556282892476,45.53010513124076,0.0
3846,11.231990591002647,49.57697961496908,150.98010573935784,94.45194598888006
3847,2.3734177215189876,436.11731264258424,55.43565734926684,0.0
3848,1.5805070793546265,48.7042512648663,18.981260865383103,0.0
3849,4.42998760842627,19.46239766663354,21.02868914209331,0.0
3850,25.895925380461467,68.60866172454155,30.725807653766847,44.02061855670103
3851,10.680473372781064,81.06595365418895,21.691564147627414,365.6666666666667
3852,13.220815752461323,29.31521779437349,14.809846235472701,7.142857142857142
3853,67.84548422198041,67.48148783486292,62.64771332162101,95.7095709570957
3854,9.42094209420942,59.60679177837355,24.113998164843657,81.78855429539826
3855,16.236763508009773,81.58290356949102,1.795419275120174,0.0
3856,22.253024193548388,81.31086142322094,63.033187752574094,97.19827586206897
3857,1.0713090056913293,10.725108225108213,31.34763594246118,17.28833629366489
3858,783.9541547277937,0.0,1286.7400497621788,45.83333333333333
3859,11.621779859484779,21.697814380741217,1652.9753748495125,12.248743718592966
3860,16.95827725437416,14.60852931449052,0.15856236888264263,0.0
3861,16.80903830256269,15.306122448979616,21.3432006245121,393.63957597173146
3862,67.11809317443121,0.0,161.1926769995334,0.0
3863,6.878470080197409,39.037738295940855,24.65232974910394,67.39028944911298
3864,57.588671982403085,77.0214052055184,485.47248952447876,97.25158562367865
3865,12.10235131396957,81.42414860681116,79.27756159491345,78.27868852459017
3866,37.53362300848334,84.30705134314539,186.39402657296586,92.31446333278319
3867,14.329352957511801,91.23483952343557,21.552068879720437,0.0
3868,20.677877036258536,81.55401119271485,40.17660337272609,89.45739944155157
3869,81.78038990825688,58.761609907120736,72.93246584022776,88.8421052631579
3870,11.49223101729698,20.397699407017694,23.48729613575879,83.89068265682657
3871,13.415660959865283,1.998012688221376,19.70251039793952,0.0
3872,16.831955922865014,45.690855816431366,47.31984828708447,90.41640941208755
3873,5.0034036759700475,4.047585746033215,27.64379205699445,0.0
3874,63.571223846374316,76.60738714090287,80.58732637597812,79.92424242424242
3875,16.301635708344886,62.40393626991565,26.29229406554475,304.92753623188406
3876,10.25564803804994,14.750793354489456,31.115129310344834,28.54219948849105
3877,8.565500889152341,61.450646645926014,10.98958643676669,96.99769053117782
3878,2.527646129541864,39.054374477945736,15.579877623475182,7.142857142857142
3879,4.552639898830224,81.43625141902736,73.83182660664976,77.7689369828135
3880,8.348187759952467,1.257602309040288,28.86444241737202,0.0
3881,2.559840425531915,83.75372620958494,28.064431042858185,0.0
3882,70.80533737106084,44.31798334982826,395.0621349991115,99.41256213285133
3883,18.879831711806467,84.14656844378547,55.37516578139443,0.0
3884,8.48412933847523,20.969427750195955,18.145117525633793,0.0
3885,31.464245175936433,67.86876281613122,19.99986667555499,146.38447971781306
3886,0.45175863181671505,38.92114722368852,10.681898155291288,0.0
3887,0.7840574975498202,83.76403440550185,23.646666822359485,0.0
3888,16.162177173007496,72.37285994061533,10.077843679526076,64.81994459833795
3889,13.367031732659365,83.70665549522752,135.43346197564907,7.142857142857142
3890,13.27204826199368,41.86968662736581,5.385837840700399,82.54622688655672
3891,7.449417535254445,8.549871181450136,28.92506668822246,7.876447876447877
3892,21.092524830109774,80.29887920298879,4.047931789376652,1181.651376146789
3893,82.21631453756821,63.84505021520803,66.37884075619644,88.08988764044943
3894,2.8948214860083628,16.783649212977867,24.570375984972408,69.55100261551874
3895,7.704066034851727,63.29383511865263,1.404346994285514,76.69336002669336
3896,0.1948684637869438,41.31539505157849,20.244397591170102,0.0
3897,11.17189749496113,64.001514120834,153.1739658215215,0.0
3898,11.06947247045258,19.065774523418735,18.09422507297935,0.0
3899,6.125621890547263,0.0,20.92509515715894,49.74820143884892
3900,12.779191405145603,74.29330576868666,31.28494321226644,99.30629669156885
3901,172.47292418772565,45.980861244019145,954.3034605146406,1762.6666666666665
3902,9.907490301402566,25.92981255465571,27.312596475173272,73.56169568508706
3903,8.069427527405603,82.76370217166495,22.83911437259683,61.778385772913815
3904,9.264705882352942,66.15212162582833,23.49627545203329,0.0
3905,2.392499191723246,71.13830788751996,21.401910141588314,82.81884147091378
3906,10.501885697708152,1181.3945803040315,26.588434153588654,7.142857142857142
3907,13.561221630708884,26.376326249569654,15.681080628232081,7.142857142857142
3908,11.440305074801994,54.553374988999394,42.947491168501564,211.13585746102447
3909,36.90700104493208,47.45324572171276,40.18805057498472,12.796504369538079
3910,26.036921601534402,25.96386869354485,118.97434236230609,95.40636042402826
3911,1.0812581913499346,43.68166717003924,20.970973534109998,70.5460678895214
3912,10.654039656703167,0.2780464216634569,22.979665521762463,61.90346332151623
3913,10.041716328963052,14.847898716370672,25.40897135138977,3.187803187803188
3914,45.268310369833216,71.07459787395393,65.2128279883382,92.35065432842359
3915,125.84187408491947,0.0,632.144006535624,79.6875
3916,6.202493159014899,89.01768111345397,29.09568959363704,0.0
3917,10.7596807567248,69.9597710683477,16.48914675392526,42.886345053148
3918,19.36431623931624,89.13821407485275,118.09036946804439,91.6050718105883
3919,16.96919691969197,80.43704811383292,169.59989691060275,87.87221112943831
3920,22.09032258064516,61.66687004270898,27.502332264839175,79.5629820051414
3921,9.880597014925373,85.86912244585095,17.70631822068584,77.23643474010102
3922,17.196928140427868,10.25599677484378,23.130928540229608,64.49809402795425
3923,82.85213167835941,71.00840336134453,43.38323655642516,78.27868852459017
3924,18.13991323210412,76.44294541619823,9.813966099594076,91.59142891537257
3925,19.535732916014606,77.48756594579356,53.87684134818706,0.0
3926,0.357839947950553,28.84878154275661,19.156351290234262,0.0
3927,10.706891452233066,85.83993379832131,28.178918029483885,15.333333333333332
3928,71.42535971223022,82.64953040039545,95.09702997325921,78.27868852459017
3929,3.8370918882531138,22.986891385767805,24.880418247816827,0.0
3930,18.294993234100136,407.2159090909091,133.82339871770458,97.59547383309759
3931,59.579595662069885,49.50520126639529,254.0032463099771,43.118892508143325
3932,10.095294818344252,24.4240772851127,28.190812480901776,17.141162514827997
3933,16.092273485269594,86.06073000571696,52.031910549954496,79.41956393635829
3934,37.88065843621399,77.1871730165569,79.16731046679388,39.97995991983968
3935,9.9612287503728,101.42602495543673,437.2873457146153,165.0853889943074
3936,9.424544920728128,52.77244907280534,45.31428901430386,0.0
3937,29.75802698929735,55.70475396163468,28.96347317887703,199.7854077253219
3938,15.710382513661203,12.865168539325863,112.58049473431684,0.0
3939,19.050118079244292,49.87621405446583,97.28398736664737,0.0
3940,68.13737778891952,44.815553339980056,88.34951410258691,97.11799891245242
3941,1.5470704410796576,21.033689573015433,15.478742824014912,0.0
3942,2.5257560651379194,80.1015031706469,21.82909177189996,0.0
3943,71.75555555555555,81.79712830013895,95.87462831161992,92.38505747126436
3944,9.826762246117084,40.93510032202132,24.550984464961275,72.19900497512438
3945,39.14533360209635,80.6914142789926,36.082206417576536,26.045526733721548
3946,13.718205201486139,85.98941128557853,27.06508038075393,7.052561543579508
3947,0.5213424568263278,9.698557554230936,18.73827118771309,0.0
3948,30.609652836579173,88.398025195778,50.82794984424876,0.0
3949,67.89134054954205,78.17358273188275,225.41739154383248,99.69661610268378
3950,4.0368722186904,24.840046029919446,22.049910009098927,57.95967499247667
3951,25.5729794933655,67.72784019975032,4.913446267148265,90.22556390977444
3952,3.0179188934297394,6.105145321116117,48.69490142570297,0.0
3953,16.100081588251292,73.00214619366243,1.65054914946451,0.0
3954,33.91173950299915,86.20753469927297,61.365217507843326,99.26303854875283
3955,10.282317979197622,0.0,13.049383525317474,46.35176651305684
3956,8.753602305475503,55.13808975834292,49.719121726456365,317.01492537313436
3957,10.319767441860465,54.62374598205039,18.36778479949772,0.0
3958,8.68118572292801,14.702986544141769,23.69898806791572,59.890898650588575
3959,11.205882352941178,26.53232835973952,16.260593644926388,62.233035955663695
3960,6.344869459623557,72.68868900252956,113.42180975676612,0.0
3961,8.708799516177805,70.76624317029821,9.445866999342265,65.35218253968253
3962,5.77275503970678,23.576989437360577,23.13825660784406,0.0
3963,14.114699331848552,79.70222407176215,1.0571043891231338,7.142857142857142
3964,4.283246977547496,77.06464267439877,27.475076297049856,10.96108022239873
3965,29.025512337933918,78.05794742553117,7.666332886435138,95.4225352112676
3966,19.256485691361327,36.19370570753638,15.590758124131835,62.15117854240043
3967,12.238372093023257,4.687716863289381,29.341119626978724,3.558191252779837
3968,8.293697978596908,0.03178683472228292,25.021732419159115,0.0
3969,5.326049846363947,15148.595505618092,7.638642356289381,98.62288135593221
3970,9.826762246117084,78.18907668834343,48.106281003216765,78.52421214450422
3971,8.98402170636117,70.1149467566623,9.35344297878114,71.16019818331957
3972,13.841324200913242,75.93016469977954,10.669344887945144,64.80221718316956
3973,13.446100917431192,74.77000831680634,52.859794208986465,85.50529155426437
3974,82.38636363636364,87.6511014053917,89.80441326681076,99.60195268494179
3975,9.038867128653209,76.74566252531334,4.607223795427166,80.69908814589665
3976,14.210233592880977,6.120913784953279,5.431340871756952,0.0
3977,5.973788479122219,41.051097605404706,14.431164181287247,7.142857142857142
3978,17.917346383904295,77.65723041003939,2.6068037674464666,67.01298701298701
3979,9.9612287503728,71.76888368983957,20.767357871526112,66.0427807486631
3980,16.486193827828913,82.97124229287563,50.36119046707477,0.0
3981,65.79655543595264,75.19772614928324,96.97624565930106,97.61261261261261
3982,27.81937295273748,86.11929299533352,50.30277780022694,0.0
3983,11.518171160609613,0.0,19.494973107550802,62.017400761283305
3984,8.264965056213917,63.20023014959724,29.475114985927114,18.873403019744483
3985,10.25564803804994,17.803288861309344,1631.2036533652276,13.337468982630273
3986,12.136204889406287,70.64935064935065,35.15512845656011,472.5409836065574
3987,18.06108897742364,84.58816066989871,182.79672841107202,0.0
3988,8.98402170636117,67.47689609425944,20.687266354222068,65.85186995844536
3989,66.9876939539861,84.41458810108291,190.04864614514355,99.94988628040554
3990,63.17394486460112,58.842784693407104,555.8246753246752,67.78879409730229
3991,74.48815736651947,83.85083476361366,84.40256181576125,91.2396694214876
3992,6.3164287883389,30.333115351841954,24.912233209055245,0.0
3993,10.362232779097386,252.20779220779218,20.007480270785823,441.47286821705427
3994,12.46738184981154,86.42792668324583,9.802982704053626,62.855623504387125
3995,74.91117252270035,86.28265363653449,87.32341551149293,98.71171609139525
3996,6.515151515151516,62.02747261333626,18.748507552045382,0.0
3997,9.689695550351288,0.8767019564894294,12.532831382760065,0.0
3998,9.011452682338758,77.11830518568938,26.279132701891015,5.799055967633175
3999,64.09604519774011,26.12859097127222,80.15133926110275,81.97278911564626
4000,17.06989247311828,72.48300966329579,8.63501709276318,0.0
4001,26.82637571157495,62.13880693825457,76.64426824351564,96.32768361581921
4002,41.28743679502139,66.24816243867521,148.47849782526546,96.74032246774156
4003,9.848042080654588,2029.9625468164795,20.495162096504863,0.0
4004,11.336270190895743,25.809716599190292,17.667687463731063,54.569105691056905
4005,65.74123989218329,72.96137339055794,96.17563757020318,94.08482142857143
4006,7.022302591922845,15.330681368785934,21.628712201726657,94.71544715447155
4007,9.475262368815592,13.327253527887112,24.82090100245901,65.09245377311345
4008,4.959950708564387,15.295973394253014,22.376829007849498,7.142857142857142
4009,66.82328373792743,95.34083555611673,91.87349295797948,93.49693251533743
4010,16.508795669824085,5.6602212350840695,3.659832495911037,0.0
4011,1.9805194805194806,25.56392805055906,26.397595910284167,2.494497432134996
4012,0.36303630363036304,12.66862170087979,25.99988023234924,15.589123867069487
4013,15.148960089938168,4.121212121212112,18.736731090355637,57.04182041820418
4014,7.134256472004815,1.6628429123281787,2009.0100915550984,99.32079414838036
4015,11.544096103135072,81.988911988912,30.218722946255177,10.160771704180064
4016,65.64864864864865,82.1671826625387,77.4949572663868,82.56578947368422
4017,5.945121951219512,69.42883895131084,8.120543987832432,7.142857142857142
4018,7.468506298740252,65.78450185047565,0.661070687754811,0.0
4019,6.344869459623557,72.91341973210356,9.410162156661533,0.0
4020,0.297225891677675,45.915657376331524,23.170341047352746,83.81228273464659
4021,14.11095305832148,74.84629764896685,21.476956664441683,68.84478144513827
4022,12.796071634893124,68.84290646974317,19.535823431655086,58.08580858085809
4023,37.23309608540925,82.629233247359,97.23470441914013,0.0
4024,16.463579745464394,85.8004012715435,66.47038912360334,7.142857142857142
4025,7.873054623130912,368.3667180277349,13.583100663279904,13.013698630136986
4026,56.91340782122904,75.39277026092476,466.96045105289204,99.25841414717627
4027,59.2362579281184,40.31860858857936,837.7411770952064,94.17040358744396
4028,13.594733829421864,74.4991671471587,41.55815643251005,85.77827547592385
4029,32.18289734007474,87.84280798960992,209.91858592405754,0.0
4030,29.047838086476542,86.65579316177359,36.92071875261336,97.56554307116106
4031,72.9344122657581,87.63056624518967,95.59935873010497,87.816091954023
4032,32.79162956366874,70.4209409267775,74.73529411764704,292.4157303370786
4033,40.8387223202038,73.1384516543527,33.397368922783606,68.3132530120482
4034,1.7515923566878981,83.95706555260932,23.548654349433907,7.142857142857142
4035,69.5933014354067,85.37387836490528,96.44515108909417,98.54235423542355
4036,13.097294185377088,77.96630462669974,141.24699388921738,93.93189123447138
4037,2.527646129541864,49.58146067415728,20.221552371911287,0.0
4038,151.01708706265256,65.49115585715877,112.87676202489581,93.26424870466322
4039,6.47459727385378,47.21917158158768,22.37014987827146,68.44364129207138
4040,36.42872183617604,66.97026179784801,100.7846093211154,22.689540675152188
4041,18.29978813559322,49.79886253294494,502.01634020211606,96.85230024213075
4042,14.717514124293785,0.9824358232001507,26.252165103214768,55.32459226095299
4043,84.5808564842897,89.12950137211342,83.74591019839889,98.598995506212
4044,20.615303707599264,77.81880139686831,61.752679529057644,84.01418926650646
4045,6.458459672528806,78.54132790335419,22.43437366238024,98.63588667366213
4046,9.42094209420942,89.93313275459927,160.84154145502387,80.60261038600389
4047,50.7992007992008,370.3827751196172,1923.9879759519042,272.53333333333336
4048,6.656580937972769,53.13031529380219,11.693746688741417,0.0
4049,9.34469585659712,22.110050406916184,27.73454534998752,0.0
4050,6.344869459623557,5.035195818469666,21.54734687618042,0.0
4051,78.01500288517022,67.48148783486292,155.49656034213936,95.85987261146497
4052,65.67367822626493,85.28318053294491,204.51102596849725,12.796504369538079
4053,20.823498557566218,59.26332288401254,194.78883563574848,863.448275862069
4054,67.25914477073674,87.90849673202614,96.37997407477256,98.54595336076818
4055,19.304211352341095,75.46682792762694,81.60513792962789,0.0
4056,15.894220283533262,53.696466373554806,4.033995012816465,97.84768211920529
4057,62.7709431751611,93.61344537815125,20.928835870012367,98.6172710670493
4058,9.848042080654588,175.23542001070084,34.80717280636941,7.142857142857142
4059,1.4376996805111821,102.08003418545606,36.30010610265113,0.0
4060,87.08464586932222,86.99391895960021,75.75450019432378,99.91510355764149
4061,13.022183808700664,78.28588355754184,63.28431103727471,81.60631994733377
4062,24.939172749391727,36.05193277456299,22.05481949987146,0.0
4063,61.45677161419291,81.47912518181448,315.044422294681,99.12985274431058
4064,15.975507932090174,26.287300485773763,19.881625772616594,439.38223938223933
4065,73.40447792425194,87.44186046511628,88.10046466019634,92.5035360678925
4066,11.956838728492272,82.17897459425939,125.49628130195462,88.22686667790325
4067,38.3,70.70838999021922,270.3257986523748,98.34394904458598
4068,9.264705882352942,66.20076639216754,30.69908767285412,98.52774631936579
4069,11.828271028037383,80.1847364444097,21.953678234056103,60.890257558790594
4070,56.18520096577191,18.31109550561799,929.5669256491335,94.17040358744396
4071,9.264705882352942,66.20076639216754,30.69908767285412,98.52774631936579
4072,8.75480627033422,65.14657159320076,8.389423262922133,0.0
4073,5.074931880108992,28.922535854572036,1.5670946189979453,0.0
4074,43.47500468077139,86.47027751196173,94.22182354206338,64.7043961596766
4075,21.0718954248366,77.16984783968078,52.74666995559936,80.87087498288375
4076,32.99304952215465,1.670075993398749,36.49120759119059,0.0
4077,17.196928140427868,81.9568976888016,169.38947368421057,87.87221112943831
4078,2.4236387782204516,82.06610219662305,16.05000174571993,0.0
4079,68.48716548334244,82.25031210986266,96.27140915946183,0.0
4080,4.725138974675726,52.724116783844764,18.910409534187146,0.0
4081,12.92689810894722,66.99670064684686,20.668241265047616,7.142857142857142
4082,15.894220283533262,252.05992509363284,12.409143897649557,7.142857142857142
4083,8.68118572292801,15.17906336088155,30.224526310960226,3.558191252779837
4084,16.100081588251292,81.35923520484954,2.849016697967002,0.0
4085,2.5500322788896064,75.12667345331617,23.387813636260983,54.554326610279766
4086,18.028780885147977,15.869905956112849,523.5884762235336,59.293044469783354
4087,23.220507715281236,24.737554334454202,19.2847309068119,99.78937135450421
4088,786.4942528735633,0.0,528.7338361209878,48.0
4089,67.6047464034443,62.36897538919436,504.5442419363702,99.98215462332529
4090,16.34801884178443,30.89653173606414,21.4103937007874,71.81194511702986
4091,12.680441551089725,26.463437730700416,12.227192293818295,0.0
4092,7.0791012619267475,35.601695972066345,43.062855277257775,24.955277280858677
4093,7.704066034851727,0.0,13.647566186159816,22.9453943739658
4094,10.501885697708152,77.71357535321707,16.424561436129284,7.142857142857142
4095,18.669181034482758,38.07429130009774,114.73493975903617,95.11173184357543
4096,8.943329397874852,77.84707674728622,11.717277807792275,0.0
4097,2.9321513808387314,54.34343434343434,27.78721731733787,9.16775032509753
4098,13.569997137131406,79.68197879858654,23.449923051242163,71.89134808853119
4099,4.400371862410908,41.48547867796834,20.123152452485055,7.142857142857142
4100,0.33233632436025257,15.50429669832655,13.0134206928294,62.35516033414174
4101,19.36431623931624,89.13821407485275,118.09036946804439,91.6050718105883
4102,21.76008115647984,62.61152218263757,22.780073760766108,98.62288135593221
4103,4.043545878693624,62.308088172227485,12.023000335623255,96.20991253644316
4104,7.634730538922156,88.77913271917213,26.12854860806277,0.0
4105,12.136204889406287,212.08867195444378,19.185699969609658,78.72048743335873
4106,3.9600550964187327,26.226975638740374,28.236910038478396,15.74185765983112
4107,16.96919691969197,61.5167023355355,8.723281839448672,66.79343950558592
4108,3.488762160348876,59.94028425613179,19.628435490239312,7.142857142857142
4109,5.4261189454322505,76.18898650468816,25.63792216583588,7.142857142857142
4110,10.032079323417905,83.20437315925112,134.66451709773114,7.142857142857142
4111,19.304211352341095,61.1320703135679,1.7663334636009813,96.32768361581921
4112,3.4428794992175273,86.54514183554545,11.565568187051136,0.0
4113,2.6443082876491455,75.22832329457907,24.667890358568982,44.36479490242931
4114,10.83815028901734,74.25844386637495,0.9476820766763314,7.142857142857142
4115,71.1987310219805,88.68983957219253,92.96095815496498,94.01129943502825
4116,64.94760066188637,87.38511029411765,90.33637656874888,92.26277372262773
4117,13.964092333998291,71.85554171855541,160.82689482326504,85.6246141181313
4118,10.449927431059507,59.51086762171095,15.076206764582095,0.0
4119,15.80240174672489,85.51846529047992,19.57126959659414,0.0
4120,11.725146198830409,83.32621346526885,3.9312215893777798,68.40796019900498
4121,9.637832984136487,26.25372108999311,26.062777894237442,11.58227848101266
4122,56.685796269727405,28.19064430714916,726.3561643835615,523.6607142857143
4123,38.03976702149026,77.63914021331014,33.02736470731674,98.59154929577466
4124,36.92496421999591,87.92223090379132,134.78277962763423,7.142857142857142
4125,59.31689305024397,23.772087276796153,375.13412219100496,99.66785896780786
4126,29.231625835189313,90.95349331068168,71.24764413227979,96.91322073383809
4127,10.889659156556904,0.0,20.01203898137135,0.0
4128,9.131075110456553,37.42349502146708,22.175620536805482,7.142857142857142
4129,29.28086202857812,35.79545454545455,65.32847440781843,552.803738317757
4130,20.364020047480878,79.76098477463266,143.72033342984713,88.0096129087632
4131,68.22535791533628,17.98164382434047,271.6317312923785,99.95620831368322
4132,74.53416149068323,93.10573103839607,92.24231027411747,88.08988764044943
4133,16.62162162162162,1053.7297128589262,16.133222844529328,0.0
4134,19.007613546862697,50.77128166063608,241.61101702742047,79.6875
4135,69.39561762581266,88.7934735938171,96.66822663172346,96.12573099415205
4136,15.130674002751032,79.05048963653961,24.831798423967726,0.0
4137,58.01123224314503,93.2641806722689,95.26148384949728,92.89544235924933
4138,13.512755817213346,59.64476537292376,167.05302068819404,0.0
4139,12.10235131396957,2582.3529411764716,209.9281262173743,94.89402697495183
4140,4.220045214770158,28.151260504201677,30.37684649496345,90.61946902654867
4141,13.464235624123422,48.872196271514554,124.02795972504255,94.4206008583691
4142,10.548148148148147,14.4148067501361,26.57138698879348,14.451928965094918
4143,6.067205973864343,7.789554195804234,27.333205922834818,69.39759036144578
4144,6.741233373639662,12.211423823115021,26.365231077333235,0.0
4145,10.951855935317898,43.845395385525535,11.762303299445264,46.475095785440615
4146,13.025091626726812,75.80112708669766,34.99592818758164,7.142857142857142
4147,3.603294440631435,88.23937554206418,1.0258817307374553,235.01199040767386
4148,1.9805194805194806,59.70963156300249,18.872787472035796,65.18813854971343
4149,7.050316360349503,79.41904125823147,96.6165468496334,0.0
4150,12.407722884724588,67.6819990636704,19.280345326501315,0.0
4151,68.81746810598625,89.24189996854356,96.75465820813311,94.33155080213905
4152,1.889976375295309,26.401047512158627,26.87734857000772,17.337278106508876
4153,13.367031732659365,71.97831978319783,11.69959945081056,0.0
4154,2.311589613679544,28.638140326887612,17.870098065544664,0.0
4155,21.44130379424497,71.04956789969037,35.14447301000007,99.85203733211928
4156,7.134256472004815,77.33630328585245,1.2976722685473818,13.333333333333334
4157,14.837799717912553,73.80605664358524,6.588474531798365,68.19216757741347
4158,13.594733829421864,25.787440407693552,22.95839570452329,65.075
4159,7.491289198606271,17.562205658768146,26.287676982206598,0.0
4160,71.99443413729128,54.82567832927837,1144.0374781539258,91.35894105276179
4161,10.574644549763033,8.883214164113017,28.12983015148652,0.9219858156028369
4162,13.994981879007526,0.0,22.901104103091576,0.0
4163,18.986344537815125,74.16667636286537,6.015411997106211,0.0
4164,58.77509006690684,85.00026375481352,65.12761831393838,8.333333333333332
4165,13.29398538504778,17.926839570837185,1.4060943203999003,0.0
4166,13.446100917431192,78.73869089391727,23.607855922588385,54.211733857751554
4167,3.5322359396433476,78.92561983471073,29.180503203920093,9.827044025157234
4168,6.231003039513678,91.92895742993383,27.47933388700693,0.0
4169,2.455573505654281,18.115942028985508,20.669417062954675,376.79180887372013
4170,0.6525285481239804,53.50032888996282,16.85208834981235,0.0
4171,9.451130026416202,82.88738500505491,1.6880699609447856,0.0
4172,16.508795669824085,81.83176295060608,174.04640788726968,0.0
4173,155.1986475063398,13.709090909090904,876.2508108108108,850.3401360544217
4174,16.395663956639567,83.30842299507879,4.1229973206161965,0.0
4175,3.392,7.114202523455218,26.074466601589723,18.399532710280376
4176,3.8041783598378545,59.9042863087807,10.698313995182534,0.0
4177,6.792219820932386,76.36740461610928,23.7837271435229,64.925935224705
4178,13.196398424310635,55.68675591469295,14.695474587121682,13.333333333333334
4179,17.04759343909653,16.385767790262193,172.15392616724682,0.0
4180,21.280939015054862,70.52827990517812,55.07314432222428,99.50832072617246
4181,19.240837696335078,86.46833382651535,71.78279029575107,0.0
4182,24.5721271393643,76.96629213483146,28.834810120691717,96.85230024213075
4183,12.902315076228119,51.630027682787826,15.253086306612603,8.333333333333332
4184,17.645488521089163,60.87553229695758,271.18495390757505,94.44444444444444
4185,8.846618357487923,16.793662768766513,25.327628588655454,1.305293691080493
4186,1.3431403901503038,16.20439201540378,20.103579938662993,0.0
4187,125.63527653213752,4.121212121212112,1308.237037037037,2535.8490566037735
4188,3.5636136292591436,20.45348719506024,12.489181926429161,97.25158562367865
4189,29.58228714905273,86.10289769367239,18.955563152612484,97.60589318600368
4190,24.44944944944945,80.64150306032992,96.74572237431558,87.71111893033076
4191,23.82033812768105,71.50074080626257,91.06447064470643,88.69466699036983
4192,5.657492354740061,665.7303370786517,26.88968979773908,0.0
4193,73.87461459403906,81.05682951146561,88.09993140200521,94.73684210526315
4194,11.956838728492272,140.82644628099175,5.21327192919772,80.79461094308496
4195,0.0,43.8493244790474,21.353791865540728,79.2267657992565
4196,14.966923925027565,53.52808988764046,12.669003379569302,0.0
4197,77.37955346650999,78.52559654086372,290.8001691490862,8.871493803000652
4198,1.1534764498558154,14.94818755707307,21.081743725284294,0.0
4199,58.52452259925814,59.086973632428176,490.0393360301297,206.359649122807
4200,62.251262251262254,88.86442277445738,91.01081451256225,92.26277372262773
4201,53.680758017492714,76.39109697933227,92.96817383669885,94.62474645030426
4202,70.49675023212629,6.930693069306929,45.2984366755137,98.69970559371933
4203,21.878956697898204,80.16569335195544,66.55778816294655,0.0
4204,22.213817448310643,84.12611838299445,91.18269999745206,0.0
4205,11.426930806775767,86.05486972817667,172.53203130062184,0.0
4206,18.647264888170305,87.2988040643827,55.38856517619216,79.18343018924155
4207,56.74785100286533,59.701069883100445,77.17693816340226,86.19019375247133
4208,36.17336152219873,80.82424242424241,1.1234042553191432,103.34788937409026
4209,76.20741295394983,90.57946874726046,87.34244302211386,98.5605649103748
4210,13.633818589025756,82.04359751075974,15.967047812797325,0.0
4211,7.859949982136477,76.91521961184883,9.670980132258109,95.76679494560771
4212,12.212852573422508,72.46144335263878,11.953930622775939,62.98357180710122
4213,56.253545093590475,41.21856607811666,672.0875300709955,94.17040358744396
4214,12.877718158712229,21.424306573305127,19.459718818951778,0.0
4215,21.341152473227947,79.170836702839,65.43019880356759,0.0
4216,6.503561474140601,66.9755005596319,29.251119637609573,10.962396430847674
4217,29.77900552486188,72.89915966386556,93.33715294421998,89.70873786407768
4218,70.1923076923077,74.47963800904978,90.28441745085543,90.09345794392523
4219,23.71414441147379,82.83192606874543,106.57175023076735,7.142857142857142
4220,28.99884925201381,36.92259675405744,45.39691367144669,93.89671361502347
4221,5.362021857923497,71.52156272766581,25.165206743790474,7.142857142857142
4222,10.293690026170399,26.18601747815233,9.779401547879026,0.0
4223,63.96514681308189,78.94010527813344,345.2391515020997,7.296466973886329
4224,9.230306674684305,88.01868990924612,19.86538697076383,81.144553920907
4225,7.579388855602157,81.00525879985304,8.433170757194095,96.99769053117782
4226,20.65329218106996,87.3996562460825,54.60627839801023,0.0
4227,67.71653543307087,73.50237337018567,90.93424701323269,95.68052159739202
4228,13.07227181111431,84.892373861354,19.562142097223354,78.72048743335873
4229,66.36135644967834,40.05423694508809,194.85637818304426,99.89835014465557
4230,2.0622041920216363,4.115479115479155,23.96738552752815,90.43609228452112
4231,7.523980815347723,78.22621185608153,21.687991484536028,0.0
4232,12.357954545454545,29.7906393985935,27.712824471665304,0.0
4233,18.471509586821497,79.34017206615952,45.160958729014006,77.91653493518811
4234,11.907481439177612,56.14584556760498,19.930715147065655,0.0
4235,7.528755663994422,19.780631353665076,22.42021275150953,0.0
4236,2.001270648030496,6.817068857632577,21.720044704629267,0.0
4237,4.9433249370277075,27.38244514106582,26.590415841584182,588.1773399014778
4238,0.8013355592654423,2194.2424242424254,30.893493275172666,15.894039735099339
4239,15.363511659807957,55.54122920120338,29.51979072594961,0.0
4240,10.86507233540006,71.47727272727273,47.00784501528024,79.65928945835759
4241,3.5937499999999996,862.2773053952825,3.593010548737527,0.0
4242,17.265004110715264,79.84890345948948,15.12170455791941,85.81869860927824
4243,5.449420607579079,8.999399939994031,14.17144048434037,78.97667419112115
4244,4.753820033955857,63.59462301221834,1.542069693972838,0.0
4245,7.91044776119403,75.16394498588328,15.086321457014481,0.0
4246,9.424544920728128,4.804637767147488,23.422145412130966,0.0
4247,4.522454142947502,62.97815820543094,186.8046282455849,118.62284820031299
4248,8.862629246676514,21.175084019718692,19.850062386121014,0.0
4249,1.3802168912257642,87.89794007490637,25.662715095511906,0.0
4250,4.612954186413902,35.33355134074557,18.878133352243694,64.16110826064649
4251,57.97020743421969,42.32854864433811,745.5901840490798,470.20408163265313
4252,93.17470256731372,45.224719101123576,168.80649515317597,75.92592592592592
4253,22.31085949562532,85.0716524854456,28.302665638124623,45.82463465553236
4254,65.59285327558203,43.87543252595157,60.709736761420885,95.37521815008726
4255,26.125478927203066,46.344454927523806,1.80384842021999,99.23258559622195
4256,49.24317209608424,88.79378569520267,161.22641268491614,98.63731656184487
4257,9.42094209420942,46.64526055254532,26.58920069179333,80.95432856169053
4258,14.210233592880977,132.35955056179768,14.677689953680249,0.0
4259,17.35869274042325,85.67646606125905,9.36095035988538,7.142857142857142
4260,9.93436754176611,79.25443335147561,44.596938210815864,77.91653493518811
4261,150.95594347464672,2981.818181818185,822.8737864077668,1787.837837837838
4262,42.2200956937799,29.80671601413655,133.89524775744658,89.63572965353512
4263,6.769416742218192,87.65531658001674,113.15660537494894,7.142857142857142
4264,6.096423017107309,84.13185336830658,17.160540317970508,50.79253258189503
4265,4.42998760842627,81.2687404838907,12.717659613968902,0.0
4266,4.823455233291299,87.55138530346828,3.7669747017957564,90.19855469024066
4267,11.127465410656463,78.27029214549363,13.969261033572892,95.13443856227362
4268,1.6498316498316499,13.153271848924014,25.902183993011228,24.56803455723542
4269,9.742539496781744,77.67387644508084,26.258445737538374,0.0
4270,1.2483994878361075,30.425814489210683,20.177805881742167,7.142857142857142
4271,5.228302544440572,14.442773427371252,22.377204372576593,64.80221718316956
4272,12.779191405145603,24.824851288830164,930.2366238503598,98.85361552028219
4273,2.527646129541864,77.83860793316187,20.94097795850271,0.0
4274,18.815789473684212,67.72784019975032,207.589521817067,92.07317073170732
4275,56.4043321299639,64.48933782267116,480.27735544805347,281.69398907103823
4276,0.355297157622739,14.969569288389497,12.67530277809254,0.0
4277,3.802153432032301,80.29647242935131,37.0578567904063,0.0
4278,60.397946084724005,85.20916247834515,147.89582068238946,99.27536231884058
4279,15.710382513661203,75.34148490857017,2.1002164046539775,0.0
4280,0.39906883937479215,56.56221533977045,31.947494622035272,15.454545454545453
4281,54.720342002137514,5.882352941176472,45.1655969191271,75.23364485981308
4282,8.98402170636117,29.679661287745656,17.145660997099036,64.16110826064649
4283,1.5470704410796576,0.0,28.22163879656681,48.0
4284,1.1051574012056262,75.74988640732585,24.976701438830244,54.151624548736464
4285,11.350574712643677,30.09714419475653,17.14846270714538,0.0
4286,42.494226327944574,86.95082234163817,57.75972922760082,0.0
4287,16.533038429637823,83.27044959397901,25.126685190902542,64.9962415434728
4288,0.16233766233766234,34.133757558172505,19.214755134307264,0.0
4289,9.264705882352942,79.85552394271109,7.7434097165755205,0.0
4290,6.713032960387058,79.25933154276757,87.76641554967767,94.24778761061947
4291,7.992842230838056,69.08843812595697,6.080327373702204,0.0
4292,22.57409663012586,67.12727272727273,31.17465650686985,390.17543859649123
4293,5.122564424890006,12.094642316617882,24.578215366813716,63.8270326255826
4294,12.340301974448316,71.43412736995624,14.958115756801178,304.92753623188406
4295,1.6889738687061822,51.498846211908834,7.742415842511491,0.0
4296,70.82466427085303,77.70195458801497,491.4293914542033,99.64731416169289
4297,9.853687667960585,66.52706843718079,28.427513227513234,28.615227388860497
4298,8.293697978596908,9.781760348712233,21.73691193649506,0.0
4299,6.78435444790585,84.79128101367543,28.040593144125037,0.0
4300,7.901159243441122,36.56556681878761,20.373597522501292,60.07430694484138
4301,13.922991071428573,74.40220547788998,1.8535675049217537,0.0
4302,7.477781182960467,0.0,13.288308024117807,80.49427534208323
4303,14.018952062430323,83.13986523256186,30.478216244737517,0.0
4304,2.466013278533038,7.4575699294800195,19.858298655120084,0.0
4305,5.795610425240055,75.52253671981062,155.12634453764323,98.86264216972879
4306,60.45841519318926,78.64670080185489,56.37273593254921,44.97833792831823
4307,38.236497545008184,82.83544303797467,122.00276343538661,89.68699247010188
4308,9.242209631728045,26.333249942895705,0.017181490361783146,0.0
4309,11.673493270918666,690.8061749571182,38.22500930692307,35.23412146499768
4310,18.29978813559322,73.49072587836633,24.79707102293188,0.0
4311,3.175112251443233,30.001868634962154,23.71718839538069,64.59706031424227
4312,1.7828716969118115,31.648290760145343,19.575376029833855,0.0
4313,25.1611303916708,81.77623474073245,23.768146935954366,78.37126490168757
4314,13.346727898966703,81.6145181476846,46.61758996404142,78.10001567643832
4315,584.5804988662132,54.34343434343434,1892.1916167664676,4406.451612903225
4316,27.22340174569474,71.53543751868013,198.3335538298016,0.0
4317,66.95267810712429,34.74082702387886,63.84279912955571,95.67699836867864
4318,22.971285892634207,71.1132823101558,18.42433747851791,0.0
4319,18.272874932322686,68.75873247796905,38.07049935844143,77.8640469022342
4320,14.933784164553396,79.06270217115649,8.872929601065547,65.35218253968253
4321,19.06166219839142,33.510866238138966,588.9700874367234,58.93060295790671
4322,13.569997137131406,75.48565862515721,3.1173103623081277,75.98831213475421
4323,16.93591814754981,69.85079618460915,58.31830163618079,0.0
4324,9.637832984136487,42.50676982591878,26.38327939229082,18.826263800116212
4325,68.90513956123185,12.97429842884388,257.1122488251499,95.29217496798545
4326,2.988431876606684,86.34575117780491,24.137490713224384,57.40853658536585
4327,17.513661202185794,85.18333993454378,9.325308536793171,66.92708333333334
4328,3.072721065209969,0.0,486.5697131420947,1026.6129032258063
4329,2.017195767195767,61.54565141551972,27.602146998154787,7.142857142857142
4330,13.495702005730658,31.860717264386984,346.5368968348079,54.495114006514655
4331,14.210233592880977,58.37359098228665,19.674813766907175,7.142857142857142
4332,4.763406940063091,21.010101010101,23.3092673885071,77.74769034724434
4333,10.49510821227394,84.38953205564744,3.008897099362719,67.78136531365314
4334,30.07706255666365,69.28524614898605,187.78587593423882,0.0
4335,21.009942438513868,59.15662650602409,160.0200224610942,95.44654498044328
4336,7.662376533971865,25.291914518616416,18.16561231437043,0.0
4337,1.916829109811566,12.825885978428339,22.37464129439301,12.850904553961323
4338,1.2167787383925712,24.698293799417428,11.6028861834871,0.0
4339,81.76470588235294,63.954943679599495,53.77217664513877,82.56578947368422
4340,66.6579223504722,23.169267707082835,66.86090514637227,90.61946902654867
4341,6.125621890547263,0.0,20.92509515715894,49.74820143884892
4342,39.63922294172063,55.39473684210526,57.67809389765757,299.14285714285717
4343,667.4129353233832,0.0,2271.3888065567853,7.142857142857142
4344,16.60220994475138,72.57507198683669,12.856421432073287,64.23451100870456
4345,83.74032162001191,67.42623122965455,72.31846818806979,96.41873278236915
4346,9.988073941562314,69.90251478801098,42.07981154158684,36.844484629294755
4347,9.066265060240964,10.1887293992557,8.59676125619707,54.81888745148771
4348,84.38766736273186,90.95531818865655,85.18010877039444,97.00226244343891
4349,2.742749054224464,88.26766236134435,7.985936036268961,0.0
4350,2.342513453624565,41.26233483010615,18.787234492348855,0.0
4351,27.480182560653375,64.13085726624918,77.23381480432522,38.403880070546734
4352,4.470030477480528,739.0761548064916,10.388378256059966,0.0
4353,5.570860116314662,30.771567557628753,15.568904256715918,0.0
4354,20.844257996853695,9.43545570946338,38.21840191113475,40.14567266495287
4355,12.033076703735386,87.03931074315399,156.52442351818868,0.0
4356,6.849737735266894,80.12839235730802,42.11872742442851,63.695426195426194
4357,20.111140513363324,80.74527592366269,7.934718976623649,66.13333333333333
4358,2.764823451032645,58.281160436527166,21.9325535954788,0.0
4359,18.162103551097857,65.82977907701154,21.162471420019568,79.4165316045381
4360,35.56808688387636,77.89013732833958,144.22231676660087,98.54586129753915
4361,20.734840698869476,67.35420010700908,35.044783663779576,0.0
4362,19.66471527408196,32.213086276780565,9.593859882398144,66.94273544723143
4363,1.845370664969774,77.60938872392738,1.9392927440706693,0.0
4364,27.653276955602536,60.278787878787874,47.31443003099529,773.125
4365,5.570860116314662,82.4808275370073,12.657008540437682,0.0
4366,14.378899602949518,74.78854478854478,71.85870552749208,55.41015001595915
4367,767.5287356321838,0.0,566.2803738317757,4406.451612903225
4368,11.982881597717546,86.86572945671503,49.6998985007938,7.142857142857142
4369,4.576271186440678,47.92739155736605,24.56014587273537,0.0
4370,0.7004669779853235,76.47467036780013,27.35262593783494,497.008547008547
4371,20.69408740359897,63.98740119325237,15.268563736938054,96.69211195928753
4372,83.49564991559538,11.370157819225248,84.88270067693703,98.98700305810397
4373,26.547619047619047,89.47646963035336,45.71187976068807,0.0
4374,119.40406976744187,0.0,906.293159609121,2117.4603174603176
4375,12.357954545454545,40.027001132305564,16.584707982325565,0.0
4376,11.49223101729698,31540.00000000045,13.897527887002706,56.42545227698066
4377,20.57157569515963,62.80628881757623,118.85340457016966,0.0
4378,11.299597469810235,290.8517131363572,27.162820812526515,0.0
4379,21.76008115647984,87.60943425486022,43.99396494577959,97.68683274021353
4380,20.55263157894737,83.81608736847355,42.13992432574571,83.85531029700681
4381,16.95827725437416,73.7737309387806,19.3373475408755,0.0
4382,4.031702274293591,84.19107240065323,24.518793012175756,1.4114326040931546
4383,14.400665926748058,77.79546258400283,68.60243849906271,7.142857142857142
4384,23.996058142399608,81.65986193427135,82.73696366620003,0.0
4385,30.58174292940906,89.56145204359018,29.369460607013682,39.83983983983984
4386,2.5814778960955147,16.196172248803826,25.373332338558168,54.376224689745264
4387,1.6156176371592057,55.141196915390466,21.890358758567135,64.54314720812184
4388,7.788637751985339,14.898377186072157,19.39948744379815,60.92307692307693
4389,6.125621890547263,11.184871466561608,38.01797945485666,390.17543859649123
4390,13.047235023041475,75.34983679669068,21.002647541145553,67.65454966427413
4391,24.442811658094538,48.0722626129103,907.2139618162689,98.44124700239809
4392,6.907184705519581,73.56431239992884,18.94408842224486,59.235482929676095
4393,64.31779898933183,63.0049610205528,80.6975424131917,81.33802816901408
4394,12.754524886877828,36.16910915971422,21.57869436605784,0.0
4395,7.3573573573573565,84.34407396525309,21.430242761962695,0.0
4396,1.7480211081794195,6.7937501786888035,23.888724720254594,0.0
4397,1.5136558078315236,27.24094881398253,0.26175744122961603,7.142857142857142
4398,19.409613375130615,69.07811019358331,57.720236792500565,0.0
4399,6.600060551014229,37.22887599292095,20.458704858265286,7.142857142857142
4400,9.203007518796992,88.82507040408672,38.19402804578606,87.52344377958381
4401,8.970197698436117,80.20812825038483,19.052287914396697,0.0
4402,73.62858141160028,34.89286422351344,704.0070802805224,92.5990675990676
4403,30.54930211616389,75.26334451009681,4.0218393205353475,99.77332170880558
4404,34.24717145343777,71.48462738547363,99.75294191617068,0.0
4405,5.685723211496407,8.069888069888064,15.71442196497336,60.59238363892807
4406,1.14603798297315,6.446125571654485,4.278217539124334,74.61384699254951
4407,18.006518196632264,58.65222813304077,26.9848398426946,76.12373953170398
4408,12.902315076228119,52.93771632197233,18.743882635313106,7.142857142857142
4409,3.248974008207935,117.58768790264853,13.724588822373057,95.76679494560771
4410,6.797583081570997,76.86685890424579,2.3024683283742005,0.0
4411,35.24349286314022,71.03506979911475,15.452316054385678,98.57768052516411
4412,82.79875490594127,60.92177077016374,90.31427269370734,99.05928292509762
4413,4.158730158730159,89.86577381842096,24.399397785852255,24.56803455723542
4414,66.82438971932466,87.87746281614986,176.3477708922551,99.9154031365914
4415,72.17600700525394,53.91003460207613,96.27893200923386,78.27868852459017
4416,3.8370918882531138,13.162118780096307,16.412632068388287,0.0
4417,15.20065970313359,27.58004203807245,19.676461369821457,0.0
4418,10.63151796060255,86.37172284644194,2.218688006067206,99.70414201183432
4419,2.5892011367224503,36.138360702967454,22.82635794219322,0.0
4420,11.197466896948763,74.77206550029119,137.3183536840439,0.0
4421,22.932800399700227,82.99751597559923,159.84608091190674,0.0
4422,18.953020134228186,35.59825901289315,21.957492514614326,73.91710231516056
4423,70.6940281300438,15.575807787903909,69.97235023041475,96.78398058252428
4424,7.477781182960467,29.029263516698677,22.93099489484355,83.89068265682657
4425,8.266428783823967,72.77116114722423,3.601195097807086,7.142857142857142
4426,20.781946995539226,86.48894751398846,188.51098884475587,91.734216910242
4427,25.698458574181117,162.78758694489025,227.1716490574456,96.20991253644316
4428,28.476664297559818,51.05576610720086,232.68305809613804,30.773042616451935
4429,61.260105222635694,29.374999999999986,684.7760577915376,807.1428571428571
4430,88.99852852073055,90.50125839438154,74.27107175377137,99.88337807507811
4431,65.17808219178082,92.00507614213198,95.75709581267886,95.45844044558697
4432,5.13530135301353,115.14773200166455,16.4289875758264,7.142857142857142
4433,24.37374749498998,85.88800670268306,72.16260386413585,83.47918637653737
4434,20.63287882685876,55.16976062530533,21.637736254168573,98.87445887445887
4435,28.289786223277908,3.266995701321436,374.5652432413527,49.18152055292834
4436,4.643082754264056,65.376183138895,24.047088774561917,70.70664709582721
4437,6.825732407127756,24.225582036705934,21.39743457282116,0.0
4438,41.40550807217474,81.55015245422436,75.09183706555345,98.79963065558634
4439,21.23662927211062,84.1938681188957,47.86745890058921,81.97419354838709
4440,15.788005578800558,80.77770955053106,52.73555322797851,93.52311187352218
4441,22.210770419994848,85.71284303061445,121.32879298608201,91.6050718105883
4442,4.872032069071848,2.931204415533213,619.8276313623242,98.52774631936579
4443,1.3431403901503038,50.08035228043448,23.84840442345937,0.0
4444,1.0163934426229508,89.97659441247504,16.65034024066742,62.65704357123764
4445,6.3164287883389,25.42514424536898,19.92543786132596,0.0
4446,10.00583430571762,165.19296531509522,16.844860474086616,0.0
4447,38.03976702149026,83.68088216344363,47.84689042366937,99.71072541166
4448,25.066796210833132,71.0213275720222,21.232661915343797,99.47025264873676
4449,25.585407936899184,72.4974817993465,186.11020877909615,91.54051108150661
4450,2.6964047936085223,14.260920988352671,21.591421402251946,0.0
4451,2.424046541693601,84.14651876190338,168.08590555306748,86.20246913580247
4452,13.841324200913242,65.13386818415037,72.8100772848538,91.27365856705603
4453,1.3431403901503038,9.783339882645233,19.643090762338797,0.0
4454,83.12084993359893,74.58823529411765,83.01182255323765,98.30887045309508
4455,62.66157461809636,86.404833836858,94.35683122993494,88.08988764044943
4456,16.900633085604184,83.81236072581744,10.956426274306244,69.3573152007019
4457,0.685378590078329,24.03630077787381,22.474582909836652,0.0
4458,2.392499191723246,363.98484848484844,13.017525717084855,3.8540949759119063
4459,0.03240440699935191,15.071384773457968,21.76617235127612,0.0
4460,2.5127334465195243,16.89655172413794,24.13697993416097,86.66730292040465
4461,16.48686030428769,52.720022355313525,157.6795550982243,96.66403992645127
4462,4.9433249370277075,46.36123629963465,15.985524479139738,68.65604666816245
4463,13.342696629213483,89.73999580236189,53.76748684538926,0.0
4464,87.04761105046603,86.61944308744503,221.88120194971356,99.65194109772423
4465,13.245219347581552,71.7798656976664,8.264882680047974,0.0
4466,7.3573573573573565,65.12493101028201,15.85147604480182,7.142857142857142
4467,11.274086856485475,21.143436967810946,19.459968476334062,0.0
4468,1.4691791759821142,34.78818069140195,12.39928598671364,0.0
4469,27.545416138572033,50.538720538720526,40.06837203819403,831.3333333333333
4470,58.87763263129832,72.84589197423925,251.83916125736187,98.63874345549738
4471,3.8641321283889063,44.38136997742365,9.936018860197015,7.142857142857142
4472,5.950155763239875,57.47806422433287,14.213618490735772,63.61031518624641
4473,5.916437938395852,2.1413857677902284,28.283456517201788,0.0
4474,8.592592592592592,84.69315051101378,52.60904535796808,0.0
4475,119.26083866382373,75.98951310861423,95.2827036265959,94.67213114754098
4476,16.34801884178443,57.2287935113214,19.01935317945091,419.3308550185874
4477,73.06061890631624,95.36582505403186,88.4400922120878,98.32965647652064
4478,24.79278400780107,83.18018790071733,29.40101879907191,96.85230024213075
4479,25.235264982664685,55.17355371900826,69.98951500895157,89.54888905513579
4480,7.41296518607443,36.67349775045345,14.227382977329835,7.142857142857142
4481,60.47885572139303,66.56346749226006,95.4619723995793,97.85425101214575
4482,12.828482622209664,0.0,14.611032363923012,0.0
4483,6.145421356860359,72.001119290542,23.126064916791826,7.142857142857142
4484,28.289167828916785,84.19226484744685,21.530579790974485,99.19950738916256
4485,13.367031732659365,86.80846022763517,17.05313073639888,0.0
4486,2.867622540846949,35.48662206757374,14.983198542613065,0.0
4487,6.648113790970934,21.084673449294392,22.888190507046826,94.4646960931928
4488,14.16249304396216,80.02199631413114,3.987833751916698,43.47826086956522
4489,80.68095455236359,1.0880927492160197,65.57450013166567,99.5413241021203
4490,32.35423060061377,87.58509263248601,181.9606970708194,458.8
4491,153.90946502057614,76.85850004567462,220.06726864750252,97.25158562367865
4492,6.628329297820823,57.24809203060539,5.372524270913756,0.0
4493,12.033076703735386,83.01889234722137,48.711528632540166,7.142857142857142
4494,10.362232779097386,61.3608898654216,5.781470201301135,41.396761133603235
4495,11.231990591002647,77.63612345382491,2.2140836891716704,66.76183678325006
4496,13.147295742232451,42.760444683521605,25.749060422087304,68.56435643564357
4497,7.619339045287638,72.57704160246533,55.25479452054793,251.88916876574305
4498,17.842876165113182,58.32916659548096,18.495778907342153,0.0
4499,9.610778443113773,62.47527084314648,30.779768958119096,7.7278731836195504
4500,107.20658888126286,86.64182460648891,0.44032292230564757,161.1214953271028
4501,1.4448924731182795,21.385462137027904,28.258659217877096,3.254847645429363
4502,15.2442448062886,77.58677685950413,19.954824648305927,411.7216117216117
4503,4.189146302761029,175.03674766602663,41.83429341910748,87.69704975781593
4504,7.218045112781955,84.16384723556521,1.7862297021336484,0.0
4505,10.812407680945348,19.02673796791444,15.162992663326602,62.17167614405632
4506,4.364005412719892,83.04621334817965,114.35830544867227,98.54586129753915
4507,25.75012297097885,90.71332933191745,32.1771635801807,1.7580872011251758
4508,13.269609221253868,31.177526650764364,12.113010959779519,7.142857142857142
4509,2.218700475435816,68.96907711514453,11.590016095848954,0.0
4510,5.368098159509203,48.96865371487612,22.70952265829839,0.0
4511,4.930662557781202,15.834002140181912,24.28598419711597,7.142857142857142
4512,18.80043033889188,10.629370629370658,9.895066136216794,317.01492537313436
4513,60.904337127037834,80.98229583095375,94.92966268841707,95.85289514866979
4514,69.5933014354067,88.17271589486859,95.14103880346268,84.13173652694611
4515,55.227643482129615,35.08376038930278,393.31138153185407,59.03225806451613
4516,13.685152057245082,0.0,37.68251410153101,56.91056910569105
4517,20.636172450052577,83.32560601536414,43.12104669844397,92.03670979878014
4518,19.14836636314944,76.33383275966796,158.6801530269566,92.06295096869496
4519,68.80981595092025,54.206488087225736,70.26196374678294,94.34364994663821
4520,16.191252377071446,88.8993204292442,70.81436010498373,0.0
4521,7.193359975407317,66.82985281385282,145.7802367988432,87.20695970695971
4522,13.792118789263277,69.49459002839787,28.980179432495355,69.18835465372739
4523,52.70612038442084,0.0,623.7766497461928,2082.8125
4524,11.41431924882629,73.43260188087774,77.29843196762772,317.01492537313436
4525,0.7182500816193275,55.98041939334075,17.587826807048355,0.0
4526,1.4468924695823742,50.67839728641089,15.38141058311294,0.0
4527,69.31434089811685,59.04550499445062,88.67365587011504,94.78346456692913
4528,44.237162910971556,77.35979777174421,194.3126137230733,24.732142857142858
4529,0.2656924609764198,33.159780862544785,23.46038636368748,63.23684210526316
4530,12.085032032615025,86.46590480112563,3.8109844800302057,80.27950310559007
4531,14.966923925027565,81.14932225998828,84.92389147906655,0.0
4532,34.68195586326266,76.85900096859001,182.07707096882052,111.9878603945372
4533,8.2091821222256,31.60845512344149,22.62196911824642,68.58556330110187
4534,32.92601644079093,20.609714324861276,210.86076183483775,87.31729459827507
4535,17.06989247311828,82.78760969463164,3.5952720097983026,0.0
4536,17.04759343909653,39.0817657703152,20.557438407550226,98.92827699917561
4537,14.257921067259588,87.87848579284551,180.28342335599598,0.0
4538,12.357954545454545,82.11394262793561,131.00669942527455,7.142857142857142
4539,1.1217948717948718,21.495189836234097,25.742193750248365,0.0
4540,86.94401643554185,90.17325886949986,86.04700172190122,99.8123561692335
4541,2.342513453624565,24.965764160438198,25.447404528785878,0.0
4542,31.898454746136867,56.27642865772624,38.28628641617251,93.89671361502347
4543,18.996511939898042,84.808989001357,61.81965952773202,83.48894929677343
4544,10.52163604030824,81.14872755256346,35.60094573809251,84.1609977324263
4545,11.41431924882629,80.26475789065717,5.985094131467676,83.26344794536959
4546,7.3016826923076925,58.93671158968482,25.91389795118654,0.0
4547,0.7886953664147224,70.80731969860065,33.15582666048778,37.99378606302707
4548,1.657634682817979,26.335287412473562,29.34229270259375,0.0
4549,15.543071161048688,868.1647940074905,515.3703901484837,93.26424870466322
4550,14.789726220716906,88.85941500081704,8.622910078023759,66.75392670157068
4551,25.327726935443977,83.07110303944076,170.88728871529494,91.66766074197781
4552,82.49552403250242,68.44919786096257,61.575860001090334,77.35042735042735
4553,21.64547106151051,85.90070011599904,170.1063493938385,86.99012851555224
4554,0.4196255648805681,70.22572674058091,20.368706842599675,0.0
4555,22.076281889366,81.9911709786398,69.38123045316456,0.0
4556,5.77275503970678,87.9178120944878,2.5540671457496367,97.19222462203024
4557,52.65798965030578,56.13891726251276,185.39387322586865,48.77529286474974
4558,759.3314763231198,0.0,411.6592597398383,45.83333333333333
4559,62.28607120549656,81.95254271662526,241.84948410965825,10.448717948717949
4560,1.657634682817979,23.926286484482137,22.076101527153895,0.0
4561,62.22882615156018,76.99534490055015,96.36158234722461,94.33760683760684
4562,1.948684637869438,37.73261065943993,23.36041264944081,65.19681116093672
4563,8.020274299344067,33.75714567317172,25.22822673644764,48.0
4564,5.412011173184358,63.20760799484203,29.457249516499,427.1698113207547
4565,2.7697262479871174,79.78131212723657,168.74184056159248,73.6066502928396
4566,20.937980522808814,81.56960086613238,52.13770702511725,0.0
4567,65.12074643249177,59.88051470588235,64.34297639233077,94.4560669456067
4568,66.06160616061607,80.75489067894132,48.062305295950146,409.8540145985401
4569,15.8712844286883,75.58377004401753,7.170726594362948,0.0
4570,19.771458942333243,83.40413162873476,161.47643542545498,90.47391749062393
4571,82.98982869379014,25.820793433652533,79.66929364962895,99.21759669323885
4572,30.705300988319856,72.68829875855903,22.24785758855397,98.33971902937421
4573,50.71020408163265,85.06777298519421,134.93375144413275,53.46435709526982
4574,67.60958205912334,68.90756302521007,95.1441795754933,91.92073170731707
4575,21.19551031062386,72.96650717703349,31.206475642585847,58.93060295790671
4576,6.503561474140601,90.55344655344658,22.827173698985604,83.82540233877504
4577,35.32048408785298,74.96835443037975,101.13982620471734,218.22323462414576
4578,0.4838709677419355,21.0205992509363,19.65523213299808,0.0
4579,3.3610755441741356,67.71825559472087,21.468030374353933,84.74224552206203
4580,163.43804537521817,10.789473684210527,801.6940024479803,1243.269230769231
4581,11.518171160609613,8.852291026204064,18.717914434345673,70.04074630066481
4582,62.82538754021644,90.63723438307932,96.5337790989975,98.74377814648021
4583,1.5948963317384368,5.5964052287581545,23.58826695587906,0.0
4584,85.7479255438439,90.17975799118697,84.51480633833576,99.36655910123102
4585,28.93126177024482,35.237154150197625,23.3533334095822,91.8956043956044
4586,33.2972972972973,79.42747964071674,204.17577083122546,98.20193637621023
4587,8.157189639773742,30.981369158758053,19.732598022200563,0.0
4588,7.901159243441122,74.12453452396392,21.930834811221985,79.4165316045381
4589,5.310006138735421,17.906861705886485,19.818562931682575,7.142857142857142
4590,19.792773645058446,76.51527220588873,14.701905235394715,86.60722845364778
4591,6.116859403530127,92.14822589104975,6.910108161246464,0.0
4592,5.2518427518427515,82.87523543547445,22.093523856760214,0.0
4593,10.475914103308183,32.371203509593705,16.999951863668034,7.142857142857142
4594,33.67750439367311,74.01839405730456,15.891367658329255,119.30926216640503
4595,1.015062213490504,20.709175042620284,11.458596335807316,0.0
4596,24.335839598997495,83.39796553550647,93.72298833286779,89.75806451612904
4597,9.58382180539273,70.08709774574778,21.799045662572784,7.142857142857142
4598,5.940934065934066,19.26667752266185,25.319221751410492,0.0
4599,9.637832984136487,82.71877655055225,27.41514111743588,11.357868020304569
4600,11.518171160609613,50.713060524381284,20.239437241727394,58.52137767220903
4601,11.957762557077626,55.890941407985736,316.699299446242,97.30848861283644
4602,7.245941070354781,76.56594260293784,2.8904472389119005,7.142857142857142
4603,21.521241414398375,78.05688574369094,73.3926384962731,0.0
4604,17.693565976008724,79.02256074603956,55.825121059797965,79.18343018924155
4605,11.101295641931683,82.02718803381997,23.25139720471138,51.66089965397924
4606,58.501479687920366,72.21432666897546,228.61225613438842,99.88472111377139
4607,11.41431924882629,2.7272727272727337,27.52632557678242,6.241610738255034
4608,2.487080103359173,29.713024282560713,25.9647724520575,67.85549930971008
4609,60.840314800710836,64.35540550139771,66.75603160441598,99.87009093634455
4610,29.676217097600745,44.81691919191922,60.018894472361815,19.914163090128756
4611,23.33671914677501,15.841392649903291,25.39478228110382,447.843137254902
4612,69.22645739910314,83.08649755790137,62.63536684082715,11.76
4613,11.018171329679838,83.11843801805121,19.09384468029524,97.94628751974723
4614,26.054650047938637,61.13704700110778,6.612389518346934,95.25547445255475
4615,15.710382513661203,66.98424204767083,569.2964701169581,97.36842105263158
4616,5.657492354740061,2.862936230374288,21.97427521345789,0.0
4617,15.083952656206993,56.371989811067195,15.68292685273717,0.0
4618,70.15731392345621,95.38925990302809,93.68060617634954,84.17910447761194
4619,4.401519949335022,25.82363140946246,21.31865048630842,74.61384699254951
4620,15.917143635868083,84.09073649852103,59.014156994579636,0.0
4621,3.8370918882531138,371.7602996254681,10.759603850477188,0.0
4622,15.291806958473625,72.88985823336968,118.2728333875505,16.416666666666664
4623,13.396442914515202,60.89736070381231,39.917570863823684,43.87229660144181
4624,50.17764857881137,55.5254315190589,58.94743265692101,99.06001446131599
4625,67.3901247965274,41.91011235955057,165.67803997234228,0.0
4626,12.465564738292011,31.932773109243694,78.45890065557238,57.25806451612904
4627,27.44532564287431,77.26654765174402,44.6554057587516,72.45662460567823
4628,22.98469387755102,56.732693250295554,33.45158097950586,83.50259801606046
4629,64.52316076294278,52.91666666666666,82.72191371208886,2394.6428571428573
4630,0.12949174490126256,77.48950175916468,1.5259806412315142,0.0
4631,20.802728226652675,78.89284760356917,62.64760898528478,87.16936076414402
4632,22.823433685923515,78.94932935916542,28.63898646703137,391.90140845070425
4633,12.518110692552883,62.80191387559808,29.107765087994924,47.20758693361433
4634,7.273820258491133,32.34024220354278,20.909030199617355,0.0
4635,27.06228956228956,379.39393939393955,44.532295341199365,837.5838926174497
4636,3.2681832745914767,21.965949245101196,24.16504405149756,83.81228273464659
4637,35.77564426478019,7.352941176470582,47.73571764705882,43.61702127659575
4638,11.528534556925724,80.47769895295114,18.872851785501503,0.0
4639,67.00415368639668,38.23529411764706,85.69617144770622,65.5844155844156
4640,27.480182560653375,70.9946524064171,24.310778301087666,523.6607142857143
4641,11.466275659824047,33.083262531860655,20.364426250455057,62.09983722192079
4642,6.416615003099814,84.82490325208771,1.1800304611514998,80.69908814589665
4643,7.307338041142156,37.7025202520252,16.477392545553226,68.82392323142156
4644,1.9077901430842605,11.156642432253847,23.04311947002431,0.0
4645,7.9292467215614515,60.367129439860264,13.645891229615268,72.44575936883629
4646,11.197466896948763,37.733715208930036,35.60307595944766,96.85230024213075
4647,20.111140513363324,76.96341703455838,5.518728399033268,74.12004446091144
4648,19.93252011419673,76.53567881148872,2.693283391939667,0.0
4649,28.802215555042693,1393.7399678972713,513.7975991442335,97.60589318600368
4650,4.247237569060774,91.94434456343312,28.85313959522574,3.455425017277125
4651,2.218700475435816,9.146854475384055,26.015671040833315,0.0
4652,37.33495835872436,79.41147354353313,37.236765251550125,99.52966714905934
4653,56.856754921928044,89.70588235294117,34.332637196890595,97.808105872622
4654,38.5132382892057,83.76826984881089,91.12329808118551,9.397024275646046
4655,4.258195336262251,79.3025942298463,28.755351691109475,0.0
4656,37.04081632653061,44.830832967170934,246.0199264900378,98.73046875
4657,5.419799498746867,71.64716924978823,22.807826869550194,69.87925830099181
4658,30.66497246929267,87.67055272767078,226.5260502834148,0.0
4659,4.400371862410908,67.87655983016623,29.14695018206767,0.0
4660,82.90747713824636,75.46757920821288,91.43609396458132,99.21759669323885
4661,10.25564803804994,86.26581027667984,20.055493772242,70.66358672826544
4662,177.92792792792793,79.25361155698234,2392.1904511875846,79.36507936507937
4663,67.71813515825492,55.74879988649173,397.339223314885,95.22637963437553
4664,26.167767180239665,59.880475741874704,181.60019192612418,91.46661779976787
4665,75.8548632218845,62.48539150759642,84.22503076031805,96.84335914234663
4666,68.24881338995753,79.98565279770446,93.68064603345458,71.03825136612022
4667,22.58974358974359,78.11034816247582,64.26359269667287,87.9162702188392
4668,63.041581855190465,38.6643452306927,93.79866952518398,96.09432571849669
4669,63.36119919285097,49.29577464788733,15.503690693617001,96.86018957345972
4670,26.160842508377215,22.709258775367967,81.11832203180121,99.1740787801779
4671,30.64298561151079,64.17027927688815,31.10678575137717,97.25738396624473
4672,11.828271028037383,73.25829725829726,9.414293844070723,64.17948717948718
4673,16.831955922865014,60.265866209262434,24.494195282903583,591.5841584158417
4674,167.8793256433008,0.0,1744.6940639269403,2082.8125
4675,3.710065269666781,44.57873533018041,5.445748585584099,97.46046173423014
4676,0.22742040285899934,86.1222143157644,23.791128431344756,0.0
4677,14.018952062430323,40.35413322632425,14.82428231510941,96.99769053117782
4678,0.0,25.555456078308513,20.073683378793834,0.0
4679,7.050316360349503,16.17977528089885,14.224331050189676,7.142857142857142
4680,3.352130325814536,20.22266123389716,22.54719637433256,7.142857142857142
4681,20.304830793076725,62.6586518018884,15.106915073119273,0.0
4682,17.973943100239296,75.25699883612089,5.190561729647029,0.0
4683,2.392499191723246,42.41336441336439,18.11799480386729,65.66724010813468
4684,29.725325884543764,15.98822230401174,85.25581530307281,12.570507655116842
4685,6.059683313032886,82.51523282464083,72.72203861659709,98.04216867469879
4686,4.78395061728395,75.95074279093174,10.190449961718299,0.0
4687,20.775552131484336,79.96229130104425,66.38159402851288,0.0
4688,9.66325036603221,85.12523092764772,12.462244364643176,7.142857142857142
4689,7.0791012619267475,45.65528534174298,21.51053599650923,64.80221718316956
4690,6.3164287883389,87.02738175948735,19.50936235656951,7.142857142857142
4691,10.966810966810966,75.55666602730415,1.608274714281328,0.0
4692,82.608100711549,62.59877085162422,72.75765306122449,88.37719298245614
4693,10.654039656703167,66.74846856326808,22.932581470285356,81.29101379402705
4694,2.1566761814145257,57.67790262172285,19.686660340898364,0.0
4695,7.717618905174993,74.51468925645518,9.57137236532366,0.0
4696,66.79728317659352,51.13122171945701,46.69626245972805,93.6602870813397
4697,12.56878077034463,76.76297441740593,7.116036876114948,69.12024756852342
4698,21.564042608469734,73.1379691330318,57.537202076036145,79.75655702072163
4699,19.577685088633995,88.45459359786638,7.198771913271915,0.0
4700,0.13266998341625208,43.69755244755245,16.162924951892236,293.5211267605634
4701,22.759138708062093,213.66274612874255,609.7108611923144,98.96825396825398
4702,25.548705302096174,76.0849376483442,170.20137151423677,87.58994403482278
4703,10.362232779097386,88.86187623029728,19.445065850606476,83.82540233877504
4704,60.392645684013715,79.69379532634973,92.24645656335615,92.37410071942446
4705,7.273820258491133,38.69763252555312,31.202463039911816,0.0
4706,4.695705900525177,72.65338351480675,185.47914721169187,7.142857142857142
4707,13.915027088679782,67.42366041981919,113.6397015422336,88.22686667790325
4708,61.1077111383109,85.86739780658026,91.79200396702412,93.08093994778068
4709,16.463752075262867,70.72867672867673,7.980032927230825,76.4695974397844
4710,11.426930806775767,81.4394359839123,181.41407971472373,0.0
4711,594.8198198198198,0.0,1392.3395075745284,0.0
4712,30.40571692023974,77.58603992180633,32.437777984169756,50.30238349341871
4713,2.742749054224464,60.21401819154628,21.840948263600858,0.0
4714,10.657399362872864,24.274247439663093,16.931132545856595,0.0
4715,1.3469119579500657,19.353077843566922,21.540101592346687,0.0
4716,0.09715025906735751,57.6427902621723,15.012941643872468,7.142857142857142
4717,18.53750674581759,73.74500252549032,52.67449893713937,79.71246006389777
4718,1.14603798297315,2.398720682302804,22.63231215286268,70.45262267343486
4719,1.1534764498558154,8.671558511044864,15.22811691188527,7.142857142857142
4720,5.241682360326428,396.51515151515156,11.792327759483399,4.958677685950414
4721,4.989220819217739,67.9744140049657,13.921673359848171,0.0
4722,7.662376533971865,0.0,22.15148742772145,7.142857142857142
4723,1.1729222520107239,14.412984123773882,23.066187050359723,67.60204081632652
4724,7.647598654022637,61.84947299077734,31.29052841475574,24.486486486486488
4725,126.17302052785924,0.0,1335.2346794785647,79.36507936507937
4726,3.299167200512492,68.42607523328664,0.6870874293584127,80.69908814589665
4727,0.6333333333333333,208.45215311004787,7.750993901119403,87.11135713626719
4728,9.718899521531101,84.61701916307835,39.37959835044783,86.87770054480556
4729,3.10929648241206,23.396535580524354,20.043667349959396,98.62288135593221
4730,11.957762557077626,67.08239700374534,2.0222671373440106,0.0
4731,6.154802611128381,69.66442953020135,10.85531003194857,63.61031518624641
4732,49.01283316880553,0.0,945.9731615673645,751.829268292683
4733,12.258248009101251,76.22809657570893,5.0656824229400055,0.0
4734,12.212852573422508,46.24307592049527,15.456030465500827,289.13649025069634
4735,5.538172715894869,27.271853986551392,18.994629490497267,62.048356424884545
4736,30.168776371308013,74.96125532739248,55.68777359571766,0.0
4737,27.042049299178345,55.71270341654595,571.5334246234283,32.04158790170133
4738,13.42127903642099,62.052461790681676,22.90248396429734,56.84275563793636
4739,15.710382513661203,80.63073746215659,164.01585807032163,0.0
4740,3.0179188934297394,72.01276763697328,0.7703227660067644,0.0
4741,0.9630818619582664,25.036383092562886,28.44587108759446,0.0
4742,66.44064028457092,74.18240970091315,381.46807427717664,54.64285714285714
4743,73.99887196841512,93.37492209388343,81.94858325365112,0.0
4744,16.712580348943984,0.0,49.19191176470588,43.61702127659575
4745,8.67377146240379,53.70796749964185,19.160135250133045,0.0
4746,4.006359300476948,901.5909090909095,13.753431093310494,40.70458404074703
4747,72.77206512425022,46.43895719606142,75.11031110826825,99.60737832432032
4748,29.70896391152503,82.58927209359635,0.7188419853065884,43.14204314204314
4749,72.46027495090162,83.2108977847726,380.60523143177636,99.69303423848879
4750,10.709117221418236,259.2031699506052,26.34710260055652,0.0
4751,6.656580937972769,82.55879599030624,24.896051358220657,0.0
4752,20.636172450052577,83.32560601536414,43.12104669844397,92.03670979878014
4753,62.998544395924306,81.95726721181747,89.80311295343473,95.1774340309372
4754,2.8346456692913384,35.21626447952714,20.479355405006263,0.0
4755,17.174211248285324,75.33272304767269,3.376016495365945,78.25003892262183
4756,23.762626262626263,69.7814951545916,70.06097342231733,74.39046746104492
4757,10.7596807567248,65.56839109325297,2.8123052102812625,88.90301056477877
4758,9.58382180539273,16.238630283574082,33.79810610621879,7.142857142857142
4759,16.008712224339778,73.37105939979398,183.05995798890842,97.51434034416826
4760,10.63151796060255,62.74150419385304,23.1350614580009,0.0
4761,2.0622041920216363,69.87696514012303,30.488014010331998,19.70865467009426
4762,12.212852573422508,15.34574087329993,20.83873669239101,70.33340411977065
4763,17.93965751562925,16.05942695436859,7.888742310827844,50.425833924769336
4764,77.1361755711459,58.335681134061886,88.56255930189734,99.38084112149532
4765,5.310006138735421,17.906861705886485,19.818562931682575,7.142857142857142
4766,6.993222427603205,19.79285293540152,24.72362458125104,69.77498918217222
4767,20.111140513363324,65.90710599444223,25.471097458810387,29.693004529441367
4768,4.78395061728395,14.149788492539676,24.073527940809743,0.0
4769,8.565500889152341,15.64247773393182,17.651681093503274,0.0
4770,7.440744074407441,38.20748347126794,23.604461812162718,0.0
4771,178.50553505535055,978.6363636363641,2330.40909090909,2487.037037037037
4772,2.0277120648867863,11.532467532467543,25.867937646370027,26.97334030318871
4773,1.413543721236029,21.566556841542024,22.595008149104494,7.142857142857142
4774,1.8141311266709104,62.608807955572786,281.1283717263407,95.40636042402826
4775,7.190132370637786,32.98043707501545,21.384727507435162,0.0
4776,14.210233592880977,47.640067262860214,17.994793546248268,96.32768361581921
4777,10.734953703703704,82.76565288154205,73.09673623173337,96.92671394799054
4778,12.50709018718094,24.587163772557027,11.559681888374538,0.0
4779,2.4968394437420987,74.81014973321565,20.086479786582842,0.0
4780,23.33671914677501,85.0365129336925,58.91168787070556,81.5455746367239
4781,22.009816584861795,73.8882541187626,99.10346334422351,88.5275519421861
4782,8.619668246445498,229.95501313013898,9.465676011440465,0.0
4783,2.2977346278317152,451.2195121951219,29.151453402897914,14.227309893704007
4784,10.34582970066841,90.13408596114493,27.908128925646814,0.0
4785,14.066852367688023,10.785738381295925,21.498019311535067,0.0
4786,15.268032556834129,46.34626519976838,37.828935596893366,57.83277995774223
4787,7.267037552155772,50.888623857050206,28.688947632329953,0.0
4788,0.4231770833333333,43.252318394056374,17.00133720398627,0.0
4789,22.787723785166243,87.28622862286228,36.87019062097994,81.79804560260587
4790,85.54038680318544,91.17647058823529,80.08567386482264,98.12123360510458
4791,5.904565739787161,0.2402996254681985,21.90643470464713,0.0
4792,40.50059124950729,79.64761158966327,111.11966870774783,10.873015873015873
4793,7.218045112781955,25.14785622449552,19.40868947244321,7.142857142857142
4794,4.813329219376736,21.134909488139826,19.95273538561707,0.0
4795,25.85952848722986,43.18870523415978,55.999999999999986,1.1585807385952207
4796,3.6694320357370773,76.5668202764977,30.413934673670234,185.68507157464214
4797,15.083952656206993,10.943421315072145,21.61804256078455,0.0
4798,3.2612104107870805,80.91598242581388,16.343333800885134,0.0
4799,7.91044776119403,17.253735598667774,24.36543276446453,0.0
4800,21.018945212493602,81.70999235010906,63.54001595910176,0.0
4801,0.8676092544987147,87.89062765199091,17.132808117412186,98.45788849347569
4802,19.93252011419673,31.105649188514345,46.38064977759269,95.4225352112676
4803,9.023886759068121,87.38604566052217,14.418064003177763,98.62288135593221
4804,7.006590357266735,36.447898071336034,19.76309796819223,7.142857142857142
4805,6.125621890547263,20.592885375494095,15.724857811977252,289.13649025069634
4806,37.53796315043531,70.32258671635331,164.37428079207092,98.07407407407408
4807,4.611732790776534,13.104643930069745,23.851542515507617,7.142857142857142
4808,7.873054623130912,69.04437040562695,26.61362155902435,3.254847645429363
4809,18.25649178590355,81.43164335022398,64.69085421903394,0.0
4810,68.21705426356588,91.40693590869184,85.30176863257863,88.57758620689656
4811,16.022253129346314,83.32436666126506,5.381194539349083,70.37115588547191
4812,7.873054623130912,12.867733125243863,31.75279272760165,1.2022630834512023
4813,1.1729222520107239,207.90640994394346,1.8679022871334878,50.63604240282685
4814,13.706293706293707,83.68807122064726,44.49876436899981,0.0
4815,71.59141707644167,899.7737556561093,70.76232774608951,98.38611449451888
4816,64.28772127001967,88.27183047131896,85.72712374103008,91.65354330708662
4817,4.540833615723484,77.34859727227757,26.228202110938415,0.0
4818,68.74077717658632,17.488076311605717,41.889131298354904,98.7708719851577
4819,7.421036491873659,19.696969696969703,20.44214977958707,65.79333986287953
4820,3.45378957467221,28.464462809917357,3.994019563661419,70.19415404309794
4821,14.708321813657726,85.55560589585598,9.80963692891251,92.89617486338798
4822,5.419799498746867,82.86089737500394,24.210691003911357,55.210003206155825
4823,7.827905587092919,33.67331669725418,18.393543505033236,0.0
4824,2.7919645897173986,10.945454545454538,26.899303283863045,5.544286680189317
4825,9.023886759068121,26.89731757954492,19.349178153128214,7.142857142857142
4826,7.855436081242533,4.424757514645164,23.622926407426224,0.0
4827,19.661458333333336,61.93391563956187,24.964608367823413,0.0
4828,7.293946024799417,0.0,29.90305478414544,47.0
4829,18.117710876050992,76.46672608437314,12.473564556071274,95.13443856227362
4830,14.378899602949518,76.64953172311809,21.200358850778905,74.9327112865602
4831,25.266472868217054,81.52996126461233,71.81838587421517,0.0
4832,17.513661202185794,71.16065174356633,3.5076958943897014,67.08294062205466
4833,1.8849528761780956,22.75586049170953,24.7247861719898,84.83664387278846
4834,4.222291213908724,144.58900059136604,16.45203529022909,0.0
4835,0.066203243958954,877.4655647382929,13.169839954239293,24.11732753938077
4836,15.409925966547847,41.21856607811666,143.87251825298924,75.47169811320755
4837,180.8372093023256,0.0,1481.6306156405988,2535.8490566037735
4838,5.715178013741411,80.72150499959572,19.794156425925667,71.81194511702986
4839,16.992026395380808,27.133645214312796,248.61274108708358,16.319733555370526
4840,7.250384024577573,61.650087770626094,22.939518648303576,70.78628189042242
4841,165.05706760316065,42.92929292929293,409.68364611260046,16.79571173317451
4842,165.99118942731278,9.81191222570533,1244.6946341463413,1583.132530120482
4843,1.9805194805194806,92.1133412042503,20.899535166195616,41.93682460515378
4844,0.6581112207963146,59.29053660807821,23.506504279234065,90.43609228452112
4845,13.8268156424581,83.61209652400285,0.2785686513645064,98.15078236130867
4846,66.84221840068788,69.85607130431222,206.27562157258734,99.9236596394386
4847,27.56717850287908,83.3729821580289,123.61985466190413,55.39488320355951
4848,60.38577614486288,40.03993914035755,332.1578256302522,1.0122921185827911
4849,55.52832636586421,62.40636704119851,536.5559215982545,96.85230024213075
4850,21.339239187076604,82.57719623052607,160.5457700889782,90.93504639543183
4851,4.281725100837728,33.239838137590404,21.289642404463876,0.0
4852,22.807466121196626,74.3224814696437,60.64697315469739,93.52311187352218
4853,3.8535031847133756,34.59175084175084,27.909358840104076,15.384615384615385
4854,20.937980522808814,81.56960086613238,52.13770702511725,0.0
4855,5.368098159509203,7.710902772807858,26.566986534556126,7.142857142857142
4856,14.61389427068918,83.3878316898156,170.19756812065972,0.0
4857,7.134256472004815,70.85955013219024,16.77419829918546,45.83333333333333
4858,3.7672384796501848,76.33191687562608,24.470143728359446,0.0
4859,15.479452054794521,112.2005027961623,36.0881796140428,0.0
4860,59.095730575444186,70.68740828350528,93.27239659760673,99.77566867989647
4861,11.503155479059094,80.02880988311836,181.0693907415247,0.0
4862,3.175112251443233,69.06328671328671,22.525300762237123,82.30525649145028
4863,6.430087958750379,89.88274816131505,21.406814969271316,0.0
4864,20.18111254851229,76.6942781377293,1.0333532512765868,0.0
4865,18.712977921378567,78.60937238360272,45.864538948413525,81.20037679989234
4866,10.032079323417905,77.76589777150726,6.222479400851151,0.0
4867,7.8829501343684685,19.1018129179017,15.369009237200407,0.0
4868,20.636172450052577,79.07965283331852,46.46080699049084,79.0805630428272
4869,9.448110377924415,9.540816326530619,32.42650109207798,68.42937853107345
4870,1.1136586963642319,51.027818448023446,28.747731228348066,79.36179642487812
4871,57.582840643475876,85.13701385625383,90.8336458012571,99.22295277943813
4872,48.40274293360093,0.8505933847750606,103.88894258758835,99.70073664825047
4873,8.102472445635984,67.63563402889245,25.900115816637566,0.0
4874,10.032079323417905,63.00468917874101,24.28239506061795,0.0
4875,2.0509427720807145,73.78427769577573,9.384697231336794,0.0
4876,21.929144039306955,74.72745382107931,33.03545641678633,71.94779116465864
4877,42.62598243180767,83.326050769871,52.477033925517894,0.0
4878,21.462018730489074,64.16490486257928,5.878332617446986,70.1240376390077
4879,57.32152162584679,32.253674469243336,506.9109745813757,57.31981981981982
4880,0.5662891405729514,33.065751858204685,28.420428374696012,26.97334030318871
4881,11.205882352941178,83.18005585228968,20.21146964405187,65.37794299876084
4882,10.941108545034641,14.522387556095456,20.49127131547334,0.0
4883,9.477699530516432,53.33136211314802,25.39636624689893,0.0
4884,0.685378590078329,5.624272180782454,27.940315160824763,0.0
4885,3.8535031847133756,78.0577464139108,46.69568035830044,39.991408934707906
4886,20.47086991221069,90.92798110979929,160.56454574916282,27.813357731015554
4887,0.4838709677419355,84.31762405794713,23.741586517376163,7.142857142857142
4888,9.33933933933934,74.19358000490077,30.681331447620973,12.47987117552335
4889,16.394350595402933,70.1178844519966,14.821910680734218,67.1680376028202
4890,9.557314570507183,69.64303470219744,35.992162962090944,0.0
4891,99.80569948186529,161.9740030843798,1433.345582272868,98.83198562443846
4892,10.202260559190957,37.13704206241519,20.406833570275378,60.503251342945994
4893,58.075267323982786,9.06110283159464,671.0577547047371,520.8888888888889
4894,7.050316360349503,79.41904125823147,96.6165468496334,0.0
4895,10.293690026170399,46.97265345798669,19.460975014215467,0.0
4896,51.5625,95.67142337841491,94.16162257574379,98.04572271386431
4897,6.154802611128381,269.8181818181818,19.820775797857102,136.77966101694915
4898,11.528534556925724,73.22571023261058,58.78117177955239,0.0
4899,58.58585858585859,86.98621708097465,96.48949793979736,95.45844044558697
4900,2.8620102214650767,8.285090909090883,27.318358617479866,64.40764331210191
4901,5.7593417895097705,81.82253045900522,27.793674667636186,7.142857142857142
4902,18.86589626444504,80.59799472051128,51.05285317893766,81.2104909213181
4903,38.56328856328856,75.051417682426,120.65792802435327,16.646778042959426
4904,21.339239187076604,49.327354260089685,9.72118371766878,161.1214953271028
4905,1.1475409836065573,0.0,19.424110579840235,0.0
4906,17.886611658237957,69.37949185140195,14.944633905475413,0.0
4907,32.50614799910574,73.35132029278772,28.04746967393466,42.886345053148
4908,21.686121919584956,69.4474921630094,22.19591227521124,252.77777777777777
4909,13.31834785051981,84.4678020113823,10.924435978478146,0.0
4910,10.55378370542186,38.719473369708965,12.508096791419801,0.0
4911,10.548148148148147,77.319234346698,36.36499529577408,37.326155226558996
4912,82.26346636896456,54.49684005833738,76.40868924889544,91.7829457364341
4913,81.74899483055715,53.475935828877006,56.37102326461132,81.97278911564626
4914,10.605621558968414,77.93147349340822,55.437996278722444,0.0
4915,75.98402738163149,11.711322385479663,473.07053155650357,82.1917808219178
4916,66.9876939539861,76.85763682886237,399.4797233600908,99.78246318607763
4917,6.231003039513678,50.37547286996782,19.70171936708212,0.0
4918,11.756292906178489,5.939861649806079,28.223072076351514,98.62288135593221
4919,8.874132206459402,68.15062954834238,24.99331718373524,47.54036800600826
4920,11.146313364055299,76.76817504603426,17.790770385552896,0.0
4921,2.832314129385259,29.027252834692668,26.523058262284522,78.69452493518378
4922,16.068946344175703,34.9738430583501,12.567389905789572,86.34275100205299
4923,7.162202828769185,82.3407928746622,1.3223143246659073,0.0
4924,17.8279804028307,78.03251705881972,62.68238281392712,81.43521594684385
4925,11.41431924882629,3.0713552638686203,22.97536089951361,67.19887297487674
4926,13.07227181111431,14.64863511144503,24.279939243256084,67.74416993765874
4927,2.4968394437420987,29.218204135586834,19.087087755717207,0.0
4928,38.02094025867378,67.00729927007299,219.44162961431078,115.91962905718702
4929,7.392638036809816,12.434613514827394,24.840250951810727,64.9962415434728
4930,10.891381345926801,4.802475011899085,15.667259799874023,64.03192584963955
4931,17.35559813851629,9.644183773216023,24.685025208482802,65.87689301416707
4932,12.4822695035461,81.13673294906776,48.32349695169617,0.0
4933,9.772863120143455,41.69278996865205,21.879346277831925,71.86304128902317
4934,8.646727864968907,91.14590327827268,7.357572397130468,0.0
4935,11.699327288680902,92.4191002367798,0.26401928230712035,66.6268514094601
4936,56.22099767981439,393.09090909090907,926.4262910798121,751.829268292683
4937,15.481522956326987,83.45509334545687,51.310369709766015,78.3108213010402
4938,36.159864664834004,85.95723242274967,68.10266623119018,38.02129547471162
4939,13.415660959865283,49.43343114101006,35.30118225732134,0.0
4940,1.6498316498316499,310.39864483342745,7.802753167638918,85.25904822201117
4941,11.831951986281796,78.95981738513133,20.091424471634895,0.0
4942,28.57142857142857,70.82516823011483,184.3116832338548,0.0
4943,5.21193092621664,6.13528651443348,28.801716809966422,11.849479583666934
4944,18.86589626444504,47.70247933884298,191.4503747444923,2394.6428571428573
4945,70.2535917462154,82.06153107979767,377.66002249035216,99.25883694412771
4946,9.184574624668826,79.86690948241304,21.904031268230117,0.0
4947,10.388839418224993,88.37240515390121,21.106026718395256,80.0
4948,10.891381345926801,26.089873230404965,18.3145083195086,71.90830484616932
4949,70.84781769022788,76.48749071092395,387.7812192723697,44.320446392985254
4950,15.20065970313359,76.68591124095207,18.28869677113569,0.0
4951,12.543453070683661,0.0,20.603198139431534,68.06857142857143
4952,11.095100864553315,41.43904977347364,19.2913289440003,0.0
4953,57.811626607043046,29.4708276797829,593.7216564833673,520.8888888888889
4954,25.9504537650233,84.68237619045519,122.30731258417786,91.6050718105883
4955,13.488502523836232,83.37661048689138,59.408356005099584,0.0
4956,32.656625191006334,73.92111017297744,32.1309267334114,98.96249002394254
4957,16.96919691969197,37.9120879120879,10.870774647887318,552.803738317757
4958,21.1337513061651,82.38213463344354,49.366419523689586,82.49592782859291
4959,14.7656691134952,15.401069518716564,21.0029317588623,63.95768833849329
4960,83.62324442726454,58.40336134453782,62.370105143506684,79.2156862745098
4961,24.713216957605987,86.44677661169415,97.70249582346183,89.79323445605318
4962,11.043829296424452,82.38147853915517,17.38442321483858,0.0
4963,10.992498557414887,76.34222896764211,16.08293783493954,7.142857142857142
4964,4.162783473128301,37.89013732833955,25.185149479481133,7.142857142857142
4965,13.252569750367108,5.3349979192675985,463.8380142237349,92.89617486338798
4966,0.8357441337190614,7.005223733491044,187.23571929256937,0.0
4967,18.06108897742364,86.83633054841029,53.454914980545794,0.0
4968,19.409613375130615,87.67395025288116,46.18753455530912,13.333333333333334
4969,11.528534556925724,85.88807416054608,129.83029369076252,0.0
4970,3.2308657465495614,57.684223834131366,5.356409944623438,0.0
4971,9.291384886798,79.79247878926851,16.12657568521662,0.0
4972,58.68488013927949,21.534356564098815,317.71439657073364,99.5330459770115
4973,0.1948684637869438,41.31539505157849,20.244397591170102,0.0
4974,7.619339045287638,76.79730765953822,8.079496347878335,72.16577007371986
4975,15.172801348693454,24.544601739723678,22.60477723474171,70.19415404309794
4976,12.183319100483917,384.08239700374526,8.777725665098448,0.0
4977,21.35972909611878,328.03030303030306,35.36113009797219,1125.438596491228
4978,83.04655195411497,86.7757261105941,69.96965949222442,96.81681681681683
4979,8.375408375408377,20.19857253904316,23.580706626848468,0.0
4980,8.889545186060248,77.38377186796168,0.19499283119390678,7.142857142857142
4981,73.6361750674134,1052.1728691476592,496.13863190135856,99.82629785002622
4982,22.48743718592965,57.11566670172002,79.61629894853999,0.0
4983,19.14836636314944,76.74395967321398,11.63847329015317,78.63914373088686
4984,0.03242542153047989,32.483244628425,10.580076640570617,0.0
4985,164.57975986277873,288.8274737223631,2207.463909845128,98.91122278056952
4986,54.09895269050199,75.06393861892585,85.73206009228235,92.38505747126436
4987,26.491356221085947,79.28734692976161,69.0353873907886,84.63315366846331
4988,21.482444733420024,89.68585989199057,161.1243653025096,80.60261038600389
4989,37.613751263902934,83.83614715684568,70.0258745657886,99.32781799379524
4990,23.70482688905737,78.07455559624758,78.06684213248124,89.88267670915413
4991,14.7656691134952,72.67733711792688,2.719284269869448,69.59738846572361
4992,7.107692307692308,71.8380062305296,12.563103779537052,88.46503178928246
4993,4.073383084577115,43.55546945628307,23.517885523207223,0.0
4994,3.9838157485216312,186.63776578489478,3.0980908772313085,0.0
4995,2.3609314359637774,88.54280546758913,22.80978352544279,86.99860400186134
4996,24.392687202604556,44.7936975742462,57.590846057901615,22.085889570552148
4997,11.477761836441895,85.03762668042829,61.072995888015726,0.0
4998,52.4682124158564,90.47058823529412,91.60125835627213,92.4929178470255
4999,23.35618177202336,83.50454817800535,185.64202242430986,91.734216910242
5000,21.80782180782181,84.10328421754575,146.49127769919846,93.20062299230993
5001,16.092273485269594,86.06073000571696,52.031910549954496,79.41956393635829
5002,17.513661202185794,57.02745274527452,33.16763412187363,59.111617312072894
5003,1.2107329842931938,81.25350272961718,22.484135089449225,68.37219832465475
5004,2.582398912674142,416.33971291866027,34.8964713254206,2.5697503671071953
5005,14.755457308648797,79.39314285206265,42.04218894099456,7.142857142857142
5006,71.57953281423805,83.79640512121355,40.74769280869342,87.5
5007,11.80251241600935,21.83932346723045,22.62369592663964,445.703125
5008,569.4013303769401,0.0,1628.290909090909,4265.625
5009,8.207646439845668,18.94596040663454,15.078033264117325,7.142857142857142
5010,6.458459672528806,88.58150759612019,18.661106527010908,0.0
5011,5.152371976123154,677.7922077922079,15.98169844020797,393.63957597173146
5012,23.789525691699602,52.97718130115135,33.98779101345381,0.0
5013,33.34053586862575,74.79852445749347,8.859028841708284,99.06001446131599
5014,5.19360786724032,31.658955717118314,25.743012855099778,45.83333333333333
5015,30.27975863960505,63.77708978328174,65.05276936922196,43.61702127659575
5016,15.764508928571427,85.81494229601134,13.993248455092843,62.98357180710122
5017,9.880597014925373,36.33252678880055,22.702923745687336,58.2486551105798
5018,34.375664752180384,80.22684030545342,29.989711786356132,99.30629669156885
5019,24.619225967540576,40.55106766692633,88.94198652921494,97.74590163934425
5020,10.709117221418236,28.764888959223516,7.477231616612599,0.0
5021,1.2139107611548556,76.56252647990917,18.949579696405756,0.0
5022,16.20871495975576,50.45626544078555,22.90673154906732,82.2895537525355
5023,10.812407680945348,19.02673796791444,15.162992663326602,62.17167614405632
5024,0.4287598944591029,19.4295900178253,12.206598145619209,16.096096096096097
5025,21.113143454402927,8.686868686868682,101.75189772273272,801.2903225806452
5026,19.870129870129873,1642.6966292134828,520.6702831144246,97.56554307116106
5027,10.915391279237657,89.08521776029822,163.82510296391746,7.142857142857142
5028,18.29978813559322,79.20877873484726,64.10431358261735,0.0
5029,18.986344537815125,86.24022566126159,200.12501921798042,0.0
5030,28.155565905915232,87.39706322386536,195.08607776108863,0.0
5031,34.72432432432432,68.11730054465977,115.66976080911763,89.68699247010188
5032,83.64221364221365,30.88466882816119,79.90010711364656,98.93574297188755
5033,102.48155600268277,208.18181818181824,97.00725388601035,1583.132530120482
5034,7.619339045287638,87.22876552291116,12.416242807093962,95.13443856227362
5035,9.023886759068121,398.1302783285597,18.056833127119578,7.142857142857142
5036,3.050738599871548,37.05619834710743,15.304382004567907,61.809732094040456
5037,11.776738749269434,75.64473009848601,9.18732210435887,69.61061561888188
5038,8.013406459475929,384.8006379585327,14.015814615306441,20.308043354249858
5039,8.62590799031477,143.89913332104004,76.63236067527308,88.05676669231427
5040,6.305995864920744,23.834742122805228,18.007628842253006,0.0
5041,68.14536340852129,79.23372738926079,95.73797606643302,97.66416923754959
5042,11.579249068501003,58.93735377694773,19.64895703199387,0.0
5043,31.657066902968545,63.958828836217506,15.878015864094339,97.80775716694772
5044,83.80685437635368,69.87829614604462,87.2288413213742,93.82284382284382
5045,9.636789689513767,87.96954989694834,19.10498645940803,94.27312775330397
5046,11.705781339439039,53.36083218236342,39.2948735715764,0.0
5047,12.263876780005813,88.80697837860184,22.563258355211815,58.5459940652819
5048,21.502860114404577,71.11191666019351,64.53026870143248,81.92521671626342
5049,5.390159824506425,1725.3846153846162,2235.102338553959,22.4364592462752
5050,14.61389427068918,86.62489334203103,2.4139266752523243,0.0
5051,19.38855500391952,70.63470753469927,3.1394128601990907,0.0
5052,58.00528585338712,41.78787878787878,410.87656033287107,523.6607142857143
5053,1.5971316818774446,72.24998223043572,22.207222252576923,65.81844873990703
5054,5.686879068174032,433.0882692930133,26.219871896561347,0.0
5055,81.59304851556843,39.49579831932773,76.93621492258526,79.92424242424242
5056,57.79753761969905,23.095238095238066,290.1374778470391,99.2713004484305
5057,71.66740971912617,82.26102941176471,95.82216168607582,94.63019250253294
5058,70.90201465201466,39.01912733235428,41.96134835764214,99.92951752752805
5059,24.95650012428536,49.52500786410821,16.35209773015503,248.3790523690773
5060,2.6622296173044924,0.0,545.7595106000861,94.4206008583691
5061,0.09927200529450694,86.99277718222238,21.840365466075024,79.3037037037037
5062,25.25377568705125,47.028293989619954,42.16226759919867,146.81978798586573
5063,64.00850611376927,51.59176029962548,103.54072060981225,0.0
5064,9.257589419897807,58.922968284670404,25.508666797941476,64.88185017596783
5065,786.4942528735633,0.0,1369.1206467777538,45.83333333333333
5066,46.839232259200564,79.32655372796218,49.5886235632916,62.28401727861771
5067,60.74064647493,43.62584743753853,754.8219411784279,94.17040358744396
5068,82.98299638505824,73.97717295873574,81.28458930787922,99.21527983417235
5069,14.234083958854601,76.07644308459871,62.90301670882089,0.0
5070,2.3609314359637774,8.040752351097192,28.95071277887874,9.812782440284055
5071,8.376327769347498,81.01693743518838,26.28031874672819,67.18346253229974
5072,13.657990484186957,63.40015593534902,9.762631194583733,0.0
5073,8.239143367043427,73.77438649449384,47.14749656591069,0.0
5074,30.58174292940906,89.56145204359018,29.369460607013682,39.83983983983984
5075,11.146313364055299,76.4476159675058,0.9805358729258081,0.0
5076,7.193359975407317,13.554568824491668,32.0184474714933,11.581469648562301
5077,12.033076703735386,19.713163423769082,11.197257629699623,0.0
5078,0.357839947950553,59.39954089646007,26.756522573511994,0.0
5079,8.550316678395497,37.666102303627326,8.268191715493137,7.142857142857142
5080,33.8209219858156,87.4159090909091,190.18134580410492,458.8
5081,15.36305018222596,40.523156089193826,522.4474768751717,112.6331811263318
5082,0.7004669779853235,2.7272727272727337,30.693985951500412,4.72263868065967
5083,11.205882352941178,117.43171626579701,24.15192189429709,72.16577007371986
5084,6.329506670803599,78.09042507758448,6.961791831357051,66.5949306551889
5085,16.68917094247907,55.3710211812559,19.054391155480992,0.0
5086,21.819564115560063,84.35477505255513,65.3563669077631,0.0
5087,9.131075110456553,34.89484951517443,20.961599993947463,7.142857142857142
5088,86.32637347705965,75.62847866419294,336.9484234981747,1.1585807385952207
5089,9.312105737458696,36.14951914353114,15.03483288371127,73.39047619047619
5090,1.0488364470665357,31.27569400296673,20.88584700390148,59.60092539039907
5091,7.162202828769185,38.71836029139401,18.358202323342425,7.142857142857142
5092,3.8641321283889063,84.52496836979296,61.90208509799323,98.04216867469879
5093,20.714469288100744,85.82441180996896,59.891820515655525,0.0
5094,20.34300791556728,1.5235109717868234,21.752657136670134,62.365301724137936
5095,58.58585858585859,86.98621708097465,96.48949793979736,95.45844044558697
5096,3.2808838299296954,59.357168264330404,2.859622354073043,0.0
5097,17.579481699171787,81.8522041018281,82.61512032236925,0.0
5098,11.932629174992863,61.03149124818464,52.34305087749775,0.0
5099,84.38191201769476,87.22775763022838,67.06648920772842,99.614461337019
5100,1.0812581913499346,30.35468319559229,27.4418272007922,18.064516129032256
5101,4.043545878693624,15.23226748502699,22.968430534303934,0.0
5102,4.13300186451212,77.56925130715318,8.523047372244596,7.142857142857142
5103,14.669304691916338,69.72248803827752,8.017598410211033,65.87689301416707
5104,11.120714491501008,91.50878684533413,4.083826485327579,0.0
5105,8.348187759952467,76.57483250238477,2.1044753064586903,0.0
5106,5.62863260936066,27.706956014744115,25.113092827640454,0.0
5107,1.6498316498316499,76.24334390950476,21.33754598949748,70.5460678895214
5108,19.911734164070612,77.09962765141185,153.4019017180163,0.0
5109,11.905456667639335,75.62109254893922,2.592096583786689,67.77393310265283
5110,79.35347628330085,78.7758346581876,90.0408755784695,97.68558951965065
5111,18.603397142086816,35.46620046620044,5.997647109614477,79.50711456652486
5112,11.146313364055299,18.420156622403795,12.880385651584225,95.7095709570957
5113,6.561436087898484,28.457792207792217,12.960190136660717,409.8540145985401
5114,10.579710144927535,81.68755663888058,18.59272128183626,0.0
5115,40.03887269193392,60.05473926822242,276.42070620704686,99.53966005665723
5116,26.955424726661057,51.082251082251084,47.044345135785484,2350.877192982456
5117,60.77558804831532,43.62584743753853,347.8136974594456,99.1890205864005
5118,30.16423779782558,50.35229803603969,30.87280648347337,30.68288119738073
5119,12.238372093023257,240.71212121212127,38.147327047642214,35.23412146499768
5120,9.745889387144993,77.12339311831268,81.03833779966155,77.7689369828135
5121,13.022183808700664,90.99038536699757,7.831227695732529,66.94273544723143
5122,1.6889738687061822,11.934666906641313,19.99556690418499,7.142857142857142
5123,18.708827404479578,50.167988543732115,21.78553910180562,97.8441127694859
5124,9.953298307063632,35.63241730968821,14.227250722471005,98.62288135593221
5125,11.291486291486292,83.32961281841406,2.8066505821946293,97.61029411764706
5126,35.876117231344836,63.940801039516934,205.36417849400786,98.0030721966206
5127,1.8530559167750327,36.36152710398651,22.703106562238244,54.211733857751554
5128,4.612954186413902,37.26489028213166,25.486121503652242,10.448717948717949
5129,81.91004839168802,56.01809954751131,60.34239453357101,81.97278911564626
5130,60.5720255974925,76.34481947547924,342.70590103201897,28.047662694775433
5131,7.329528386902974,64.09816969859101,15.90198484728133,0.0
5132,11.931155192532088,20.633448184468584,22.808488007232903,65.43790202869867
5133,7.7452153110047846,69.68811407265582,7.6191028153546805,7.142857142857142
5134,0.8499509643674402,67.56698357821952,12.329568834167592,0.0
5135,6.067205973864343,13.919349133356906,26.627514087618724,6.3044936284372906
5136,63.49455864570738,64.52426810477658,252.23642435610043,13.337468982630273
5137,13.296955772544514,82.09658036768425,65.06596203504034,81.48442677269715
5138,22.82719836400818,82.68433732220737,61.951756812489315,80.24324706547871
5139,16.95827725437416,53.18901840353495,98.59193532986336,0.0
5140,37.28707935189032,82.78914802475012,52.610251269941045,38.45391476709614
5141,24.65685051160469,38.61145703611458,431.5721250358474,57.31981981981982
5142,2.8346456692913384,0.8783663278045452,26.405891879416714,0.0
5143,10.812373518357907,72.79917959693243,9.141689349753147,96.3172804532578
5144,12.457434733257662,78.13619779150154,62.57349026771666,0.0
5145,18.272874932322686,81.93161073389663,44.48664724347493,90.41640941208755
5146,0.2908855850032321,83.11615054352791,18.61349320772049,0.0
5147,18.844086021505376,88.24586288416076,9.165487007937333,70.52742616033754
5148,28.18901303538175,76.24637984245581,38.81258812843021,98.33971902937421
5149,62.38532110091744,91.25616698292221,90.62193717428234,98.71980676328502
5150,2.355673523556735,460.29962546816483,9.928942327444078,0.0
5151,27.00699876492384,48.964956594953996,29.00985882953388,95.56313993174061
5152,48.270248270248274,0.0,64.07788511298948,71.19565217391305
5153,6.825732407127756,84.33390300958753,27.28434746465104,0.0
5154,11.120714491501008,86.16216236451064,17.27477666502809,0.0
5155,10.601125259105714,18.12790175228396,1590.1225660996101,16.99346405228758
5156,77.92252909501477,94.3190975020145,91.54409099907113,98.4947458108492
5157,16.711663066954642,76.22154387064684,1.6519924792293001,0.0
5158,8.153331305141466,59.22727272727274,25.613728595238207,18.20843091334895
5159,4.258195336262251,37.35404274069182,34.63190230196496,94.17040358744396
5160,61.000306842589744,69.49152542372882,94.37516558243745,88.08988764044943
5161,10.55378370542186,15.570814259952847,19.468119220974497,0.0
5162,2.865239294710327,33.62392793032377,17.306796194803876,0.0
5163,6.287970838396112,81.390701556774,16.745476558355847,0.0
5164,13.69353916523728,76.98508318990247,8.595035772654775,71.32594417077176
5165,60.8701166920345,70.31903551217911,459.85075513735796,96.92671394799054
5166,1.4062000639181849,169.91260923845192,12.09992575852861,0.0
5167,13.54524627720504,19.106366534634336,26.311013949702193,67.72926772926773
5168,17.783224400871458,85.56847726371369,146.98931297709922,92.25652680006652
5169,11.018171329679838,29.186248081617745,11.926710921982583,0.0
5170,84.06469408224673,88.89205180862528,83.38018946691943,98.29691516709511
5171,7.717618905174993,473.29050867162607,4.0148955526093,7.142857142857142
5172,52.50157331655129,85.95872313075769,206.1125423728813,62.82051282051282
5173,5.047706986765158,48.782209363046036,18.319308587732095,0.0
5174,3.170119271814187,14.688029003355155,19.435716946994095,0.0
5175,4.311414392059553,33.248138523913525,18.452552155526917,0.0
5176,26.38380882711534,70.26315789473684,47.738695419884394,391.90140845070425
5177,14.74159841852584,74.2500086186093,9.769874079216875,64.23451100870456
5178,2.826975476839237,58.909090909090914,19.23513102584743,310.88235294117646
5179,5.19360786724032,19.05874008528602,19.041842884400317,7.142857142857142
5180,20.135296458416235,86.14759072702998,31.373464373464365,138.39590443686006
5181,64.34403919433859,67.81390932826965,10.197526846729565,303.757225433526
5182,65.42465753424658,86.40218106609007,12.098673781077201,197.23404255319147
5183,12.033799533799534,73.33007720182763,25.6418459991832,67.72926772926773
5184,16.671266905879108,74.85901749038122,166.89459444225236,95.44654498044328
5185,3.2136752136752134,0.0,12.91615882305566,5.544286680189317
5186,6.183965195773773,75.66153846153846,26.721729217201773,30.01002004008016
5187,26.27594627594628,64.54441558441559,35.1906620445565,40.14567266495287
5188,11.655211912943871,83.84632925729353,151.89269730448,7.142857142857142
5189,8.570563294972743,27.227082540890073,31.206249752151326,41.96094723722476
5190,15.61816192560175,61.793496765406886,16.272955637788254,8.333333333333332
5191,19.493333333333332,91.61168681668106,3.692857842657015,95.9943800894598
5192,32.16798592788039,44.31319442582215,46.77404028925197,0.0
5193,27.740545715653425,90.8744054866032,115.94868393700315,41.4501257334451
5194,15.053460889138998,67.44558258642766,11.201381538632962,552.803738317757
5195,6.734630831016373,38.23007977937555,22.07785400447083,63.99484536082474
5196,21.339239187076604,82.57719623052607,160.5457700889782,90.93504639543183
5197,60.4635935044526,197.55485893416932,252.5626955045134,235.8173076923077
5198,9.988073941562314,32.29733887094292,22.80205948939213,64.44387884958005
5199,19.47185916244332,72.12133468149646,11.644490881353386,62.934465375431145
5200,25.493583415597236,83.78319655683029,170.89791908055338,86.99012851555224
5201,18.471509586821497,77.70951924702699,26.361633322223522,47.20758693361433
5202,4.489164086687306,14.181194826264104,23.519560984850425,7.142857142857142
5203,13.197239792984474,56.249032058231386,31.444837713683267,4.836512261580381
5204,81.83766790511575,0.0,69.79920814479638,95.36713286713287
5205,0.9630818619582664,13.789244925324805,20.10907628157615,0.0
5206,9.066265060240964,87.15166698785893,14.93292845110382,79.65928945835759
5207,3.454057679409792,76.08497191011232,22.81203020619766,0.0
5208,30.798564378645132,68.63266711003769,278.3896308079551,98.92827699917561
5209,14.51925741202549,0.0,5.29380517759188,7.142857142857142
5210,14.885819001973498,71.35773523331247,46.701287449063834,89.45739944155157
5211,12.365747460087082,47.39831596974457,21.268998250948925,71.95905258932156
5212,1.9290123456790123,72.26890756302521,79.2623998705397,65.5844155844156
5213,0.9514435695538057,27.942916497312915,22.827962073284088,67.1061926065458
5214,10.992498557414887,84.7854560253933,158.30194277613506,0.0
5215,42.28636971898298,40.2948625553382,79.0202775502535,84.2980780038215
5216,2.742749054224464,55.218678265071865,19.864751901354254,0.0
5217,56.217705821563904,93.8180343311702,95.2356871545599,98.04572271386431
5218,34.9539406345957,80.3921568627451,89.02748522989981,60.74074074074074
5219,11.49223101729698,35.52224371373307,17.831060740216063,427.1698113207547
5220,24.238683127572017,80.73110945326654,53.92227456258411,315.7738095238095
5221,12.208309618668183,32.818944673588405,16.130741389618763,0.0
5222,9.745889387144993,85.24134014764338,2.7710092219768825,79.52213427147464
5223,7.449417535254445,28.260641093011024,23.52742637019942,93.29139454475605
5224,12.50709018718094,83.07193096053423,167.20637645359977,0.0
5225,115.43296089385476,79.08619811827394,223.57817663258484,95.40636042402826
5226,8.041425525434054,23.774849229394672,20.86931427176061,8.871493803000652
5227,14.053645636569701,87.83706921378516,17.66626407147614,69.45112617537721
5228,66.16080937167199,94.16492199635307,95.4778895111873,95.78696343402225
5229,11.299597469810235,87.04935982125902,3.1957766998547537,96.69211195928753
5230,18.601583113456467,78.21515275997581,60.448456559505495,0.0
5231,66.03420630678781,76.07723940640086,96.97647459656626,97.61261261261261
5232,20.530654301906235,73.12316762496943,18.035964014197376,0.0
5233,14.086511098463289,51.738865161683954,1.4307702257000425,549.7674418604652
5234,4.470030477480528,89.26632013424481,4.966745148338822,0.0
5235,64.97267759562841,84.97488427065892,206.43755189762123,91.10807113543092
5236,23.530901722391086,38.36363636363635,33.43533953325144,1813.6986301369864
5237,34.49772184855717,65.2711175997155,118.69979742204112,89.68699247010188
5238,14.186369958275383,50.29742233972242,22.125965506165038,0.0
5239,27.130098962104753,82.57925176215434,79.05050225269684,72.18239745121465
5240,5.904565739787161,81.65476392406421,25.640332563160335,98.70388833499501
5241,19.792773645058446,74.06221685291452,94.07609965309636,91.43942643544335
5242,3.0179188934297394,64.41713691961766,30.236308759934772,0.0
5243,17.995746943115364,0.6515703390163827,15.726496818632963,0.0
5244,10.605621558968414,24.41998121021389,18.8091331476681,7.142857142857142
5245,11.781527023162711,17.198896116696197,15.429828259430906,0.0
5246,8.456973293768547,77.1525692397095,16.05337123505563,0.0
5247,3.9070394072078143,46.64849085701693,16.34432649323674,0.0
5248,12.033076703735386,69.29806052293787,122.32587209799406,7.142857142857142
5249,13.61945636623748,82.35423040043834,45.94240238385085,21.057192374350088
5250,30.8760923145866,59.58325338109148,38.87135128261104,0.0
5251,185.08026440037773,0.0,531.6013289036545,2586.538461538462
5252,23.33671914677501,59.91130820399113,0.11916942521818087,1136.283185840708
5253,11.828271028037383,69.03044784765216,25.290693262507464,73.6116358141292
5254,9.131075110456553,64.75477347223845,34.431765629060585,98.43937575030012
5255,32.2790489008524,53.195532058671546,39.99450624290578,46.04094244882194
5256,4.401519949335022,24.28217696700188,25.80151864054511,62.69692923898531
5257,20.366546205472382,80.37439346137525,2.109386278821253,0.0
5258,12.655719139297847,85.56491885143568,13.95756171001181,0.0
5259,15.361100496752005,81.68909640208733,103.8753762793498,44.09763905562225
5260,9.97957397140356,63.03752630253398,19.802782566048492,0.0
5261,3.6386849664857968,30.29735823371762,16.255629019640345,62.222823147647375
5262,121.46446518305815,77.05770630314002,80.14078978436113,93.92523364485982
5263,82.19389184645559,72.26890756302521,60.78521443913254,83.64197530864197
5264,14.232954545454547,92.41242958928638,32.512466707313166,48.77529286474974
5265,1.5472586612848975,74.8869444014248,27.421060809833307,14.817073170731707
5266,6.820987654320988,40.73845560589993,27.424163123506347,58.71749408983451
5267,34.053014108593416,44.40451073712446,54.07668940881511,0.0
5268,6.287970838396112,38.17937184294203,24.063193255483732,0.0
5269,27.870002338087446,24.403570878867196,29.370856664662426,95.40636042402826
5270,10.415430267062314,65.91099277291748,23.07930302457068,27.616580310880828
5271,62.01560140915954,65.87606165460835,225.59293311700023,47.20758693361433
5272,0.22639068564036222,13.818397734539122,18.67571060403022,0.0
5273,7.440744074407441,12.57374769832026,19.335345960118392,0.0
5274,22.23342576254096,80.22440010381912,65.4777930248621,0.0
5275,14.637520752628665,84.28724178480063,171.61412067201232,7.142857142857142
5276,18.580100290314068,50.40111490994656,1.2516793024253534,0.0
5277,14.74159841852584,19.956160590678333,19.418891073883252,83.01726233892536
5278,6.2131096613855235,76.98185376267568,25.58133188404121,58.887580929958794
5279,21.564042608469734,80.18752438548576,66.51142072149695,87.16936076414402
5280,7.591062136516682,26.093434343434346,23.0168599559848,81.29101379402705
5281,5.686334454295323,11.792566143632422,20.52536462644631,0.0
5282,4.78395061728395,90.44002447568906,26.564385809639408,0.0
5283,78.01500288517022,77.89229997935652,75.9460695548061,0.0
5284,5.419799498746867,6.851360318513586,25.195214869276505,20.26255707762557
5285,19.09257802255442,89.75343902059112,29.167592605364117,99.27536231884058
5286,584.5804988662132,54.34343434343434,1892.1916167664676,4406.451612903225
5287,163.67521367521368,1061.797752808989,1214.7699965466734,84.33734939759037
5288,14.400665926748058,88.22779873452619,0.21071658708051397,7.142857142857142
5289,22.807466121196626,60.76747373229785,28.34037631410455,199.7854077253219
5290,1.5470704410796576,0.3133285128946785,6.762117876820362,0.0
5291,4.006359300476948,1.7615639354769885,23.039951942145734,66.80921834164884
5292,16.579165515335728,37.03991731062657,0.5280817571554309,58.496732026143796
5293,55.846572205524545,109.76903870162289,647.4304122787389,94.17040358744396
5294,13.197239792984474,87.38281937464556,20.291465136362696,68.45076784101174
5295,0.5800837898807605,81.66496837730722,19.55507274258283,0.0
5296,21.380208333333332,59.32743726861375,38.10945932722633,409.8540145985401
5297,20.69408740359897,74.3859314206756,64.26076232547369,0.0
5298,24.71937530502684,53.20866810147849,33.8329996222045,99.6392896781354
5299,10.654039656703167,56.3979797979798,27.13681529489062,41.25379170879677
5300,10.548148148148147,14.4148067501361,26.57138698879348,14.451928965094918
5301,8.929110105580694,87.56648739329945,157.14572553728786,92.06295096869496
5302,15.502602026841961,78.109948544244,3.739102155032049,0.0
5303,10.282317979197622,40.2471501101638,25.82894953381342,49.051787016776075
5304,83.68211580433945,36.32681006447196,80.83850254224872,99.58558135898036
5305,172.0458553791887,80.27812456651408,544.2019623352525,0.0
5306,18.90948160085952,22.702020202020204,23.16223425753779,558.9622641509434
5307,593.2584269662922,1449.0636704119847,324.1886372914612,0.0
5308,11.553899082568806,73.87341750546193,1.0984458440408664,0.0
5309,49.663366336633665,92.09435452033162,95.38339644017769,87.78801843317973
5310,0.390497884803124,79.76504449823572,12.84389987089909,0.0
5311,2.4968394437420987,1.5645159269976245,19.187154724639026,0.0
5312,16.980624327233585,139.6682455753836,34.01922585009006,7.142857142857142
5313,14.475920679886686,6.388631734863905,28.53429962282712,72.72017184143722
5314,16.556108347153124,64.68669684081244,7.092021594309347,65.09245377311345
5315,16.11558766323979,62.522071104748264,41.804051621887965,302.5936599423631
5316,13.296955772544514,88.96306411757055,135.0371865927685,85.85889260046564
5317,9.636789689513767,62.27770315568538,23.177482967426087,0.0
5318,60.85321576763485,76.5988065988066,134.64988997348075,59.111617312072894
5319,12.033076703735386,78.52472476359193,31.107232421322728,0.0
5320,24.993921711646,87.86061108068954,197.41360388519973,7.142857142857142
5321,52.397778899545685,28.980814377074402,804.7811578918903,57.10776788455634
5322,1.5948963317384368,82.26369023733089,157.67230333959816,0.0
5323,17.181208053691275,45.668831391952686,239.47749552021511,98.33971902937421
5324,73.64710760937176,86.95792185487335,96.28302065116716,96.48541114058355
5325,12.007986309184256,60.91597982457723,24.482423333362668,7.142857142857142
5326,10.627590290112494,61.52898108602807,16.67917519520886,64.33495021700281
5327,64.70267321331151,74.99401913875597,16.54309327036597,119.65408805031446
5328,62.64538480574116,81.51017854564704,247.30221597665115,17.48375664500886
5329,1.3721006207121855,14.450501142957634,26.30315560391731,5.223880597014925
5330,8.538393121849985,67.42090389730228,20.714598025413128,7.142857142857142
5331,84.9478919943155,85.94451479221826,76.24419225707693,97.9142070051161
5332,18.22860238353196,77.88527454058955,38.61679973606069,84.76553980370774
5333,10.501885697708152,31.682320176702234,17.05962046162679,0.0
5334,12.058152793614594,85.84397210316644,44.265279518530484,0.0
5335,11.957762557077626,67.14001994684683,79.83619553073447,0.0
5336,8.43190779496512,23.95191585274231,25.074093536521293,3.9862542955326457
5337,11.336270190895743,62.053803339517636,24.51219737856592,85.29628460162088
5338,0.25864856126737795,81.9130693970636,148.93865957315782,0.0
5339,73.11191030251746,80.177154237137,95.4522664168763,98.68616757560734
5340,82.342317310364,19.117647058823536,68.18208904401124,79.13385826771653
5341,21.400676907055455,65.15074798619102,33.23713608132583,33.349236641221374
5342,9.637832984136487,66.79001065935739,31.385998242834283,69.63703542708107
5343,69.80280351627465,71.76470588235294,88.49493643611291,84.13173652694611
5344,14.500141602945341,85.0927671530862,190.69388184190223,91.6547192353644
5345,1.0812581913499346,316.10486891385756,17.736185390952635,7.142857142857142
5346,1.3431403901503038,89.0917081770699,65.3471083180511,0.0
5347,3.3823989978077043,25.84958601079756,14.924955870675555,7.142857142857142
5348,14.11095305832148,80.49960053262316,139.1070338812896,84.57376325088339
5349,83.18115654360196,79.6594427244582,76.30781970158581,85.8288770053476
5350,1.9389701207883026,75.1116647476873,25.52664130392427,7.142857142857142
5351,13.296955772544514,85.49610389610388,34.91332003462682,40.729741196436144
5352,8.459672528805337,64.40035058674587,22.991106045624612,71.10651499482937
5353,22.530151398511673,75.55799373040753,100.5527144476634,317.01492537313436
5354,18.603397142086816,78.00070962467026,8.82224856119943,66.76183678325006
5355,5.973788479122219,41.051097605404706,14.431164181287247,7.142857142857142
5356,10.23417172593235,244.1176470588235,13.540737316537665,57.25806451612904
5357,1.8141311266709104,38.626933096634986,19.333628937495632,0.0
5358,10.00583430571762,83.64586496608969,23.320265176530818,7.142857142857142
5359,3.200502039535613,92.4938166913999,24.032343296495483,0.0
5360,14.77900552486188,30.845371856607823,16.755469301487892,0.0
5361,53.357798165137616,93.51438160143302,92.93133230132472,96.45958583834336
5362,39.03473344103393,53.783836927312045,33.777553321008256,9.987113402061857
5363,37.274049449407855,85.04799122446181,56.64966350301987,38.45391476709614
5364,18.603397142086816,78.02849474645957,52.349849389781134,80.87087498288375
5365,10.139235987147448,105.73501872659175,314.6220249739632,89.43089430894308
5366,19.03995709305444,72.15369145576342,1.640622426546935,67.88505747126436
5367,30.443974630021142,80.2607177920803,6.20853115672793,95.40636042402826
5368,61.099252934898615,82.37023702370236,21.50094475936421,1035.7723577235772
5369,7.91044776119403,87.12420623696877,54.27754080734884,0.0
5370,6.231003039513678,975.7386600083228,21.59514645994551,0.0
5371,60.63372017212153,69.45945945945947,490.7871747211896,155.86080586080587
5372,61.020012911555845,76.03070574022003,62.96715142745375,86.03418974307708
5373,58.756830601092894,59.78238763473662,90.1559666975023,61.13033448673587
5374,0.0973393900064893,71.56015917602997,19.29079378219904,0.0
5375,2.9672578444747613,63.52504638218925,26.62196735774152,46.922492401215806
5376,3.593015446608462,90.17507185785209,18.748287795155633,98.3204134366925
5377,20.48986041611799,65.89218221603343,45.59305538166184,20.26255707762557
5378,13.767495001428163,74.09452342432274,46.77691619514576,79.0805630428272
5379,18.471509586821497,76.44777951734936,41.82244448794841,93.19698076454833
5380,4.3712385175799815,72.62734722186545,0.9399062007700694,70.37115588547191
5381,7.704066034851727,75.04614370468029,19.11036189885172,84.83664387278846
5382,4.401519949335022,73.88541165142031,4.905048338383873,69.07923860115095
5383,14.661134163208853,191.13770701315295,7.153375628643788,45.83333333333333
5384,53.31416464891041,542.7747781226774,4935.886996430306,99.9808429118774
5385,24.731987035651954,84.52749719416386,14.636387159621918,134.0033500837521
5386,38.34080717488789,77.80618910746948,104.92526573794774,7.142857142857142
5387,36.260330578512395,88.6002804476805,69.53863665363666,99.90236575291024
5388,8.889545186060248,79.40328869734749,129.09401978064926,0.0
5389,16.301635708344886,64.22494451455677,41.31344334217333,81.8759730150493
5390,95.1669328466043,88.6663885412321,71.5531745187996,99.56847418987135
5391,30.05097312326228,58.568338582288824,2.3290480914009466,83.6608187134503
5392,21.341152473227947,59.63916587641408,25.334049578830893,98.52774631936579
5393,73.21390937829294,75.11597699016515,90.62756242816843,93.03547963206307
5394,58.76054510058404,91.43222506393862,94.75973747163098,88.08988764044943
5395,83.7051282051282,92.01266556660572,85.24430159022961,97.4988201982067
5396,14.637520752628665,18.50393052640247,22.871814091874025,7.142857142857142
5397,28.170354508684277,57.259822898589405,18.589301077038066,53.41780593531177
5398,22.965042102577186,81.8795533734558,180.3275664417666,93.29879598983068
5399,2.200406228842248,14.963485268194415,33.348329492681614,6.3044936284372906
5400,16.185452526374235,68.26311899482631,44.785436394333125,50.10714285714286
5401,73.48769294952024,89.7107680281415,96.15107600354413,91.53354632587859
5402,81.52884755122803,2388.2352941176473,69.66959101237063,86.23376623376623
5403,14.524348810872025,27.133329990472838,16.337960560100402,78.85895883777239
5404,2.253894597282068,5.844382624613107,22.571812783770472,0.0
5405,55.378281008749354,36.64750549996451,560.5312964141735,18.96751740139211
5406,3.2681832745914767,49.27146269495574,23.277152818893505,57.06822372464659
5407,26.167767180239665,59.880475741874704,181.60019192612418,91.46661779976787
5408,15.449330783938814,0.0,520.9503532372012,109.1317365269461
5409,76.06853699868198,90.22624434389141,85.79627899612066,65.5844155844156
5410,22.875,58.1056688480475,62.37432155328067,99.83884963431264
5411,9.157832744405182,80.21677722124453,21.788756342696047,0.0
5412,66.81368330464717,81.06787677391655,204.80742448804557,99.79446640316205
5413,10.148809523809524,4.357366771159878,15.007715998277979,397.15302491103205
5414,29.192200557103064,91.6999002991027,69.8359596428606,96.91322073383809
5415,9.05070754716981,60.93815705184888,50.777716084838396,0.0
5416,28.105336751340015,91.84150049662047,11.889874201516374,99.3099787685775
5417,5.018472906403941,122.870983919673,2.2728939862628814,0.0
5418,9.203007518796992,140.0894991724392,0.706611352996339,83.85904101675332
5419,22.009816584861795,77.71398369072789,51.346436806851855,81.2104909213181
5420,11.734878667149584,76.76404494382024,11.707284777508557,96.3172804532578
5421,9.175691937424789,37.00774935422048,18.322251851851853,58.23617339312407
5422,61.3246220855752,81.01969094010026,242.2568712959857,13.337468982630273
5423,0.19411193788417988,90.92860925546644,23.197153718045428,0.0
5424,4.3712385175799815,45.14563106796116,29.973954726307355,11.670663469224621
5425,65.20667944155488,83.94201282408699,79.3166332513713,83.12101910828027
5426,4.57222029788708,81.79516685845799,27.730490095111172,12.118780096308186
5427,5.368098159509203,79.03018616236037,0.20146071475598487,0.0
5428,9.157832744405182,80.21677722124453,21.788756342696047,0.0
5429,5.182160804020101,50.351793800069665,22.407244846935942,93.29139454475605
5430,12.754524886877828,52.778236762869945,2.0284714990120194,0.0
5431,1.0163934426229508,12.308663558663559,23.387517848691633,64.9874686716792
5432,12.136204889406287,212.08867195444378,19.185699969609658,78.72048743335873
5433,0.9514435695538057,12.787094243404923,22.528136656035464,64.7043961596766
5434,1.500815660685155,4.42900919305414,33.66325713777461,17.69165964616681
5435,71.4189341128851,93.38235294117648,93.15360943710732,93.89400921658986
5436,18.86589626444504,80.35082367297133,92.17572490164649,148.57651245551602
5437,38.27879874495742,54.906367041198465,269.10742618048045,61.76470588235294
5438,767.5287356321838,0.0,858.7780979827089,1924.6376811594203
5439,12.745664739884393,51.513706793802136,36.36275503459216,36.239160200821544
5440,27.91308500477555,4.599255069664771,1575.5071553228615,3.0534351145038165
5441,17.46856205576818,32.30842455973348,1587.384615384615,20.353477765108323
5442,32.50132766861392,91.94373401534527,86.34789483422766,65.359477124183
5443,10.139235987147448,135.36419992251064,241.64860706841068,98.01223241590215
5444,1.0713090056913293,66.55965055965056,25.46273008718482,17.386162034299232
5445,1.5805070793546265,55.37676669595106,1.1202542064134688,96.09609609609609
5446,16.763165150261923,39.81945200508074,9.20766990164448,75.08915834522111
5447,18.66596361718956,31.375992273808695,51.526470787513134,0.0
5448,7.245941070354781,88.70807886942472,16.607271034601055,0.0
5449,23.468122054080872,75.81689067051602,94.57681653325216,0.0
5450,0.066203243958954,88.73569673569673,10.074550890139765,17.190278601066982
5451,55.934866447650336,50.328936655267874,668.6048312885795,96.3172804532578
5452,6.416615003099814,75.6198347107438,31.686514594064263,47.75617053103964
5453,67.66304347826086,64.7940074906367,137.88566785499506,0.0
5454,13.841324200913242,69.27782497875955,3.151783546790079,67.37505838393274
5455,9.953298307063632,67.95362317346466,171.3042079873229,0.0
5456,173.00884955752213,0.0,390.67852289865453,0.0
5457,81.59304851556843,0.0,57.14272973876853,82.56578947368422
5458,11.284161034381428,73.0050805318344,1.1920761547551897,69.02439024390243
5459,3.515500159795462,32.4641148325359,26.110603532383227,18.873403019744483
5460,5.904565739787161,50.50144665140136,19.509341587918726,0.0
5461,5.449420607579079,28.810654313839017,28.9436701606339,68.01007556675063
5462,71.59141707644167,899.7737556561093,70.76232774608951,98.38611449451888
5463,19.36748562467329,71.06178842947027,74.25925481712841,0.0
5464,23.73300370828183,75.4001724683383,54.910822641163705,0.0
5465,9.745889387144993,77.12339311831268,81.03833779966155,77.7689369828135
5466,12.997118155619598,81.38142065069567,127.80462568472319,94.28559741481573
5467,9.637832984136487,3.083964646464658,26.488916289458192,20.125786163522015
5468,13.594733829421864,73.46625677060459,3.329518262445642,72.59172061997253
5469,19.450373532550692,79.39298361313816,12.219902314914785,73.56169568508706
5470,23.781873264327192,58.262958075792305,89.42794474391003,91.25234815278648
5471,5.122564424890006,65.98226358068878,13.693740063640803,63.381389252948885
5472,6.628329297820823,13.778421657966883,5.984451286587826,7.142857142857142
5473,18.42745203998919,62.46035732223577,49.390652001360685,81.80041688379364
5474,5.4261189454322505,39.060681787833076,19.57473178559347,0.0
5475,1148.987854251012,0.0,625.225734724111,45.83333333333333
5476,11.440305074801994,57.19696969696969,32.450350414125786,1.4524328249818446
5477,9.238011179758752,5450.811485642955,6.191111779742316,0.0
5478,70.76816927322908,76.91101495222998,73.12330708078754,99.64584029401938
5479,40.73419709462112,86.85090909090908,133.80529531568226,59.293044469783354
5480,9.826762246117084,194.23120089786758,32.806647775328926,1.550387596899225
5481,44.588122605363985,73.2909090909091,21.545933061873086,134.39597315436242
5482,10.175542993156798,58.88230413654143,19.657132739053697,62.048356424884545
5483,17.336548767416936,86.02660705738381,58.604659751636156,0.0
5484,61.770292516145375,84.75275139454244,139.31931450805368,57.31981981981982
5485,6.430087958750379,0.0,18.701301340939153,7.142857142857142
5486,16.75661090124123,64.54607796592289,19.57831393804128,97.31404958677686
5487,3.284296955183031,1.7391304347825987,30.85452905225976,1.4114326040931546
5488,1.4789915966386555,83.86252500555679,92.57086564128637,22.98787210584344
5489,71.25734961555857,59.201295196977874,94.80543178310286,84.13173652694611
5490,10.812373518357907,56.55670796120235,35.07357212065479,0.0
5491,73.04945545438315,82.18589755809298,361.82820395039033,66.94273544723143
5492,10.335610335610337,87.89618236748146,11.78697814843228,207.03296703296706
5493,3.248974008207935,88.53438556933484,10.294865059443907,167.112810707457
5494,12.56878077034463,10.140581068416084,23.312257873417312,66.0427807486631
5495,1.342732460557234,8.456744868035186,30.598015682509217,13.854930725346373
5496,1.714474118034949,5.871258049739948,26.550270278184158,0.0
5497,6.329506670803599,26.3269054178145,31.37265105128012,32.99760191846523
5498,5.033029254482542,83.07558342041101,16.30597431602457,477.27272727272725
5499,12.108262108262108,42.018397186536674,22.240220174128954,0.0
5500,2.895813660686182,22.739167100726743,26.400512842322428,0.0
5501,23.487103174603174,80.77120366009554,72.02748506513709,0.0
5502,12.13329535744802,16.660374531835203,19.473157202550524,0.0
5503,2.187698161065314,73.48662418037443,12.769409272855798,0.0
5504,12.085032032615025,86.3030303030303,26.71834085100378,7.052561543579508
5505,20.69408740359897,84.95783238246972,31.714356913213077,0.0
5506,10.163075131042516,56.18166924719576,22.66262086922589,0.0
5507,41.25457875457875,39.84218755681613,59.185241731075145,7.142857142857142
5508,4.189146302761029,28.15028901734103,30.459319481346352,5.9259259259259265
5509,46.98149951314508,87.68811712631937,200.07965031568716,1787.837837837838
5510,63.89793702497285,85.6582054309327,9.653255303584487,584.8039215686274
5511,9.552556818181818,121.29481005885496,275.8782647110448,88.49557522123894
5512,7.591062136516682,43.98369343660823,17.687121955967285,61.31265577402382
5513,4.643082754264056,75.60715264292777,9.979385154381127,94.56123958576657
5514,22.135285209490156,30.076987099459025,16.11465859539073,96.93396226415094
5515,3.299167200512492,23.23430382253912,15.376749626356492,75.49552710050868
5516,9.610778443113773,89.9661932587162,16.462391379153946,95.9943800894598
5517,3.653966271080575,65.5116125363132,14.366651089566803,0.0
5518,31.33248190719455,33.61155698234351,189.4839178572664,89.43089430894308
5519,3.3218426825446565,87.31180042041466,21.590315479126964,45.83333333333333
5520,2.2806461830852074,86.61811334654541,15.912204396767137,0.0
5521,13.54524627720504,82.86012308851073,142.05136435528163,90.89605734767025
5522,12.745664739884393,15.805998125585747,20.15840493500773,84.99785223367698
5523,3.419376466644318,84.5366515578369,19.64505641658941,0.0
5524,13.922991071428573,2.6793431287813143,20.627884913059454,0.0
5525,46.48229015041242,48.63636363636363,152.60179885527387,1762.6666666666665
5526,0.6907894736842105,17.643883158199213,16.53645465294443,80.73634859349144
5527,13.77864728898826,43.00575042893881,19.745341519674845,0.0
5528,26.178511605647287,78.66085760146755,54.251828442328865,96.42857142857143
5529,178.50553505535055,362.27272727272737,2064.2987249544626,1762.6666666666665
5530,22.009816584861795,85.15170313557411,146.58068828637974,92.25652680006652
5531,0.886408404464872,87.62828122938926,18.25468315948485,70.55848261327714
5532,12.92689810894722,80.45271338240217,68.62611931796319,0.0
5533,8.348512446873102,26.038461538461544,26.252414109426585,43.04932735426009
5534,6.85833044683062,88.02981499445895,19.270151875383547,0.0
5535,19.856649853995222,65.54116167638705,193.76991773349167,90.65426812951566
5536,7.706029254370317,10.629370629370658,14.259362961570984,149.46428571428572
5537,24.93784186971656,3.834864322669228,6.1788824401025915,42.76935682097501
5538,11.022693781314471,84.19580419580419,84.48368421052629,306.1046511627907
5539,17.265004110715264,62.19205810561409,18.963218271603445,54.569105691056905
5540,2.826975476839237,69.40866073989102,29.649429522526884,12.47987117552335
5541,8.102472445635984,66.06510597116602,7.094430642521898,7.142857142857142
5542,6.993222427603205,74.05091597144578,19.807033821828487,74.19176057639018
5543,15.502602026841961,77.24187830357656,4.734901218313872,0.0
5544,0.5213424568263278,62.51337613697162,18.02446392883147,0.0
5545,24.76949912783454,72.17803030303031,8.601578728707931,2153.2258064516127
5546,22.50690781210751,79.25111409840007,179.814384234371,0.0
5547,0.2642880740006607,38.009404388714735,29.654101361400283,5.993930197268589
5548,17.225650657365176,69.76734472244269,20.999491779531038,0.0
5549,62.058564785723256,85.71030945910407,327.0027030827643,51.4593467685893
5550,1.28,123.15404924172651,22.097888478081437,7.142857142857142
5551,26.20386213639697,72.52514402890343,6.718982916170053,23.628318584070797
5552,7.552547203420021,105.45454545454547,937.1964056482669,863.448275862069
5553,25.410798122065724,84.31372549019608,89.13475553786094,81.33802816901408
5554,7.9292467215614515,60.367129439860264,13.645891229615268,72.44575936883629
5555,8.708799516177805,51.812877903893074,34.020662857780664,2.494497432134996
5556,70.3564908234842,78.91038086582948,370.28102768268496,99.89966038900894
5557,0.19411193788417988,90.92860925546644,23.197153718045428,0.0
5558,10.627590290112494,50.881768504719325,22.318511944197915,65.37794299876084
5559,10.654039656703167,61.284912196870145,17.02432926055066,62.222823147647375
5560,8.653555219364598,89.14316215305091,45.82878176570404,82.4629676123525
5561,4.959950708564387,15.612663225022793,19.64707611698208,0.0
5562,17.908461947844597,80.2180096147094,70.97856574630758,0.0
5563,82.07839819514946,58.012170385395535,45.98971234805598,81.33802816901408
5564,3.730867346938776,26.123791102514502,67.35564130136842,66.11177170035671
5565,3.55824102047667,63.21936066940069,22.178100158347508,0.0
5566,15.664297430289775,46.06811841670709,52.91236327456842,0.0
5567,2.617267165193746,30.399194901039934,24.442314416384225,19.85083189902467
5568,2.235015238740264,72.16860232278735,28.34841519477378,0.49857549857549854
5569,24.645823155837814,1587.3729266987698,510.3055804514663,97.8441127694859
5570,114.41761363636364,74.58294283036551,66.90434782608692,1.9649122807017545
5571,63.35063437139562,71.10879750130141,96.75971801315923,94.21397379912663
5572,3.177257525083612,89.90651716423474,172.42776551354353,0.0
5573,6.734630831016373,84.07906624667302,25.860997848692268,61.778385772913815
5574,59.52229299363058,88.09517137012023,96.6026781721799,95.49702633814783
5575,66.9096589429836,0.1284356537374701,60.51514656439977,95.07434944237917
5576,63.54279523293608,63.74331550802139,109.71038908945046,1505.7471264367816
5577,10.970215275729874,65.1855066174875,15.571285556216285,62.222823147647375
5578,1.8141311266709104,77.23333731908235,18.748106226904017,0.0
5579,70.97510847225394,89.91350326158798,89.63617282185928,97.81893004115226
5580,17.060439560439562,1.5561148948771137,16.82881819706936,54.569105691056905
5581,230.97826086956525,0.0,26.051282051282026,61.76470588235294
5582,9.084406294706723,91.83006535947713,87.182915215321,96.25706214689266
5583,0.16233766233766234,47.847825685872934,21.373914905225437,7.142857142857142
5584,3.170119271814187,74.28821611874045,18.14624008701642,0.0
5585,83.49779278109581,89.40994197644628,88.74097311247304,99.44391984052041
5586,1.1729222520107239,77.25643670294289,82.54890942099695,77.7689369828135
5587,3.515500159795462,74.42940038684719,16.017911344208837,63.76134889753566
5588,51.67064439140812,0.0,56.017685505574775,63.19444444444444
5589,6.53250773993808,51.52196118488253,18.319226638023636,227.1662763466042
5590,0.16534391534391535,14.228048990857353,25.822521763549556,4.7066848567530695
5591,2.730602730602731,19.388854061178904,11.50470829759347,0.0
5592,8.81908788885533,63.59418468993988,11.491870944250103,81.82409575852199
5593,7.91044776119403,86.68219471504993,14.360418790774446,0.0
5594,3.5937499999999996,81.8174388968786,15.064945644284125,0.0
5595,56.42655367231638,66.93426249974418,124.89387498517057,99.01065449010655
5596,4.0368722186904,59.948879611485054,33.57078086329269,1.5261627906976742
5597,113.05575158786168,1030.0000000000002,2122.274509803922,1256.3106796116506
5598,0.12982797792924375,25.861423220973766,17.77827991403229,0.0
5599,15.571975916803504,552.5027309612984,19.868897361163366,7.142857142857142
5600,4.39932318104907,37.22683602019216,23.19777729391958,0.0
5601,11.982507288629737,88.79235328623714,124.14484989213092,82.00901481004507
5602,23.72410308236483,79.40902118164773,43.77056680067978,77.67657398529882
5603,10.760775238646225,32.841226947328515,21.21220281765085,0.0
5604,9.988073941562314,25.27716186252773,21.33065680577567,429.1666666666667
5605,14.448141985579591,81.17767177548801,18.449172513105758,0.0
5606,11.957762557077626,64.386766397411,20.99377178778354,7.142857142857142
5607,13.594733829421864,74.4991671471587,41.55815643251005,85.77827547592385
5608,33.83738768354153,30.816326530612244,31.323969965786702,25.214132762312637
5609,1.6809492419248517,4.547132985176993,10.01504486711353,0.0
5610,13.865905848787447,86.0638622626534,43.85119165310499,21.057192374350088
5611,61.511983681795,77.2824265937748,340.7572514094289,23.51900972590628
5612,63.69608683233362,91.65085388994308,95.98059992929211,97.77591271506503
5613,11.24856156501726,81.29924514886193,149.61400924577123,0.0
5614,40.41256446319738,213.08316430020278,107.51579217300869,99.47798680193046
5615,19.071353620146905,86.6094574680607,73.0699057805358,0.0
5616,16.068946344175703,21.120129870129883,22.01813035809509,526.457399103139
5617,3.005008347245409,2062.23470661673,28.083758475922387,0.0
5618,2.8620102214650767,241.3284848484849,6.226924396660192,55.67893401015228
5619,31.4596756276383,13.669988625747557,223.49974970506392,99.88211824446861
5620,15.917143635868083,80.4498166313372,56.519497303163845,0.0
5621,83.25207537224931,86.6982094762258,91.2252465262414,99.84280926535575
5622,11.466275659824047,17.173295454545467,25.6896900579417,5.608108108108109
5623,1.5131136516476125,55.05681818181818,51.086022541180974,549.7674418604652
5624,59.02061855670103,89.47978412810758,83.6231214189812,8.333333333333332
5625,18.603397142086816,0.461229946524076,727.837787528254,135.97972972972974
5626,20.823498557566218,89.14733800044844,195.397893649752,91.93185099624603
5627,2.6756931012250162,16.117551352450672,23.241940493198346,82.89876361855796
5628,22.490372272143773,86.32926823022039,52.41627284012457,93.52311187352218
5629,113.34716459197787,68.80357885975866,88.00938588215939,94.67213114754098
5630,0.8169934640522877,64.82037453183516,5.895618960342083,7.142857142857142
5631,184.2749529190207,139.69696969696972,1156.2466960352422,4406.451612903225
5632,65.77109081139173,78.30741875685696,3.4536237827841925,98.00918836140889
5633,40.8675799086758,77.2196519057061,62.25103157182178,0.0
5634,13.439955106621774,75.74314786255744,5.08116743651942,0.0
5635,23.89715149987396,79.01706965121599,59.01265102478379,80.51875610096221
5636,3.5636136292591436,9000.749063670433,9.662265896909792,0.0
5637,72.12719298245615,72.09856915739266,94.1072372664601,93.87283236994219
5638,0.25999350016249595,34.35741318116753,26.75688369687722,0.0
5639,172.0458553791887,0.0,1004.196657534524,88.49557522123894
5640,12.729844413012732,81.905951935862,155.72526185711777,7.142857142857142
5641,66.93548387096774,34.36252328985893,69.23355283986575,96.09432571849669
5642,0.8357441337190614,24.527787671750385,16.938221656522863,0.0
5643,5.280933374270801,117.83707865168536,19.84030643555223,0.0
5644,17.423413566739608,80.65187346437347,7.905387189736912,62.47649744829439
5645,5.979445655559016,53.31562066159222,25.34382228756486,68.18492370758369
5646,11.388318168476665,76.5903758077671,131.67599396967103,84.36310723080366
5647,24.93784186971656,87.75841834431705,69.27274842280075,83.47918637653737
5648,6.543471675249925,62.19001396183765,30.727737943719358,98.00918836140889
5649,13.915027088679782,81.98216989653653,42.901436945411895,86.87770054480556
5650,17.46856205576818,80.75422900217626,19.08992798167266,81.29101379402705
5651,7.3016826923076925,84.26620464032149,19.553051187385773,0.0
5652,4.754553874652671,64.07498746645435,18.37501213835692,0.0
5653,5.360501567398119,27.569671343455678,24.588250452144294,64.59706031424227
5654,6.47459727385378,193.00163479991474,3.664167743650961,84.6937657499726
5655,71.23132639203259,63.31269349845201,95.899380457595,91.90839694656489
5656,12.770875469517481,74.96168979084696,25.37817715019257,42.05723766072169
5657,213.19796954314722,0.0,1037.020577199641,0.0
5658,11.466275659824047,32.55806798954006,27.11453565796218,73.5966735966736
5659,82.65320049133342,91.48496340065262,90.13148240870494,99.31797709432504
5660,12.946943483275664,76.75001652892561,6.643450579641833,66.74601285408237
5661,61.28540968626256,51.98566736339206,93.70600356519718,96.03590127150336
5662,2.9263687853996223,26.77655948724907,20.846961141703503,0.0
5663,5.686334454295323,80.71104289974973,21.465741616109106,7.142857142857142
5664,83.56607189035428,56.76470588235294,50.42100064207043,82.62295081967214
5665,8.98402170636117,67.46542734073905,0.045574526379082526,122.80701754385966
5666,20.615261685976826,81.53217568947906,35.2188861985472,409.8540145985401
5667,36.62695152013147,85.51167066925312,76.74379794597485,99.00990099009901
5668,50.669934640522875,80.42881288337733,326.1570754996153,69.28995383600791
5669,10.838747784997047,37.407299835414854,24.529404441598892,59.93690851735016
5670,30.609652836579173,44.17788575091947,33.85763222783323,0.0
5671,3.352130325814536,80.65057085517999,148.37447049357775,0.0
5672,114.57000710732055,55.42024013722126,109.76648388391064,358.0327868852459
5673,2.6506784474597667,84.98469444117784,20.21686708535145,0.0
5674,6.287970838396112,10.001603054547557,21.844846157496217,7.142857142857142
5675,11.41431924882629,26.005301394070283,18.568211681653064,59.00821596244131
5676,18.23255813953488,0.0,126.05658457154483,57.599999999999994
5677,32.90561113527621,91.69932710419707,75.85450251366387,99.26303854875283
5678,5.715178013741411,22.683576681232015,24.61883647736495,64.9962415434728
5679,4.280279010779962,20.625582323971827,3.174459472693488,43.985565356856455
5680,3.5032843290584923,80.70390445260233,3.1699195407940346,0.0
5681,2.6813880126182967,16.90335445581149,22.47619593951476,7.142857142857142
5682,8.874132206459402,36.29662720571814,28.29873886905031,41.93682460515378
5683,29.307974335472043,35.802981172862765,63.85515731700463,0.0
5684,83.12981152110433,91.12596796690876,81.76073467361628,94.78346456692913
5685,4.280279010779962,76.64079822616411,23.429827559981092,71.89134808853119
5686,66.42778390297684,76.75284959688629,32.74887045099813,523.6607142857143
5687,18.494055482166445,82.10343756713087,71.91686541255152,0.0
5688,10.099928622412563,86.29339729832091,218.22424866567323,95.84664536741214
5689,27.06228956228956,67.83287419651056,44.18997803117479,746.6666666666666
5690,6.710480802490487,0.07861892750681765,19.259910826503056,7.142857142857142
5691,25.713582677165352,71.0849539406346,1.7794058815684983,74.12004446091144
5692,60.10307915950839,86.03537499034525,56.14760847600914,42.86298568507158
5693,59.735449735449734,77.74573588886935,3.046811865576009,119.65408805031446
5694,62.21526908635795,67.04113888577513,269.68720322389413,78.50107725453987
5695,31.51088929219601,48.41009211053264,21.992241122053123,408.0
5696,5.228302544440572,25.30469530469532,28.813970112673182,12.47987117552335
5697,30.999776336390067,77.94606302653231,16.51106737010134,99.86425811840869
5698,1.2068387529332887,8.318670576735064,29.1324877907433,24.486486486486488
5699,33.73573309920984,53.675117896997705,675.2260229285114,61.76792556102902
5700,102.030124426981,54.28110694964627,178.0756846412165,84.33734939759037
5701,84.02463549522373,92.9697981574789,82.2122586646202,96.06240713224369
5702,13.706293706293707,78.58217989495924,0.29131389622949255,0.0
5703,32.44573730140971,52.08480565371024,5.722687421450312,115.91962905718702
5704,9.131075110456553,37.42349502146708,22.175620536805482,7.142857142857142
5705,83.71973869604201,84.69423412929528,76.34172570558235,92.79891304347827
5706,22.642928786359075,63.38945704097424,63.46579887410528,0.0
5707,21.20051085568327,55.31547104580813,113.13011393931795,0.0
5708,14.708321813657726,74.05648542245459,2.7725145433828646,7.142857142857142
5709,16.80903830256269,13.709090909090904,29.585473332320323,477.27272727272725
5710,2.804032766225583,90.03165928566148,23.611329694249395,0.0
5711,10.574644549763033,52.03265306122449,18.60250042815551,79.87611639297033
5712,7.3573573573573565,42.34076226792294,12.455609411629547,0.0
5713,573.8839285714286,0.0,913.9306666666666,4133.333333333334
5714,16.008712224339778,71.59418697288535,275.76143592362587,94.17040358744396
5715,3.484654731457801,26.401047512158627,27.070398958430214,6.115591397849462
5716,0.6525285481239804,8.191330343796697,20.090679440275302,0.0
5717,66.51738672286618,75.63768870380011,96.10113179992699,98.24095585794889
5718,4.703282828282828,9.918749041851898,14.243254038288272,64.09663325623232
5719,19.050118079244292,49.87621405446583,97.28398736664737,0.0
5720,9.312105737458696,74.46133576568359,27.433154858544345,17.493692178301092
5721,24.442811658094538,9.23455056179777,413.7517198978893,99.32432432432432
5722,9.502398081534773,28.09203142536476,23.751329801409227,7.237715803452856
5723,18.104592513936822,57.94732787516699,3.574568300556176,0.0
5724,21.42129393785023,77.89528994140684,196.42506869878784,0.0
5725,7.551693137548697,82.1415088282504,45.55880638560939,7.142857142857142
5726,5.419799498746867,23.39080459770114,30.898711150131703,0.28551034975017847
5727,7.475970096119615,86.33676668159427,7.425346779772099,142.53472222222223
5728,17.715998909784684,88.17821067821068,46.44879226426107,79.80922098569158
5729,26.318840579710145,78.25119236883943,92.3024327455271,87.19806763285024
5730,2.582398912674142,9.91608391608391,28.863078488894217,11.226114649681529
5731,3.352130325814536,40.08641432845815,28.84153328703725,0.0
5732,5.940934065934066,84.21470444553005,24.72941739618644,0.0
5733,11.655211912943871,87.11316485792078,3.63323978972046,98.33971902937421
5734,60.904337127037834,91.35934166412679,90.62537866522756,93.73522458628841
5735,7.8003586371787215,37.710604281960954,19.439264100989696,0.0
5736,66.27752719554259,22.910216718266252,72.82654519751827,86.88118811881188
5737,28.39184060721063,47.12857475005814,1022.7405764966738,2.7205882352941178
5738,8.231046931407942,0.0,44.609689968171644,58.59375
5739,5.018472906403941,19.496365067921772,19.67286922866579,0.0
5740,9.880597014925373,68.69714090053073,22.963901966987336,69.87276256200128
5741,24.294478527607364,2780.2902621722847,508.6141755117628,97.81144781144782
5742,2.9569046870084934,30.816130999041906,22.881664827421623,0.0
5743,24.2218875502008,159.0513833992095,977.2889150173104,13.337468982630273
5744,36.58895190086117,75.12739333634856,29.147286821705425,73.11028500619578
5745,16.350325379609547,65.89950967088242,2.754561030440162,0.0
5746,19.007613546862697,68.62428908309059,362.24668325405963,95.56313993174061
5747,32.491055456171736,76.92436826633042,3.6104114650497023,84.03246085266888
5748,4.280279010779962,66.75121753246754,25.073001734948974,53.89438943894389
5749,16.923500275178867,7.545454545454544,16.098883423544876,68.76118067978533
5750,18.472515856236786,84.24733000924675,6.2943593654641585,0.0
5751,178.76269621421977,0.0,2512.5327695560254,1787.837837837838
5752,15.2442448062886,83.06468748822665,172.0629496402878,86.74824511477898
5753,0.36569148936170215,25.88024666799285,26.58560849393291,0.35919540229885055
5754,65.73200323537341,84.64545939221611,96.0539472831444,95.85289514866979
5755,59.01322154143824,86.64238338588672,96.45210421673926,96.06533036377134
5756,15.894220283533262,84.93109992419967,6.498972847881455,0.0
5757,13.097294185377088,77.75640074211503,3.0172172418027774,75.98831213475421
5758,9.023886759068121,49.71852902812423,25.45332172231401,7.142857142857142
5759,12.416594139831737,76.35295523059301,11.875906850989098,81.68109100445842
5760,783.9541547277937,0.0,641.9059266227656,45.83333333333333
5761,41.04823747680891,58.82352941176472,86.51348738086313,84.17910447761194
5762,1.14603798297315,1.9490358126721927,20.878168104912685,84.74224552206203
5763,10.362232779097386,75.46056490199105,38.89676058623114,85.39161351040468
5764,13.42127903642099,30.185348631950585,31.184367502497928,10.333761232349167
5765,799.4169096209912,0.0,653.2039864190514,0.0
5766,12.13329535744802,85.53414445555298,132.47921638171195,0.0
5767,60.82781886596601,71.52434385697984,138.7703004718152,6.23574144486692
5768,58.751195518513455,72.98934434098109,111.98777022409261,7.378939277478862
5769,14.1353811149033,71.11250805931657,8.433260020800327,69.19514884233737
5770,12.729844413012732,73.77952910054852,0.2482911959097429,0.0
5771,8.125380401704199,63.35162610768745,6.397379218915196,64.13350449293966
5772,7.8829501343684685,11.263481894847455,21.0224379283951,7.142857142857142
5773,1.7828716969118115,37.97694288389514,18.710148981309523,0.0
5774,74.56473884330599,90.20152397400143,86.83781008113054,99.66263526416296
5775,0.357839947950553,28.84878154275661,19.156351290234262,0.0
5776,23.801110550227158,70.50345560871875,1.2169078737647439,42.93300653594771
5777,9.768938286048552,76.32622267645097,9.381558937552331,0.0
5778,5.685723211496407,1.9935064935065046,28.703495708212618,1.4524328249818446
5779,9.7953216374269,84.40133010508853,17.219742600315104,0.0
5780,7.675840978593272,7.880258899676409,18.951060599671074,57.04182041820418
5781,32.861806311207836,81.5982376481453,175.16733760217377,98.92915980230642
5782,35.0389555695936,69.14639667448658,12.603243302102252,96.92671394799054
5783,9.529517530716213,74.45023458735133,23.51090629496981,79.87611639297033
5784,17.025282409897795,88.13233060418419,69.96019750559164,0.0
5785,10.10211524434719,86.03877828742208,192.5606541236216,83.41642924976259
5786,14.013101680432923,42.177463255307565,20.266925141664167,470.20408163265313
5787,10.931319669183747,34.24547440699127,3.739405817026711,7.142857142857142
5788,5.77275503970678,130.8493213566607,3.8965925800775945,0.0
5789,60.87507926442613,80.02496878901373,330.09039224508155,99.19204474829087
5790,26.11355849241312,31.515151515151512,25.940787534217733,635.2631578947369
5791,7.579388855602157,79.38745922435665,6.0466959667574,0.0
5792,15.5288192501399,32.04594969300854,18.83544495291402,70.04074630066481
5793,63.15942028985507,85.60177208958898,89.92166100539663,94.08482142857143
5794,15.111940298507461,2481.7727840199746,317.80812260987403,98.22646657571623
5795,3.924011211460604,8.342250757981079,7.126318386467889,7.142857142857142
5796,7.245941070354781,0.0,2.714556932585124,0.0
5797,30.499153976311337,58.691635455680405,34.11689550931264,0.0
5798,9.230306674684305,36.637481371087915,23.422899512868053,8.752449379490528
5799,0.13231888852133644,37.8708133971292,21.700164744645804,447.843137254902
5800,8.404126213592233,72.00060028013073,21.352377634558454,67.78136531365314
5801,10.574644549763033,53.5896702877835,20.463898066961672,75.77176552202567
5802,78.98478835978835,88.59728506787332,92.15715706216554,98.49688031764039
5803,3.3301312840217743,84.19580419580419,23.728277420305492,317.01492537313436
5804,11.299597469810235,20.547625739246918,19.48636479674475,7.142857142857142
5805,11.17117117117117,89.42376110173164,66.0947827826195,0.0
5806,8.835697399527188,80.46832763393584,21.842003975041894,98.62288135593221
5807,8.763977032336054,75.96126369264962,0.7399661869379429,68.13412408759125
5808,2.707057686110216,7.3568818514007415,7.219953405509106,41.815910037484386
5809,12.729844413012732,16.33143755490824,7.656332635973468,96.69211195928753
5810,83.94796665824703,91.88804554079697,84.2429242119383,95.25939177101968
5811,11.828271028037383,24.45032755990306,23.4520883347587,81.08583807202817
5812,4.067365745154115,120.00106388637693,4.349808114989343,84.74724314881537
5813,4.341085271317829,75.0966178708175,92.15707041786249,94.24778761061947
5814,63.45425013535463,52.58741258741259,98.03333333333332,2535.8490566037735
5815,71.8743084753264,89.03425546789174,91.15767683936598,93.1701030927835
5816,3.9452752147629653,70.21516944593867,17.57490017861338,61.51515151515151
5817,29.01518637827888,84.32145271685154,46.27789469105927,99.5878249841471
5818,2.455573505654281,61.97860962566843,14.613291979606945,70.83507306889352
5819,4.152599594868332,11.202863890016976,24.933454764090328,0.0
5820,6.059683313032886,35.663887882082896,12.6958791098615,0.0
5821,7.392638036809816,17.858348884741844,19.96443264545597,83.82540233877504
5822,762.5714285714286,0.0,1024.923076923077,4265.625
5823,22.174571140262362,250.57756751429125,521.421271577719,99.16826615483045
5824,10.362232779097386,75.46056490199105,38.89676058623114,85.39161351040468
5825,58.97840968931016,15.401069518716564,346.75632682574104,2082.8125
5826,2.712078208766951,9.916805784129181,24.088369915198573,0.0
5827,12.92183443899625,17.562111801242242,15.83708575765243,64.09663325623232
5828,6.93815987933635,73.41309114901709,24.16632257302557,0.0
5829,3.10929648241206,67.10390292677141,1.9542443552471815,7.142857142857142
5830,2.5500322788896064,80.37113559840833,31.17974346160256,12.29903536977492
5831,21.180378129790494,72.98144760909328,36.92063671131262,94.4206008583691
5832,26.756885090218425,31.028968214510638,302.36176411218497,99.62697274031564
5833,160.70811744386876,88.8943488943489,437.4733441033925,2810.416666666667
5834,6.769416742218192,17.293065393104595,23.82922812785547,0.0
5835,68.61746361746361,63.553557813358864,353.637521555951,98.0821504077318
5836,16.394350595402933,83.31237014992419,23.19518683340377,3.187803187803188
5837,17.060439560439562,36.49476736855379,23.382782832745402,76.50126156433979
5838,17.49111779174638,78.93086166945088,100.37739837997961,19.481268011527376
5839,4.5777915248994745,78.03129249266443,22.939375602201167,0.0
5840,7.307338041142156,82.655752931615,7.777565778625785,78.7754481920389
5841,5.301129234629863,77.86711170612723,81.64153502759575,74.67826717418887
5842,23.414510400811768,79.81226883923249,70.54474271156218,90.4137789061964
5843,27.45433789954338,0.0,63.0484429065744,43.61702127659575
5844,17.225650657365176,85.68305996664301,68.39892897899131,0.0
5845,13.29398538504778,87.47330639332414,12.118375275358177,7.142857142857142
5846,13.837638376383765,68.0001115231271,6.592775785740603,0.0
5847,62.52884732175392,78.52216837469646,261.13547027800865,99.59802102659245
5848,12.89671090594345,74.89788606234325,19.361539230384803,78.72048743335873
5849,14.403175503260563,53.99344836005533,167.4654799459216,86.20246913580247
5850,6.173965936739659,65.27385961235687,16.032965160461718,0.0
5851,12.695199537304799,84.13866439812845,0.6086163928373715,67.44348636681427
5852,4.492249288199937,56.809555408095555,25.66546413663066,28.615227388860497
5853,30.946935041171088,38.12707941191435,992.2903582595648,95.23663393344245
5854,0.4196255648805681,76.55785223045459,20.272912648283388,0.0
5855,4.400371862410908,6.787611830726514,23.134487502821628,0.0
5856,1.9701302828090246,23.68421052631576,25.81488691993958,0.0
5857,5.13530135301353,78.70802592276755,2.2586623966485826,0.0
5858,80.71905339805825,188.98325532017566,181.69051028141493,99.94689485180658
5859,2.826975476839237,72.33340430061742,29.69643101504617,18.6371578334304
5860,82.61523731363698,86.8389224848818,90.60116096444234,99.15348985785019
5861,20.836540928919682,81.01178006910249,50.4653499329076,0.0
5862,4.548267326732673,80.52212840458303,22.55095385751778,0.0
5863,7.078313253012049,23.116325181758114,11.790062173818773,0.0
5864,5.979445655559016,55.57739557739557,33.16313826094119,33.50785340314136
5865,31.75858951175407,78.74608150470219,7.613366645846345,870.1388888888889
5866,29.855947955390334,81.90170977531879,90.64697815787792,91.34394943924654
5867,541.3721413721413,0.0,1379.5844690482506,7.142857142857142
5868,18.922470433639948,85.60836117015891,52.89914742393793,0.0
5869,24.24090338770389,77.88476593079693,77.77504602346374,89.88267670915413
5870,13.172274949669255,47.686152478328545,28.05829969622571,20.3988603988604
5871,56.96364932287954,51.95014662756597,904.8989819890368,523.6607142857143
5872,26.72209026128266,47.93830824676702,95.4997069658148,99.52100221075902
5873,14.186369958275383,83.34871208302307,160.66748505265494,0.0
5874,1.5948963317384368,2.167455598043697,11.746711311468752,0.0
5875,3.6840462066812365,86.47945861948189,10.480548275508323,0.0
5876,14.186369958275383,78.14232209737824,496.3927875123166,97.25158562367865
5877,21.908949818934296,78.31179677179342,48.94693764030433,80.89703268152604
5878,5.21193092621664,71.92072778706442,2.935996291636319,65.87689301416707
5879,6.34264046880386,75.92559140302917,23.38775793065374,0.0
5880,18.559482060965742,54.89219114219114,98.8151451306073,31.72043010752688
5881,58.32988267770877,82.39636154529771,107.84477611940298,79.65632736274938
5882,4.883427851291746,69.87371375116932,24.180160496600177,64.57012427085975
5883,10.202260559190957,751.1688311688312,477.9549540023263,21.472737492973582
5884,12.92183443899625,72.55263507823234,26.95547036272487,15.944645006016847
5885,7.7452153110047846,85.70169640890064,23.800330083237228,45.83333333333333
5886,7.562767911818738,60.25454545454545,23.05637898244347,10.218508997429305
5887,71.77437264046192,710.6617647058822,69.76906554904188,98.08110065170168
5888,27.10302457466919,56.66309969680756,27.3148255273022,95.40636042402826
5889,3.0483972344437458,67.20485262986485,19.268090163111722,0.0
5890,22.036896638867827,79.33611707862848,85.30669010981349,0.0
5891,37.35830458353869,74.2081447963801,88.33393864184103,94.42691903259727
5892,65.5742145178765,37.20081135902637,51.54509921167062,95.86583463338533
5893,13.07227181111431,77.01344196600364,21.490854630787545,90.98069597779069
5894,64.41769316909294,86.11764705882354,91.53220791686664,92.26277372262773
5895,57.72300798207534,84.91193181818181,92.96708286038593,18.99488926746167
5896,6.03106914407554,6.909506061833233,16.886275527403015,0.0
5897,11.699327288680902,75.34944653791804,4.766677873821886,70.06000857265323
5898,59.84641416113497,5.626993916815179,358.30818220197716,99.91864321922523
5899,17.535418337342957,75.418102598612,18.155125183199505,0.0
5900,6.881980078478721,0.0,5.660826735393614,0.0
5901,71.21177802944507,92.8060413354531,88.19950274147708,96.76434676434677
5902,21.40127388535032,78.85830682859584,77.43929570654493,0.0
5903,781.4285714285714,0.0,863.5141904191759,45.83333333333333
5904,11.426930806775767,71.49935422687113,19.903270193239415,0.0
5905,51.85606060606061,93.120250947907,95.77177951532934,98.6493374108053
5906,7.162202828769185,19.08180563768974,19.98811263219431,0.0
5907,11.043829296424452,62.41922759417178,19.970993899696225,0.0
5908,1.4043109079033311,53.08377896613192,25.929027542168363,18.58974358974359
5909,20.448684889118102,88.71531025880886,64.25834692231884,0.0
5910,0.4838709677419355,81.54897618852347,19.405518187695993,0.0
5911,17.46856205576818,77.66683097434452,3.261041916341989,66.84859990507832
5912,2.6280771789753827,67.72784019975032,18.820836400817324,0.0
5913,23.709483793517407,71.49321266968326,92.464394221534,65.5844155844156
5914,2.321724709784411,85.62550087499795,27.473085937843116,0.0
5915,3.3196440793976727,79.80307643639527,28.121954334339318,65.625
5916,62.68349970640047,92.70124822482995,95.90022262329433,95.49702633814783
5917,1.28,70.79057592771778,33.07939017999695,7.142857142857142
5918,13.097294185377088,92.61671678234723,17.232652074011384,56.30278385986862
5919,6.561436087898484,12.716206495877827,20.716900572478913,84.27333108184172
5920,21.018945212493602,82.46682445585148,81.19903581468104,0.0
5921,17.151481888035125,77.67467459515892,39.8767139515913,84.15381125226861
5922,63.39582344565733,75.82862586300375,509.4262667155926,99.89164860810135
5923,22.971285892634207,71.1132823101558,18.42433747851791,0.0
5924,83.2233368532207,55.98091592149244,79.9389674454249,99.59243309750846
5925,83.62113402061856,82.90098648154914,76.73207168628889,90.61946902654867
5926,15.8712844286883,82.3771093870994,64.02862783118076,0.0
5927,0.4231770833333333,72.98743045948987,21.036910870486317,0.0
5928,67.1745867768595,68.13249571673329,83.9553558253404,62.93706293706294
5929,11.528534556925724,72.64311811134408,6.669822667004249,0.0
5930,5.218281036834925,54.11602843384542,23.638560706376136,0.0
5931,12.161768984579576,605.574162679426,591.0543984730252,8.462732919254657
5932,29.231625835189313,90.95349331068168,71.24764413227979,96.91322073383809
5933,74.97538885607403,88.85382024613952,88.01710623028062,99.6560005192445
5934,127.00515084621044,0.0,1077.6284549567708,79.36507936507937
5935,18.515583729529848,81.9564969695633,154.78624519184962,0.0
5936,20.4739336492891,0.0,33.36037441497658,38.372093023255815
5937,8.736396614268441,66.6578752163521,3.368432426899024,67.42070895522389
5938,3.392,73.44568282529877,29.37218886344983,47.20758693361433
5939,85.49583475978547,92.26701916721744,85.28763992172212,98.7395957193817
5940,13.198350206224221,44.04931342086799,13.50778806943528,46.475095785440615
5941,0.6121134020618557,6.001463866632404,22.050088038321576,0.0
5942,10.49510821227394,14.837158241413562,14.763963844161992,71.17210070160958
5943,62.1500893388922,78.2457749246692,89.77432437361904,98.5605649103748
5944,1.6291951775822746,41.7943032577179,17.481359484952844,61.5363436123348
5945,0.886408404464872,337.0944741532977,29.510069997920873,2.194586686174104
5946,9.826762246117084,3.455834945196653,27.42133152027283,6.804536357571714
5947,16.4409534127844,88.04338949666322,164.34577414256177,7.142857142857142
5948,4.518724852986692,9.68356691944259,17.759566022290887,0.0
5949,56.816909294512875,64.83779603853392,390.6648110494748,99.06137184115524
5950,1.413543721236029,0.0,9.709509846948276,0.0
5951,771.4689265536723,0.0,719.7855542792989,0.0
5952,20.18111254851229,79.47353793623695,5.036457670827713,0.0
5953,16.259500542888166,80.44769853906111,53.598929407742446,0.0
5954,15.481522956326987,86.24883853370501,18.12796099587653,56.86940413707935
5955,55.361018665894946,70.24083624976976,482.5441824616748,97.25158562367865
5956,45.23344576602166,89.42037405269,151.69738053599627,98.77704609595484
5957,15.975507932090174,80.84020891681175,95.42717482216278,92.06925915413
5958,27.094904612412464,116.18724559023066,85.40793580026744,146.38447971781306
5959,13.464235624123422,75.11300529510527,2.3210931953287663,0.0
5960,16.992026395380808,75.96383001983415,8.793479336063477,67.38267569460659
5961,14.669304691916338,66.30194931086749,22.442722824058965,83.82540233877504
5962,16.846361185983827,76.04462563129161,49.03476362976531,0.0
5963,79.02986305890117,79.66497857421115,89.00670666594964,97.22367731796753
5964,7.385169618733113,70.32677097334353,22.31529300363095,0.0
5965,92.92079759385096,91.24610237186,66.44220741886238,99.54036943890382
5966,18.55860612460401,64.27348878418107,3.9497616033012806,0.0
5967,13.536995515695066,86.4495713607865,45.229997837154,0.0
5968,81.93319118692253,72.50985986405976,81.97206363270708,98.7395957193817
5969,12.754524886877828,18.000298369176907,19.405923319539482,0.0
5970,61.47317368899666,81.9449166950017,80.16834183133237,81.33802816901408
5971,82.07081393708563,48.85343968095713,68.51963017553263,88.08988764044943
5972,20.34300791556728,58.59104641581984,24.71649978745784,72.70951357687048
5973,20.089994706193753,67.05234159779614,51.64764816166929,79.71246006389777
5974,66.53501843075303,63.348416289592755,95.82519089118342,97.898493259318
5975,21.888581588305016,76.76404494382024,20.923491245696887,95.56313993174061
5976,71.68634439741591,96.73881353343792,96.75007578837536,97.51056834194458
5977,110.86807928913191,71.48041692070957,9.981818855556124,97.60589318600368
5978,12.365747460087082,93.94242478165384,10.313465415931343,95.9943800894598
5979,0.6254114549045424,1160.9269162210342,13.570801246630552,24.11732753938077
5980,63.18076477404403,76.19622475856015,96.5965615988532,97.68558951965065
5981,15.576062639821028,58.25667873568842,9.60236331997899,65.09245377311345
5982,2.311589613679544,30.09164293951363,18.11962138965796,7.142857142857142
5983,62.87967289719626,89.58950486669488,94.37826824465286,96.86575990538144
5984,7.421036491873659,14.565307304160822,24.793558249246946,69.46448087431693
5985,21.42129393785023,83.96326272019255,104.25586771736084,99.28335170893054
5986,77.22630352983336,95.14035660080285,89.35963089232006,99.17880384257825
5987,15.5288192501399,32.04594969300854,18.83544495291402,70.04074630066481
5988,42.02035721144613,57.78516754295301,102.09732772855644,94.3965344350407
5989,39.44572748267898,86.15415019762845,51.59612846458421,702.8735632183908
5990,3.144048764837985,78.10175832398055,5.829566604626422,78.25003892262183
5991,20.005299417064123,83.62787576119462,147.65663535634062,87.71219984167473
5992,12.606232294617564,43.66316298175667,42.08009817969997,94.4206008583691
5993,175.2007136485281,78.48522679983354,446.95539614105934,0.0
5994,13.446100917431192,59.13301956898687,35.11008292979396,0.49857549857549854
5995,22.095959595959595,77.2048016135977,65.70388937638587,0.0
5996,2.867622540846949,86.16907437132156,1.7897656560415938,0.0
5997,20.615303707599264,77.81880139686831,61.752679529057644,84.01418926650646
5998,81.00717274357442,77.40813549070013,53.52153997017852,90.09345794392523
5999,66.68826260662996,69.51887811397579,240.3769599731965,99.89835014465557
6000,8.157189639773742,69.25350693445664,1.552904484791032,7.142857142857142
6001,12.180052956751986,185.88235294117644,54.53999732011254,57.25806451612904
6002,27.253012048192772,60.73774393146121,2.515053012121381,292.4157303370786
6003,3.533458411507192,65.19508841795857,18.510727990781355,0.0
6004,15.083952656206993,76.89434568291983,12.787962797941162,7.142857142857142
6005,6.543471675249925,89.20579104969644,23.685718726241845,0.0
6006,0.36569148936170215,69.9283947883217,168.03321853475265,80.60261038600389
6007,2.186154355746936,68.9876030392549,25.956296196168804,0.0
6008,23.14399601395117,80.81236004030595,170.17484646785152,0.0
6009,11.095100864553315,26.05436266108046,12.693521415913208,0.0
6010,66.97843595739154,83.125,96.06165187921819,94.14364640883977
6011,3.2308657465495614,46.69163545568036,20.025284264256562,0.0
6012,17.558711086837793,84.5051819467661,156.39015345501502,89.97416391560212
6013,14.210233592880977,72.2002531730651,0.7034744989827981,0.0
6014,9.230306674684305,23.151395848246253,23.540834148293612,55.26737111751521
6015,73.85311664266612,52.94117647058824,86.77567552112193,96.68542839274546
6016,9.716125256072578,75.8002357589274,16.727444073105996,0.0
6017,6.013745704467354,73.84949267436481,20.312751708999407,0.0
6018,18.837148118916076,76.31690817007116,16.694396698327022,0.0
6019,13.865905848787447,23.84685175104338,28.935052507239366,14.92082825822168
6020,3.3610755441741356,29.5981941309255,21.103157303814292,63.41974338832155
6021,16.556108347153124,64.68669684081244,7.092021594309347,65.09245377311345
6022,0.685378590078329,86.23844496451925,18.647276243663036,0.0
6023,3.515500159795462,81.88851990221853,23.797561015110062,65.91020009760858
6024,68.83276115743011,88.33965050455329,97.11309185118013,98.38611449451888
6025,20.927187008905186,67.46969696969697,269.946221341636,409.8540145985401
6026,15.101237345331834,9.572666801048173,19.7030459394221,75.86385625431929
6027,2.311589613679544,28.638881775768088,22.784754156162833,0.0
6028,27.309142318567385,1154.678602965805,447.50917751826256,99.67451176765148
6029,1.3721006207121855,3.408856848609671,25.165562822338682,69.33713784021072
6030,60.66556164732882,196.90387016229707,548.2160895007402,94.4206008583691
6031,12.946943483275664,6.973551091198159,18.714424739066235,59.9942726231386
6032,4.319281271596406,29.069264069264065,33.16505537001231,21.073446327683616
6033,86.30714602751887,76.65985923107927,169.39165019440344,99.85848029610277
6034,15.339315759955133,51.0335497835498,305.4725259419179,14.040816326530612
6035,13.767495001428163,279.2510005717553,37.832999809947594,56.5068493150685
6036,0.16233766233766234,81.05939004815407,17.683465664008395,0.0
6037,11.528534556925724,228.1002913025384,25.055209401451812,0.0
6038,115.02849002849003,54.090909090909115,42.48900732844768,497.008547008547
6039,26.149706457925635,87.2474244618524,190.37267327174047,92.31446333278319
6040,28.96470588235294,43.81818181818182,1041.8258450644862,1.7479970866715222
6041,12.79707495429616,69.86096803302908,57.352527272322284,96.41873278236915
6042,17.557455905932656,72.91804362194316,65.3731189115343,0.0
6043,9.529517530716213,16.050830889540556,32.40969566728818,40.855207451312445
6044,13.792118789263277,7.499444320960218,19.32763124743075,56.775990099009896
6045,12.340301974448316,80.45442778810627,14.620429029720341,82.49373433583959
6046,13.767495001428163,91.31387185639385,51.21098459477561,25.179211469534053
6047,4.548267326732673,28.77348139044942,12.728593053190885,7.142857142857142
6048,20.53171887338773,45.61341571050309,141.00042851021274,252.77777777777777
6049,22.6492441711504,83.46570897991418,66.78842377790882,81.38078102092496
6050,18.213149522799576,7.654345284954338,4.3010221174856405,0.0
6051,88.504248025041,88.91928094581205,468.3704556857897,99.7775876817793
6052,15.952115812917594,19.63174672969111,21.037632331349982,56.856084002470666
6053,59.596482152095184,72.33814874264313,202.6128864538813,86.02150537634408
6054,10.136906495776289,46.520420902443384,14.428382165770973,96.20991253644316
6055,0.390497884803124,62.440311192929755,30.073872773160254,0.0
6056,16.62162162162162,75.94810731868183,28.762500769562298,0.0
6057,62.002709693311985,66.47383627608349,508.459519694887,99.89272157121637
6058,6.271344303011488,56.354449592586676,22.254960292235605,76.21722846441948
6059,12.655719139297847,59.73119883331677,20.574548001455746,0.0
6060,88.80274865650604,88.97507120002814,72.52923267286434,99.23244026068066
6061,25.45679012345679,76.08934169278997,70.17862451020133,160.1489757914339
6062,15.0295524908528,20.346235795454536,36.48998646820027,35.946813388353966
6063,20.719537815126053,41.816493627078586,19.864250236714888,61.37683162842135
6064,3.2371794871794877,81.69708690922278,17.51728371741594,80.1534308850689
6065,8.102472445635984,75.95004651828526,54.42026993526468,96.7005076142132
6066,30.84510199506837,77.8620855028775,126.73496905718717,98.45971563981043
6067,4.340937896070976,17.748180269474982,16.865468207661028,76.008930104757
6068,23.33671914677501,78.34788162657014,68.8758850973229,81.79567370341412
6069,15.733406173176729,46.5862008426966,19.779604385008128,0.0
6070,6.24223602484472,66.26630029806259,25.060637814112596,79.87611639297033
6071,6.907184705519581,37.31427174975562,29.834100046134587,13.392857142857142
6072,18.32141911570029,49.402442926241704,188.7758413607504,0.0
6073,15.664297430289775,56.618617570228565,34.43846262462889,98.65005192107996
6074,13.850879642557945,76.62206376037538,0.21079520983479813,7.142857142857142
6075,81.94858684845903,5.882352941176472,77.25877496123886,79.92424242424242
6076,67.7983278439321,83.82352941176471,95.30358349132946,95.39930555555556
6077,36.937857726901065,68.12367477161486,118.96391531637023,99.90565353073518
6078,3.894080996884735,32.38884045335661,17.21355271097997,0.0
6079,63.82009678337604,86.57416454954074,91.4941657178246,96.88051795173631
6080,18.581445523193096,59.45159106296547,9.173687418658679,72.873786407767
6081,28.434684684684687,93.25096809883829,93.19081172796145,91.65354330708662
6082,17.760828112231,74.39445365834844,45.86426726878367,83.43609200853687
6083,28.354002254791432,89.94117647058823,88.96512529062258,63.19444444444444
6084,2.4916943521594686,65.29171824096915,11.618593698158973,0.0
6085,9.291384886798,54.36211136681559,21.105529669914976,0.0
6086,10.308972073677957,3.034379671150972,15.227906654331486,65.37794299876084
6087,10.709117221418236,59.285001327802355,24.14004202727662,0.0
6088,3.6388602814967386,175.03078594712062,0.6161768351992197,25.25414660246121
6089,15.834959576247561,47.43678826481374,351.9812191628203,47.36286919831223
6090,11.127465410656463,102.96418732782362,42.911946780005536,26.00635593220339
6091,11.725146198830409,59.248685199098425,23.320824911538686,56.00000000000001
6092,3.4258307639602603,44.64347491831636,26.24892526803838,46.1449498843485
6093,7.078313253012049,15.356352804608283,4.880485136420649,0.0
6094,56.22734522256053,42.00879765395894,835.8138424821002,546.7592592592592
6095,0.5800837898807605,69.56854435222792,2.950810702823484,0.0
6096,64.79224376731302,47.820567075751164,67.32659467177355,92.17134416543574
6097,1.1534764498558154,86.38298912246594,16.917102070924805,0.0
6098,2.730602730602731,67.97171042494114,31.243792221736193,0.0
6099,3.139717425431711,82.43794094591064,190.62007606841703,98.92915980230642
6100,22.213817448310643,36.34694749738808,84.06355405609065,0.0
6101,0.22639068564036222,78.13357374604182,8.613003546091806,97.19827586206897
6102,34.01069518716577,78.64220153992059,15.643635086459584,99.05385735080058
6103,20.836540928919682,81.01178006910249,50.4653499329076,0.0
6104,17.11445459430414,87.58912541188009,69.76591261871621,0.0
6105,0.6333333333333333,85.37963908750426,25.990029603054953,2.64808362369338
6106,17.174211248285324,31.66720490876797,15.839764848111315,78.05529374803645
6107,180.57620817843866,0.0,1421.382842509603,1738.157894736842
6108,2.527646129541864,33.79002053884259,28.754772819684995,0.0
6109,19.64053138838239,79.112862653027,78.2045588327566,0.0
6110,21.501272264631044,74.64330301408954,17.019862243338412,96.09609609609609
6111,3.523489932885906,4.655870445344105,22.69032668784847,0.0
6112,13.42127903642099,80.60438331656043,24.614153727937534,62.12039045553145
6113,36.76982988317278,66.04198110570742,38.54285855361686,0.0
6114,33.22273833222738,78.68806352882787,29.650105477558757,18.160515524311656
6115,22.29086229086229,92.29577743826937,8.291959811478558,96.09514758497316
6116,13.000564015792444,27.41409303943842,170.700799382431,0.0
6117,15.641235985780694,79.01852500238724,68.8311150565977,0.0
6118,20.279904937945602,12.600855177542316,19.549839431762454,64.49809402795425
6119,56.195589088798606,0.0,1308.6907216494844,813.0718954248366
6120,0.0973393900064893,27.410324722962294,20.107452171359423,0.0
6121,67.95259707513867,97.64705882352942,82.64615431786476,80.65693430656934
6122,1.3767629281396911,850.2272727272729,28.978848844633443,0.28551034975017847
6123,61.7198163543864,80.17360586262687,267.7302352350608,99.05385735080058
6124,6.503561474140601,0.08717310087172109,27.164294842636515,16.247002398081534
6125,73.20261437908496,84.25271788864893,87.10436758611195,99.66848064052041
6126,18.272874932322686,56.62626262626262,24.045097309485755,196.60297239915076
6127,8.376327769347498,2.317370129870131,30.68080458975599,5.9259259259259265
6128,21.140081799591,83.680657974776,68.53639707983321,0.0
6129,62.251262251262254,83.4463468384472,93.80488798931343,97.5462962962963
6130,21.601016518424395,86.27017762884114,45.98610085736205,97.31404958677686
6131,13.890473474044496,10.495049504950488,29.483679525222556,465.587044534413
6132,56.6043044028696,5.564253699269366,565.8458437070042,97.8441127694859
6133,38.75025360113613,83.72588876394775,63.19220884620586,20.308043354249858
6134,268.6202686202686,19.848484848484862,1404.0506329113923,4133.333333333334
6135,3.081861958266453,82.42497261774369,8.34470500229905,38.64734299516908
6136,28.306815483258134,10.697314049586765,307.1447072578469,55.791139240506325
6137,39.5453654712914,74.6840301213589,30.68943678834029,98.45788849347569
6138,73.62571599555442,86.20215760392102,46.5981701815322,99.85924642702469
6139,5.164463572087304,76.76404494382024,21.847052920808423,0.0
6140,6.059683313032886,51.896214637363705,27.958192779996992,0.0
6141,12.770875469517481,76.16458704693999,3.709403754427764,68.42937853107345
6142,29.081512802443033,77.38784292630446,187.73273133777587,91.53948643410853
6143,21.018945212493602,3.4030591012934632,2.9325974425317622,0.0
6144,66.1509137795717,73.96495071193866,317.32708503626554,88.23678006062647
6145,20.17451084082496,74.34643464346435,30.565051767923414,22.867194371152156
6146,13.922991071428573,78.48751633619622,46.66432512667259,0.0
6147,5.479023168440826,62.2041166380789,23.757381313678717,499.57081545064375
6148,6.173965936739659,68.05907937658573,26.13847203741327,7.142857142857142
6149,18.837148118916076,70.2660999593205,3.9675974885133685,0.0
6150,3.8535031847133756,16.058292852185996,4.685325843433395,40.95519864750634
6151,15.45785494259311,62.30534225084634,76.48949430863966,55.39488320355951
6152,783.9541547277937,0.0,724.3399184697396,45.83333333333333
6153,17.648663393344243,64.57680250783699,20.881338569233403,555.868544600939
6154,8.456973293768547,77.1525692397095,16.05337123505563,0.0
6155,1.845370664969774,7.906275691970385,24.438892450058386,7.142857142857142
6156,12.033799533799534,79.8225092922866,40.099815700347534,86.87770054480556
6157,18.40782861676805,85.16510155393928,156.09161290622723,0.0
6158,5.122564424890006,31.22496147919876,22.207118022421195,64.64186281953936
6159,10.501885697708152,31.682320176702234,17.05962046162679,0.0
6160,14.813769751693002,71.85973681833238,5.7303800298600125,69.54436450839329
6161,13.047235023041475,54.090909090909115,19.35638365987963,398.92857142857144
6162,11.982507288629737,80.47577313133843,7.516153392147914,65.63345633456335
6163,17.777185501066096,88.32284617982333,11.21549023469798,0.0
6164,23.102394294447272,78.21916874548452,168.8473542869041,87.73270108886547
6165,72.29512709920162,73.11977163699798,296.6740461917375,68.86561176732783
6166,14.920022062879207,85.36110050543616,149.0514277019241,7.142857142857142
6167,6.93815987933635,54.96907934848881,26.192599185786264,7.142857142857142
6168,3.730867346938776,73.179579041648,18.01782493877717,67.0363378952336
6169,2.895813660686182,23.814779250686936,22.051366825429618,0.0
6170,64.87492728330425,72.86026200873363,287.9045092838196,22.51802551303383
6171,81.95115024140868,65.42617046818728,67.77157426438067,81.33802816901408
6172,11.127465410656463,71.24765751884397,26.248883891663084,88.05676669231427
6173,59.67138658829816,82.18878682293318,284.63631720086823,44.717055797388205
6174,9.874379199532573,85.14026795996884,24.0848819498523,0.0
6175,15.130674002751032,72.10185730251764,152.83012631876474,0.0
6176,23.004335628666155,78.88554560367741,178.8799065137225,87.81296344761407
6177,72.66040411201702,48.52304835973879,135.8892478967146,99.72073039742213
6178,86.0513608428446,68.87969878402568,83.5583499944925,99.6262604893872
6179,66.76255230125523,37.87068546426835,80.26299063929369,92.4929178470255
6180,9.7953216374269,50.81028522039759,21.785233300746643,0.0
6181,16.556108347153124,86.83557189311466,10.617967104030427,66.0427807486631
6182,2.970627503337784,27.367457344985418,21.84426207803142,0.0
6183,16.85486091985679,47.01895551257253,98.76489858507003,21.560920830993823
6184,12.50709018718094,83.07193096053423,167.20637645359977,0.0
6185,77.43653470619563,94.21485011915213,87.21317354496887,97.1164309031556
6186,12.238372093023257,14.663892445582597,29.140579888490265,13.498452012383902
6187,3.515500159795462,81.88851990221853,23.797561015110062,65.91020009760858
6188,17.733333333333334,81.10865353956245,74.70739873240913,0.0
6189,25.36464771322621,73.8983155808769,48.858527360832056,72.45662460567823
6190,17.083218895907716,70.08863336926578,11.117962963944695,91.45565749235473
6191,16.463579745464394,88.20678902503093,3.8463150828128927,0.0
6192,14.16249304396216,67.61000483763166,18.887552947008434,99.6537949400799
6193,7.8003586371787215,57.32677902621719,23.0035037720597,0.0
6194,67.309670781893,80.43901384083046,96.22255639635037,96.12289685442576
6195,61.17041800643087,48.2851011772256,78.46249566552731,75.84716459197787
6196,11.781527023162711,34.50649922890505,20.07661414023983,94.4206008583691
6197,113.81019830028329,76.84182869153969,42.380050198364486,391.90140845070425
6198,56.9145140573712,78.95598194130926,334.47981767536083,22.51802551303383
6199,9.97957397140356,43.5720319660305,132.90939013217098,0.0
6200,5.21193092621664,1.8529980657640346,28.559087448512816,9.055425448868073
6201,25.537050446536323,54.96907934848881,31.87587805999201,95.7095709570957
6202,1.4043109079033311,40.265227730016456,6.779183324790708,16.79571173317451
6203,71.82442917313234,81.67420814479638,94.45600132472659,97.1853425385024
6204,6.125621890547263,7.331296154825577,15.297107090586373,82.49373433583959
6205,0.5662891405729514,31.349757113115885,22.34992099755545,88.78181964185336
6206,13.29398538504778,39.672009253139436,19.97665356528728,0.0
6207,3.3218426825446565,79.3298150039723,19.34548666652892,0.0
6208,3.3847184986595176,0.8221430528912197,16.005624842167112,0.0
6209,13.742857142857142,73.975962650914,3.789704713490203,67.7962194559705
6210,1.4468924695823742,78.23329737126016,9.486486067238472,7.142857142857142
6211,23.315933383047476,6.907231345433614,2.4228582414104536,98.22888283378747
6212,17.645488521089163,73.6970613656007,7.340418320905726,0.0
6213,20.428166107815322,78.27043436359108,69.2959865573536,0.0
6214,17.579481699171787,78.92817801277815,166.56843929106208,0.0
6215,4.0472175379426645,32.4763244838979,19.287689003141455,0.0
6216,22.009816584861795,77.71398369072789,51.346436806851855,81.2104909213181
6217,10.627590290112494,66.3817866161616,23.28747459267797,89.62418300653596
6218,55.007451564828614,19.848484848484862,870.6666666666665,515.4185022026431
6219,64.89919911626623,29.557608167233834,84.81368812682713,93.25699745547074
6220,8.456973293768547,29.80805243445695,15.110379068330968,7.142857142857142
6221,7.859949982136477,34.68210286581895,24.25429841140114,18.731820826061664
6222,9.093646492020476,80.04143044047099,21.927711913161062,78.37126490168757
6223,18.922470433639948,85.60836117015891,52.89914742393793,0.0
6224,3.7813681677552426,0.1265822784810181,30.725138754519065,8.126934984520123
6225,74.67782976278421,47.71362611062281,136.33519332437834,99.54608938547486
6226,4.901356350184957,72.52474347893535,15.388919423361749,0.0
6227,67.0827998292787,19.198021484883878,307.2018401452822,99.95426400225162
6228,20.085636434410276,92.1132643184783,112.04472140853854,99.48269001193792
6229,9.05070754716981,328.9507906783186,20.28965386389775,0.0
6230,14.717514124293785,3.5919804101622312,15.509438246559634,64.33495021700281
6231,7.0791012619267475,37.66808712121212,19.984406060767096,60.07430694484138
6232,21.908949818934296,69.94634108406564,30.859735050312874,48.933901918976545
6233,81.8945868945869,3.095975232198149,64.00134839035901,83.17460317460318
6234,48.96185417672622,79.79073488236791,17.076161851830687,93.92523364485982
6235,757.6704545454546,64.44055944055944,1892.1916167664676,4265.625
6236,4.139358399448086,17.674134108112245,22.504984915960364,79.3037037037037
6237,4.9433249370277075,46.36123629963465,15.985524479139738,68.65604666816245
6238,12.946943483275664,6.973551091198159,18.714424739066235,59.9942726231386
6239,175.2007136485281,0.0,2373.0197554092188,84.52380952380952
6240,22.39074550128535,40.33206314643439,29.033389458970042,146.38447971781306
6241,32.111535866876544,87.73405698778834,40.80185085912592,80.0257731958763
6242,65.70487333863456,85.72007802257538,193.28162881754113,71.67477696674777
6243,16.14569176406632,67.56728219079385,11.824189373509812,0.0
6244,3.144048764837985,77.72785299806576,0.261899308543271,80.69908814589665
6245,51.284016864699126,343.3823529411765,0.25319073083779964,92.03007518796993
6246,6.232782369146006,18.96404004797924,25.319163783852915,0.0
6247,12.630982724440667,68.10964034682677,19.787947950316294,7.142857142857142
6248,18.837148118916076,91.05240253182848,27.71770644771691,98.06835066864784
6249,0.45175863181671505,49.73859706179602,7.167660937559176,0.0
6250,62.97698805709292,70.75630252100841,95.65275798900875,92.69972451790633
6251,7.647598654022637,75.08446883774052,23.668820393974528,88.05676669231427
6252,7.678883071553229,43.394854370181584,10.088769852708838,7.142857142857142
6253,5.47008547008547,8.531478509006607,28.021497677468343,7.142857142857142
6254,15.083952656206993,80.45137240421299,26.026145128417262,0.0
6255,5.685723211496407,24.145906699708735,22.815190386002527,63.92977020397625
6256,83.15663927908827,80.00333277787036,84.63565434449262,99.34575978274287
6257,78.59909075601954,77.40573152337859,92.7957930071749,99.32007697241822
6258,17.037647705413576,90.59173357121617,18.813644292482614,87.05162665678006
6259,11.205882352941178,64.13727177134119,33.40664275163536,59.111617312072894
6260,0.7080785323463148,13.65016702095353,7.8949811765654045,0.0
6261,16.823941763278512,82.88595882199145,169.59026850541528,7.142857142857142
6262,10.095294818344252,729.7202797202794,13.074335691800862,63.76134889753566
6263,38.135245901639344,46.97947214076246,156.27045532351931,38.45391476709614
6264,0.6196999347684279,38.78857347710829,26.133352634603025,0.0
6265,7.717618905174993,76.27916313135827,0.29975745693540873,7.142857142857142
6266,79.2014400261823,87.65877299768013,87.67479245842986,98.66330390920555
6267,35.90233545647558,24.19260591077648,255.2613660632404,38.322295805739515
6268,8.348187759952467,86.14824466404946,15.630653979069203,7.142857142857142
6269,1.8849528761780956,71.46464646464646,15.801656288760546,79.65928945835759
6270,6.741233373639662,53.82688016286259,3.435842640467176,0.0
6271,17.128740049409828,75.51097396396467,49.028419304817994,79.65928945835759
6272,6.993222427603205,88.24228223110704,17.436972921943735,56.775990099009896
6273,6.173965936739659,34.52859324477659,25.819689756965037,0.0
6274,6.489471867449086,83.58921259602403,24.90010307919108,0.0
6275,19.14836636314944,88.49888095491846,29.651562377633333,38.45391476709614
6276,7.0791012619267475,83.10230239734156,118.47314884897261,11.76
6277,10.34582970066841,50.35999847518846,36.400949039031296,0.0
6278,2.7734005672864797,50.97899777177264,21.712433442776476,0.0
6279,9.34469585659712,91.05555954418,8.673417094606945,0.0
6280,18.22860238353196,68.62476439031462,41.209088836852686,75.65353781805507
6281,12.365747460087082,586.6306184521798,23.799298631939067,71.23738933498043
6282,5.977327378907591,83.53461234681139,180.7190827940802,96.51474530831099
6283,21.640843281686564,74.47565543071161,0.1748306894440013,90.9090909090909
6284,6.486814186117005,16.426537672595927,17.599427903432762,0.0
6285,17.491307836319873,84.30385217115412,43.670469922587415,0.0
6286,15.107319757842596,69.90228192078114,23.817219397896285,0.0
6287,1.56504727746984,33.2939565142955,26.028391998618556,87.68620537681798
6288,799.4169096209912,0.0,477.3586977609071,0.0
6289,16.4409534127844,88.04338949666322,164.34577414256177,7.142857142857142
6290,56.1041548093341,3.958678700804315,305.8737131715674,99.08707865168539
6291,38.36259697835852,73.79241231209734,64.9341306909948,39.97995991983968
6292,71.34160090191656,79.5404411764706,80.33451110146274,97.1164309031556
6293,35.78345070422535,65.65185331201496,96.01795273760564,0.0
6294,68.43020367610532,75.61136814276273,93.8863603835695,89.0495867768595
6295,8.98402170636117,64.10978606100558,23.78373509740321,53.89438943894389
6296,40.32863849765258,291.08159392789383,43.55139016883727,95.29724933451642
6297,2.9572484731597557,24.43860742587481,14.931232331342741,70.85940759282437
6298,9.312105737458696,74.49033294554319,6.412619677920207,78.36456558773425
6299,41.39437689969605,31.394945060396374,210.51633097762218,98.85361552028219
6300,20.978483606557376,84.94826880198374,167.3731545309482,7.142857142857142
6301,67.51022494887525,89.71374646115132,85.69287306237949,90.61946902654867
6302,0.0,43.8493244790474,21.353791865540728,79.2267657992565
6303,14.305555555555555,81.37053482911939,32.758374313525714,0.0
6304,13.12230215827338,86.705338325865,20.507795412811845,70.06000857265323
6305,33.384819064430715,84.80226485675661,186.1238488066576,91.6547192353644
6306,9.093646492020476,74.70368444993176,7.681309639933853,86.89124519095431
6307,22.846920521339126,83.33780160857908,157.25698497904384,90.47391749062393
6308,31.088792513124858,73.02750582750582,31.550156543519098,2.645113886847906
6309,20.098420098420096,70.80412836880043,29.82655856852661,0.0
6310,16.877753303964756,73.38074906282206,28.50161127160095,83.50259801606046
6311,21.989664082687337,5.061983471074391,277.7059602649007,66.80921834164884
6312,2.9572484731597557,36.271864459957655,19.437792000226644,61.18366212836899
6313,9.257589419897807,666.6962305986697,2.8324211968395994,69.80112408127972
6314,2.7990669776741086,88.13391338820902,15.13454552889355,0.0
6315,6.373292867981791,28.80705594294743,13.361169069714993,0.0
6316,13.346727898966703,81.6145181476846,46.61758996404142,78.10001567643832
6317,24.596122778675284,76.87964671026887,40.79332384983735,95.56313993174061
6318,11.982507288629737,88.79235328623714,124.14484989213092,82.00901481004507
6319,28.81864328564836,47.38234815176682,583.9765188874578,99.50832072617246
6320,22.470467385721623,90.52995174249241,2.8020743752117365,85.0203731503324
6321,4.103201740752254,73.78767806617273,2.7962072288982225,96.7005076142132
6322,23.588964819033155,87.5408837892433,63.079996407078085,81.99742268041237
6323,9.038867128653209,19.848484848484862,27.03058254821685,4.487658937920718
6324,14.184195565662309,75.57143863108232,19.691833658205272,56.84275563793636
6325,2.1658206429780034,80.31734669529945,29.76030074778322,10.08668242710796
6326,83.47848693617574,91.63286004056795,84.99444361896691,97.41337237676916
6327,12.233285917496444,73.75987006821543,2.87664566796463,7.142857142857142
6328,8.862629246676514,70.27211835827622,25.397574946022743,0.0
6329,2.187698161065314,57.33777899576749,4.969451186277807,0.0
6330,1.876590330788804,5.476078399268691,26.373414764246377,0.0
6331,7.772795216741405,60.99875156054932,14.171227773919167,0.0
6332,30.388841927303467,0.0,104.33062575990037,7.142857142857142
6333,5.541947336191059,80.8289486459631,2.0274199292114674,0.0
6334,12.902315076228119,54.49425296257006,12.07937315263181,43.47826086956522
6335,12.581467837914422,64.5197768368175,148.5598849892719,0.0
6336,22.39074550128535,81.44974201295874,50.997847901320405,89.35862279098112
6337,9.636789689513767,59.9895566509166,24.36099554040611,0.0
6338,11.756292906178489,16.481596496841284,20.62471590059911,0.0
6339,9.211300765155976,78.49101345211976,49.931038345837095,0.0
6340,5.940934065934066,92.40241251569053,33.51020274219205,96.85990338164251
6341,0.33233632436025257,15.50429669832655,13.0134206928294,62.35516033414174
6342,20.775552131484336,72.73331804631967,27.588128912653616,96.20991253644316
6343,14.524348810872025,4.833262531860658,23.293604918069583,69.2087282345162
6344,8.456973293768547,24.69306415109457,19.41587934168836,0.0
6345,15.710382513661203,78.02602779064829,20.818577827573577,0.0
6346,19.028871391076116,79.25811023174411,73.10008865379403,7.142857142857142
6347,3.005008347245409,3.900612039828249,16.080132858341376,7.142857142857142
6348,62.082338902147974,38.23529411764706,88.85718012260337,97.10224166211044
6349,6.543471675249925,72.61888471616163,29.688271051388504,0.0
6350,64.87980105001382,21.464744838332688,77.45953530855199,95.2209197475203
6351,83.37257980115123,83.62644026682838,65.4214786832164,89.90476190476191
6352,14.184195565662309,87.0521643383112,293.3433679209901,23.51900972590628
6353,20.65329218106996,6.8729790783859475,4.432083623474869,0.0
6354,5.887736424649177,33.874416444922694,14.822269667600526,0.0
6355,4.5777915248994745,85.75815556641156,16.82768831868865,0.0
6356,3.924011211460604,70.21031403053874,16.543076089230055,0.0
6357,52.71577380952381,90.4109078716984,89.3524629077505,96.262341325811
6358,29.6625626994984,67.06922469362277,213.757002517421,98.28947368421052
6359,9.448110377924415,81.37002205967723,41.79885449087458,89.45739944155157
6360,7.267037552155772,10.267653238330157,41.20744914074111,0.0
6361,78.19897084048027,84.54913444147792,88.44752929045902,99.1575266253378
6362,11.17189749496113,77.42351592598233,112.56267287330954,0.0
6363,12.391178177597215,70.91156874621441,2.070418238173352,70.06000857265323
6364,18.730242360379346,71.60286169234558,18.759086748503766,0.0
6365,8.727810650887575,37.05187535364969,19.953704404447702,7.142857142857142
6366,32.47975486977457,89.68296025963097,133.33143906365166,99.45697577276525
6367,9.424544920728128,52.77244907280534,45.31428901430386,0.0
6368,13.767495001428163,64.86189866471557,48.387807130980946,29.35185185185185
6369,2.6756931012250162,11.377945564147828,23.86607223182957,63.18840579710145
6370,15.710382513661203,48.65792759051187,23.989963204526937,98.15078236130867
6371,14.813769751693002,60.94573182808477,24.317429432847053,19.85083189902467
6372,9.424544920728128,22.465621331544494,22.97995209574063,0.0
6373,14.305555555555555,84.55287632032993,4.756183515288736,0.0
6374,61.77199504337051,84.7378277153558,353.0444834513103,99.20440636474909
6375,0.7340674007340674,27.903774078270715,16.554659954462043,62.77644551025846
6376,55.01603966170895,25.893558977204435,843.0318593933905,94.86166007905138
6377,34.42658557775847,58.19756001574184,22.524256706474358,523.6607142857143
6378,582.5221238938053,0.0,1290.4528745272717,8.333333333333332
6379,61.2381823726746,86.22408116045209,95.89268296013418,96.91501746216531
6380,0.12982797792924375,128.9931554559496,6.5731431388891535,0.0
6381,7.335788827501534,9.676842222967688,12.095024159226915,67.90719044337239
6382,14.548542315312766,23.01375095492746,18.087552813155426,54.569105691056905
6383,30.66497246929267,79.09644194756554,8.335490622722808,95.56313993174061
6384,18.494055482166445,63.3588849216905,48.983430790590994,7.142857142857142
6385,18.126326963906582,78.84378726049336,17.94567513455958,0.0
6386,21.29822732012513,79.41897575349533,76.40193648514048,86.57505285412263
6387,23.414510400811768,80.06209533906326,61.888548174051586,76.11557531201915
6388,0.548033526756931,27.31089942264627,18.513000532239648,7.142857142857142
6389,33.5987946620749,67.77484990084317,79.6001761123227,99.43057380639509
6390,6.85833044683062,79.51388888888886,21.931928241554953,7.142857142857142
6391,19.113791295228108,69.36028408069681,17.96229199677045,7.142857142857142
6392,4.896293777626657,80.36398164266497,27.5148501933847,0.0
6393,61.63178647255081,96.5675057208238,92.44801695250302,98.00055540127742
6394,15.317046390337632,48.00596476626439,437.4100068389374,98.95498392282958
6395,1.4043109079033311,80.83560557714992,21.06227210520222,81.78855429539826
6396,7.329528386902974,82.85034724182711,52.617857035868866,0.0
6397,14.330306469920545,76.47960720525333,23.583610053881753,77.8464954012052
6398,15.62325321408608,25.555555555555554,17.86174338222897,562.085308056872
6399,14.184195565662309,77.96950066639803,12.278729398050707,62.47649744829439
6400,84.06469408224673,89.64537514469116,80.88908165024394,96.78398058252428
6401,65.68206229860365,70.03299447119674,136.13903914497746,0.0
6402,17.995746943115364,30.845371856607823,1.3415139263838831,95.27272727272728
6403,6.45272601794341,67.5529233444644,18.1743416384063,0.0
6404,8.727810650887575,29332.209737827947,20.738851963983752,0.0
6405,11.982507288629737,79.09015565902686,24.828226036085006,87.68620537681798
6406,16.008712224339778,62.999318617296154,185.44727729077616,0.0
6407,1.500815660685155,4.42900919305414,33.66325713777461,17.69165964616681
6408,14.789726220716906,0.8870581473320623,19.420398613739597,77.38750404661702
6409,3.5636136292591436,20.45348719506024,12.489181926429161,97.25158562367865
6410,33.741408934707906,60.70296744454049,29.12456270066957,99.02475618904725
6411,58.36755646817249,41.21856607811666,478.25871131938095,84.33734939759037
6412,15.92871066555277,73.23259771629337,0.2126177795985347,67.78136531365314
6413,2.8948214860083628,16.783649212977867,24.570375984972408,69.55100261551874
6414,42.66864895000929,31.571113031787192,9.517719008203128,99.2965367965368
6415,15.101237345331834,23.313564348047112,22.747747290144975,66.2070633768747
6416,45.8628841607565,61.14601813522571,20.74152292190167,97.8441127694859
6417,60.90482828538841,82.56968172358124,317.27903916422684,99.16879795396419
6418,16.576527852893456,82.49048043609575,97.65156917631931,99.75768872320596
6419,10.812373518357907,93.63295880149809,72.92819623009648,95.7095709570957
6420,26.257938446507083,67.49871597329225,32.35608098982951,101.00719424460432
6421,1.6932595245848256,17.460686703266017,22.758960223829185,85.13197105151129
6422,21.929144039306955,84.42257912216724,186.19407126999482,91.75519357884797
6423,47.10219478737997,85.23404694915563,129.6641028908511,98.31824062095731
6424,9.556620730976633,370.1078582434515,14.064725839546574,13.013698630136986
6425,76.4455151964418,90.68868546828529,89.09149861324002,98.17994505494505
6426,18.708827404479578,45.74870504292611,20.367121833529172,0.0
6427,37.01510820743161,75.92541290130455,111.18162625570776,99.80134474327629
6428,4.825008494733265,73.17133703352738,21.79693217551383,0.0
6429,72.5782092772384,90.61702545311785,86.23399964634882,99.66848064052041
6430,56.68351586632968,20.424811451439133,646.8851610296298,94.65020576131687
6431,15.493496557000766,74.82762278561577,11.640621368942258,49.98209810239885
6432,17.8279804028307,76.24700224094775,92.4064651120477,88.47549909255899
6433,20.489690721649485,79.4187898089172,2.265962761463888,0.0
6434,2.8346456692913384,78.11868877563565,18.93194675702067,0.0
6435,25.9504537650233,84.68237619045519,122.30731258417786,91.6050718105883
6436,19.38855500391952,2.29665748003673,220.50384408042208,95.56313993174061
6437,10.812407680945348,76.68600902643455,4.042551172634838,65.63345633456335
6438,12.46738184981154,4.161497326203225,24.940825523429723,64.87301986421926
6439,7.496251874062969,80.47022897241402,4.624545638849178,7.142857142857142
6440,3.4229046705054382,19.75047984644913,24.033935271029442,65.91020009760858
6441,9.821689564454838,78.13357374604182,13.10922883823878,0.0
6442,171.73717371737175,65.75757575757576,438.255945639864,2308.620689655172
6443,12.754524886877828,36.16910915971422,21.57869436605784,0.0
6444,27.6366251198466,74.72471861925682,166.13074301978784,88.09138180888245
6445,9.953298307063632,12.145960406634579,20.235578468260236,0.0
6446,3.515500159795462,371.04914693149993,10.314953252453776,83.01726233892536
6447,118.60970311368573,0.0,813.9999999999999,2487.037037037037
6448,48.96185417672622,67.4083138650944,636.2755839221843,84.33734939759037
6449,20.823498557566218,80.37120761451517,158.94046174739697,89.38207798130273
6450,86.61541701769167,86.03687070129708,87.2690292418682,99.53005852101437
6451,13.520481237467774,57.95698924731185,27.12246291219212,9.16775032509753
6452,11.905456667639335,79.71727505231341,14.609282122339687,64.17948717948718
6453,15.36305018222596,56.36363636363636,2.8454619787408046,388.46153846153845
6454,33.66293122390683,90.3869734509699,19.082781427385047,89.27282500191967
6455,0.9819967266775778,15.48268247752205,19.749008353359923,7.142857142857142
6456,57.31655591686696,47.73524720893142,500.45092322643325,523.6607142857143
6457,8.81908788885533,34.01724969196979,23.853783897817504,58.570581257414
6458,13.371592539454808,18.049306625577827,26.414400176418706,17.678255745433116
6459,2.73840206185567,31.592787377911353,29.307622841965475,10.276172125883107
6460,15.80240174672489,28.419134159604763,24.692515240403967,0.0
6461,13.89896734579961,77.74180608490488,0.4881115555119793,0.0
6462,65.78734858681023,78.60596293311846,94.86631413337994,85.43956043956044
6463,5.397117448635388,46.59001046535496,19.708001331215584,7.142857142857142
6464,268.5782556750299,27.387640449438212,339.6479565171945,45.83333333333333
6465,12.407722884724588,58.11898182526447,16.383513390991165,0.0
6466,26.491356221085947,79.28734692976161,69.0353873907886,84.63315366846331
6467,9.291384886798,75.66402891327475,15.069218751836486,45.83333333333333
6468,12.263876780005813,88.80697837860184,22.563258355211815,58.5459940652819
6469,73.61428274859871,76.79546554226862,96.73604936339353,99.5420375010801
6470,14.861816130851663,81.69818243833365,128.76916499813925,88.22686667790325
6471,69.56653225806451,58.29588482643646,264.0147883525613,94.8876527848935
6472,2.321724709784411,36.42173195572888,21.079219534161993,0.0
6473,20.698712897294456,76.05918604981399,42.693351395518846,75.65353781805507
6474,5.362021857923497,0.0,10.246199110441253,0.0
6475,4.725138974675726,87.32165150704476,32.9340162179032,0.0
6476,1.7252604166666667,39.78778611806134,20.244057154404178,65.37794299876084
6477,4.401519949335022,79.19250200149077,22.162574836289856,83.35914234663491
6478,6.867256637168142,26.48519089197057,4.91575215979285,70.19415404309794
6479,11.699327288680902,83.45869990224828,17.996202432870618,63.33333333333333
6480,59.892710634269484,87.07456226637814,95.74167768554992,97.898493259318
6481,29.6264491197939,47.67045454545456,115.84014532243414,260.98191214470285
6482,14.257921067259588,76.29532358004896,17.697212861515244,0.0
6483,5.723098012337218,7.518586841075539,9.477373458866706,0.0
6484,20.447957839262187,81.96700735162274,26.29229406554475,40.402010050251256
6485,17.060439560439562,43.195592286501395,17.060534377787267,512.719298245614
6486,14.208581983518046,44.54545454545457,194.58728780102638,91.8956043956044
6487,68.01711122294917,94.85046543870074,96.49932827865545,97.51056834194458
6488,164.59246275197194,2639.39393939394,994.7221058929108,293.5211267605634
6489,5.182407091714968,63.06078939786806,24.713157459759447,0.0
6490,12.238372093023257,69.64073726960325,197.64090473734618,262.85714285714283
6491,6.656580937972769,89.76785044652158,51.75789354226805,7.142857142857142
6492,10.527842227378189,73.62975269240299,23.262437967679464,0.0
6493,24.51676045999511,30.34325904500565,101.38597356752597,0.0
6494,5.302402651201326,61.49732620320856,78.77411284933432,65.5844155844156
6495,20.22239462115335,85.31888360806155,197.83015996115603,0.0
6496,35.353319057815845,82.1549748108862,121.61404572252306,89.87167403755528
6497,57.532705021803345,11.948051948051932,780.1481481481482,497.008547008547
6498,4.128294696729121,69.64324520101415,21.778950241787495,83.01519756838906
6499,10.891381345926801,457.888111888112,21.962221553632194,69.71601994363755
6500,1.0583707504810775,35.114537061231616,13.29656233032184,0.0
6501,1.3721006207121855,76.79488192085934,24.936417242409668,25.093833780160857
6502,12.871572871572873,18.712459415584412,24.396058789201984,69.78806228373703
6503,19.407367859049653,2.3180007243752323,662.4812834224597,118.62284820031299
6504,12.754524886877828,24.523579863917224,15.158802491987746,0.0
6505,18.294993234100136,81.34791610751122,1.4177627210319586,69.54436450839329
6506,34.52886247877759,73.4813857070882,132.27411983587785,98.56035437430786
6507,11.905456667639335,78.09345876560577,37.58467328087583,84.1609977324263
6508,27.189048855322163,89.2583176139315,101.99085811272522,0.0
6509,60.86336530982629,33.00986050986051,237.62154623899585,42.86298568507158
6510,19.856649853995222,55.379948279291824,7.341865996278371,81.96022727272727
6511,60.89378238341969,81.10870830907427,144.12967838521502,39.83983983983984
6512,12.630982724440667,11.762195989190753,4.720097218491199,0.0
6513,1.7183288409703505,338.9256198347108,18.20519956060051,393.63957597173146
6514,4.793440555029959,72.29772780016455,4.054078815588949,84.74224552206203
6515,33.86923901393355,90.85537701107525,3.4108397361458445,99.30220075147611
6516,15.386725178277564,82.54529530582295,157.95530830294055,0.0
6517,11.680503864872602,78.75026386099502,52.289807865742134,0.0
6518,7.250384024577573,88.53721249691804,171.5344134802333,67.78879409730229
6519,17.961956521739133,70.60370422734341,29.09601325343905,38.45391476709614
6520,10.915391279237657,74.94990347942031,1.518569881680597,0.0
6521,21.400676907055455,74.45264159923846,12.735127688318757,63.381389252948885
6522,99.03225806451613,0.0,69.92931933433621,0.0
6523,13.69353916523728,62.738722234943886,22.327356427667173,248.3790523690773
6524,55.75792341890148,146.44194756554305,901.823456804935,94.4206008583691
6525,9.211300765155976,78.56704313143814,3.875117989689743,0.0
6526,18.08284652150823,70.40005725327417,213.4813774462391,92.89617486338798
6527,61.605476042314876,68.44272981557864,244.3821027940809,98.74274661508704
6528,11.725146198830409,72.31139646869984,19.4790046732084,73.51156617368221
6529,14.51925741202549,81.92526675144252,98.86406232179947,0.0
6530,1.0812581913499346,73.53505576820183,19.9646119788416,0.0
6531,15.315568022440393,73.59361641493302,6.137363592467403,82.54622688655672
6532,37.75257731958763,85.63601297448935,78.10078352244439,66.507747318236
6533,23.430131546289402,29.92541411085546,109.63707147920998,0.0
6534,48.100395392814164,77.61620365365907,36.299849745587544,61.788840262582056
6535,19.535732916014606,65.30136201928042,44.85901265294563,0.0
6536,68.43804320834369,83.62886867761566,96.56676599708102,98.14814814814815
6537,23.569620253164558,584.8484848484849,24.858440084319774,591.5841584158417
6538,81.59038238702202,87.36017502381877,65.7669498317038,97.73407439076529
6539,64.28772127001967,89.96602251008707,96.2327150921796,97.64444444444445
6540,5.570860116314662,25.097669828881582,15.68560097476557,0.0
6541,15.083952656206993,80.00606077513376,1.2360536643177353,7.142857142857142
6542,3.484654731457801,18.854087089381203,19.10982448805227,64.03192584963955
6543,6.387596899224807,71.81585081585081,18.1045637960624,82.81884147091378
6544,85.20544756140147,86.79984258756068,85.64910385144054,99.11222780569514
6545,2.865239294710327,280.18178496391704,19.89770697616226,0.0
6546,21.929144039306955,77.18175158175158,66.12116171836739,81.92521671626342
6547,13.98860398860399,85.40696686491079,2.5377238280464103,65.81008321096427
6548,27.93029362616376,80.96006943087015,92.82970768697326,87.19875377989553
6549,72.20034995625547,89.27641853201456,84.73106544748511,97.36711376055638
6550,69.56653225806451,58.29588482643646,264.0147883525613,94.8876527848935
6551,0.8499509643674402,19.757531686644324,20.250374498142296,0.0
6552,12.89671090594345,76.47467036780013,48.31985016972959,79.039759939985
6553,1.752612066059993,240.4675324675325,15.32837055417701,397.15302491103205
6554,39.218844372860886,76.71903167653875,187.73209359354246,17.394957983193276
6555,19.261973305417428,79.64818751335605,57.76490788747947,0.0
6556,12.50709018718094,42.720844633862825,19.508928621585866,0.0
6557,58.372689245715826,29.718407546122922,835.4682374586181,94.67213114754098
6558,4.162783473128301,10.891121780593618,23.27358449317349,0.0
6559,5.973788479122219,75.17272207694347,3.047690235416035,7.142857142857142
6560,17.423413566739608,82.43683905769055,65.59259050209096,89.54888905513579
6561,1.714474118034949,78.92638145535746,15.759952591154578,0.0
6562,13.025091626726812,319.5380774032458,24.29426968093237,0.0
6563,15.45785494259311,75.88915105250983,42.58523987165106,75.83044982698962
6564,64.48728695166247,84.47058823529412,91.13460626185959,93.49693251533743
6565,34.35692033822875,79.76584022038567,35.471733966745866,1136.283185840708
6566,14.684734513274336,53.74616878765305,3.5906280146255005,0.0
6567,26.634958382877528,82.28560847327006,109.06233885625747,7.142857142857142
6568,12.313988095238097,65.91986212839294,25.023834196891194,549.7674418604652
6569,38.126754913758525,78.17787289697401,110.85988646677303,96.3172804532578
6570,13.464235624123422,65.73786787962769,15.079844425216471,7.142857142857142
6571,67.51022494887525,30.539887187751813,87.9084531280659,87.89954337899543
6572,12.720439433362243,67.48979066259521,6.9281815332539365,65.32638371804418
6573,16.092273485269594,87.13844891352002,169.33287767164347,86.99012851555224
6574,3.710065269666781,44.57873533018041,5.445748585584099,97.46046173423014
6575,6.416615003099814,36.37474367737526,19.175089299580677,58.23617339312407
6576,83.92156862745098,92.44555353901997,84.48230099501768,98.36014851485149
6577,0.33233632436025257,56.39148597573104,33.60281429150503,1.4524328249818446
6578,18.887694787748522,18.057296329453887,23.795101059162153,70.65126050420169
6579,14.037585421412302,83.60274395896423,50.74260622218376,84.00137425561154
6580,16.04560622914349,85.75324170159752,17.08208713268729,95.9943800894598
6581,19.911734164070612,74.93629458503973,27.945883553585738,99.53966005665723
6582,22.35082304526749,1.1874328037271564,8.165878586119886,78.63914373088686
6583,0.8357441337190614,88.18253498915828,18.668830115215197,0.0
6584,10.86507233540006,44.0758255197717,17.146833480765192,61.54693091109276
6585,10.992498557414887,105.50078530868672,3.41261954796638,0.0
6586,6.24223602484472,56.69459572685378,22.96152796636618,71.92524115755627
6587,1.0488364470665357,31.27569400296673,20.88584700390148,59.60092539039907
6588,81.7069660333909,83.06540007307271,67.1137366699952,91.92073170731707
6589,7.6413119330076755,79.87850277514552,2.622272238922167,96.99769053117782
6590,11.653999276149113,75.323758176142,10.863574472103899,0.0
6591,17.46923488496522,85.90309503230851,16.099113570018183,0.0
6592,178.42960288808663,190.44943820224717,1901.28766333694,82.1917808219178
6593,13.69353916523728,73.1579077328285,43.46700406596879,85.77827547592385
6594,30.223723089911353,34.70516505530879,51.87429408859071,0.0
6595,16.717241379310344,13.044134288947578,508.93904490746723,235.8173076923077
6596,9.211300765155976,81.78576899164737,51.708273428670715,0.0
6597,1.4062000639181849,56.01211180901381,1.1565937661432415,0.0
6598,14.403175503260563,101.50349650349652,348.377358490566,408.0
6599,25.47519131078746,70.4956162346309,476.6366294191444,96.74032246774156
6600,18.3430386447856,68.94810690177103,57.81334361435562,0.0
6601,58.02149952374472,1013.3895131086143,596.1692273819732,94.4206008583691
6602,11.24856156501726,6.232876712328745,14.332730745555134,0.0
6603,15.82537517053206,81.50960112268777,158.94647151987854,0.0
6604,16.278424847476426,74.06884377758163,5.010079944386516,1017.6
6605,83.64221364221365,48.584505848448885,81.11969047150633,96.86018957345972
6606,81.86875891583453,12.941176470588237,59.674338357368406,79.92424242424242
6607,73.45446950710108,88.37931120105281,88.88494178315518,99.339728416594
6608,62.68349970640047,92.70124822482995,95.90022262329433,95.49702633814783
6609,14.95774647887324,82.1646331479917,59.078142128194685,80.77346545554637
6610,9.66325036603221,722.9400749063669,282.715847446124,84.33734939759037
6611,20.077720207253886,76.2599557327946,31.28590895069178,7.142857142857142
6612,4.222291213908724,29.94848589433857,28.266782419965203,0.0
6613,12.212852573422508,71.36856142690448,3.001473826743485,67.00519603212094
6614,9.610778443113773,82.44767822105952,54.84337578608043,79.82962749061507
6615,6.329506670803599,39.68586858685869,20.032546063270093,70.06000857265323
6616,13.42127903642099,71.59109911827302,52.57766372128743,89.20818848976438
6617,66.49973642593568,53.82574082264484,65.88013030220944,90.61946902654867
6618,0.7840574975498202,3.9549666502529495,21.259068732205684,0.0
6619,0.6121134020618557,63.08871722846442,21.47248318473345,8.333333333333332
6620,3.8370918882531138,31.188287368062678,28.414222223438184,0.0
6621,25.764370158988992,50.80676181799778,28.781000138620268,96.7741935483871
6622,4.489164086687306,23.621932965516656,14.425121077142302,7.142857142857142
6623,87.07799279550976,89.11193981660855,227.40013020166177,99.09972299168976
6624,14.669304691916338,71.19633437295445,25.416182672410308,82.90922436995352
6625,65.99785981808454,74.58823529411765,94.9183659005771,97.61261261261261
6626,55.8718352167072,32.08396221141484,921.2376277616672,94.44444444444444
6627,0.7886953664147224,84.28534638166366,23.972230220430628,400.7168458781362
6628,66.6579223504722,70.3529411764706,92.08962962962963,86.23376623376623
6629,11.544096103135072,87.3976450509923,138.64280754233212,87.20695970695971
6630,16.418314819832027,76.11032210227451,44.14390916270325,0.0
6631,5.859017393957888,16.94411590774687,22.95487771192406,0.0
6632,9.97957397140356,78.0067935949034,31.152736514461644,0.0
6633,4.152599594868332,70.04333148586689,279.00685906654695,96.22093023255815
6634,16.666666666666664,86.6406818812876,94.66422392316845,0.0
6635,18.471509586821497,270.4028085735403,11.85954395321481,89.72038263428992
6636,17.423413566739608,46.31671554252199,14.1525024578732,253.6708860759494
6637,2.4968394437420987,74.81014973321565,20.086479786582842,0.0
6638,61.65862331724663,47.05274317519217,393.6217318352697,42.909685328974255
6639,26.82985942801745,4.85857333741166,772.7823872954779,95.08410162573017
6640,26.09547123623011,32.41626794258373,15.347795938583452,494.468085106383
6641,41.38324149724492,241.3573956538598,3974.363779974469,99.98056714052947
6642,11.018171329679838,82.79019781973564,184.43046584510714,0.0
6643,16.092273485269594,74.80471152663304,5.762290923351581,65.26603679761313
6644,21.868530020703933,86.26556997521847,42.56991547206023,83.85531029700681
6645,12.6699450390512,33.82827064371092,23.227670124418225,64.03192584963955
6646,7.98537031392868,22.85343228200372,26.621357683298896,12.687499999999998
6647,27.53112520554381,124.79706161289799,1709.4857098561988,99.5045731707317
6648,12.208309618668183,89.93832475760439,24.22147798377699,7.142857142857142
6649,2.466013278533038,79.40074906367042,14.975298222806424,0.0
6650,15.223962627095355,53.51954568647989,149.64447477732767,0.0
6651,1.924375422012154,74.1517769487532,27.23675890117352,54.25671250818599
6652,0.2908855850032321,21.23405065701772,21.772360740122128,0.0
6653,5.8328134747348725,24.828953037483835,24.209540969007907,64.76670870113493
6654,4.187774400540358,24.721084872722663,0.32660740005467714,0.0
6655,115.64285714285714,43.15092674315974,213.38359739049392,5.753217259651779
6656,1.8849528761780956,287.9170470849093,2.905601768979647,97.99229685838291
6657,18.114241001564945,83.22820037105751,30.643623323486203,40.543259557344065
6658,10.863912164114419,69.83254627367964,21.169890022383576,96.99769053117782
6659,16.711663066954642,66.1478976522066,174.2653687269159,7.142857142857142
6660,17.11445459430414,80.21974239133857,0.11311679552369021,0.0
6661,63.12735712213519,81.65605095541402,95.60419741191106,96.80530440024111
6662,23.334990059642145,80.86968697519382,115.92940662782152,7.142857142857142
6663,17.09217952163397,86.14188025879959,70.08425778397088,0.0
6664,8.43190779496512,76.88543459434572,12.538927860563767,72.44575936883629
6665,60.16270661157025,45.17621045981681,711.4173459235496,94.4206008583691
6666,2.6443082876491455,7.951720595788382,23.098255963801947,67.19887297487674
6667,4.492249288199937,70.12789241215638,21.692091647884393,65.47207118141374
6668,9.477699530516432,77.83647363872083,26.659885791506426,0.0
6669,3.050738599871548,54.27768595041327,1.8000687908445465,45.705402254178004
6670,5.2714151239410105,20.024405125076264,27.194948680860602,53.634251576501825
6671,11.095100864553315,25.58030499942423,16.19353711165186,0.0
6672,18.712977921378567,55.76733126028901,58.45134756192554,213.2286995515695
6673,11.17189749496113,85.7616469705214,16.2916968202465,7.142857142857142
6674,2.187698161065314,436.8913857677901,10.486141417266277,0.0
6675,588.6160714285714,0.0,854.8338823973818,48.0
6676,49.033816425120776,74.80119029295572,62.23292765685474,95.4225352112676
6677,15.172801348693454,49.92926981485335,18.702323570559702,73.67131549189597
6678,14.354609929078013,78.84658050917966,7.142501313623644,76.4695974397844
6679,83.56394672184145,91.90654985398415,86.42241707841085,94.83430799220272
6680,12.46738184981154,41.59444829979181,22.3558474673138,93.2981530343008
6681,24.806973848069738,85.96362906756166,67.60491370442631,82.46956958213076
6682,3.081861958266453,62.19456337747684,2.0543088608219797,36.210045662100455
6683,23.827160493827158,72.30046229678842,20.68471592491063,97.73123909249564
6684,8.375408375408377,82.03885242773671,15.972004865698253,7.142857142857142
6685,66.0069537309441,91.78007867251435,95.69979671232521,97.68255356362047
6686,27.54814466885862,2804.4943820224744,458.1275636075415,99.5878249841471
6687,177.67776777677767,19.319600499375795,672.8186735653809,0.0
6688,22.787723785166243,88.05365780681194,27.207560093866924,35.88802202845342
6689,68.48716548334244,44.67629748528626,62.92836035637207,0.0
6690,4.853450992751339,18.721278721278715,32.23478543433714,17.989864864864867
6691,24.183827222501257,56.83850571004581,170.35356542920692,95.44654498044328
6692,6.676970633693973,73.53994490358127,27.09099653393921,36.96078431372549
6693,15.576062639821028,29.855350129322726,21.18157095438876,71.81194511702986
6694,11.80674671240709,76.8080297150503,18.910671264217033,0.0
6695,10.52163604030824,83.49112680292765,7.959022780400613,52.43445692883895
6696,11.907481439177612,90.12076740808683,59.5552867155151,7.142857142857142
6697,58.71252676659529,79.70327169513445,136.4012511809131,99.66785896780786
6698,3.144048764837985,88.7360446570973,17.075206281123926,325.9146341463415
6699,185.34971644612477,0.0,2367.3005464480875,2440.0
6700,61.332522056586555,70.19607843137254,93.28717610240798,95.53496208930076
6701,1.243048740595355,13.353423740164077,24.44181125099467,69.55100261551874
6702,11.87974314068885,61.74894217207334,20.487191937525594,64.57012427085975
6703,20.937980522808814,81.51624229268661,64.87089725078027,0.0
6704,66.91334191334192,76.84277949354218,200.25073601560348,99.91959923310037
6705,26.878407205498934,84.88537181555371,105.54913807984714,0.0
6706,33.2972972972973,69.95178949943325,124.43846958648747,0.0
6707,1.56504727746984,58.21263482280431,44.105227180013,63.30443919096401
6708,7.732273838630807,25.17283251032138,23.720228389804674,70.78628189042242
6709,6.935881627620222,73.86665925421467,3.9052504908480485,73.23754789272031
6710,16.394350595402933,64.72497347010965,41.943139540565255,29.229989868287742
6711,9.33933933933934,62.99575500303213,19.139120546959344,59.740634005763695
6712,2.4968394437420987,9.256033508410374,19.939647471256052,7.142857142857142
6713,12.46738184981154,35.51219919786095,25.89257061215519,65.08372906773306
6714,19.304211352341095,75.46682792762694,81.60513792962789,0.0
6715,13.439955106621774,64.64254767582587,4.559527672937868,7.142857142857142
6716,17.8279804028307,77.38084261558824,50.814549881330414,82.4629676123525
6717,6.881980078478721,34.311878937455305,20.05925900107388,0.0
6718,4.548267326732673,77.556421631632,19.666175410177896,0.0
6719,103.4366576819407,34.25454545454545,278.80977683315615,1762.6666666666665
6720,129.05918057663126,72.5215114104003,144.4612576738012,408.0
6721,18.104592513936822,84.93934906111853,40.93015579150239,0.0
6722,61.11671288127049,89.62314872241612,79.98797178907631,99.95774281627877
6723,65.10159253157606,45.88235294117647,94.2537705184717,76.33928571428571
6724,24.300178677784395,85.3039543576628,92.16713452622429,88.35164835164835
6725,7.41296518607443,77.87785149279107,1.979461756166034,0.0
6726,16.68917094247907,76.90577389307913,35.46213433227028,0.0
6727,0.13266998341625208,90.70029718814295,38.488602173854105,81.43028047321548
6728,13.585434173669467,86.33179114342366,14.576174251840454,43.47826086956522
6729,15.130674002751032,78.89044042760682,3.9356368644751636,0.0
6730,2.044127190136275,26.87211093990754,22.421923935240244,60.890257558790594
6731,170.76233183856502,2.7272727272727337,457.69491525423723,3148.8372093023254
6732,73.3039277462718,74.62184873949582,96.56127911056235,95.78361177406524
6733,7.421036491873659,43.329249366985195,22.84497314703983,88.78181964185336
6734,46.62457503642545,39.70355731225296,171.26563614744344,991.40625
6735,73.27586206896551,84.88871870961566,87.75552658131642,99.6560005192445
6736,5.920847616079775,59.687279501001946,22.19535542236092,61.726027397260275
6737,58.72036375446573,84.18029933867038,96.32047625428304,92.37410071942446
6738,8.708799516177805,68.17009564907154,22.442079673869507,71.95905258932156
6739,27.360489757475865,76.35174662850145,69.72421787798167,99.32397295891836
6740,18.953020134228186,57.741991817183916,40.06176548172587,81.8759730150493
6741,9.397944199706314,18.57078954950035,14.320217383134496,0.0
6742,10.7596807567248,3.480180956484271,24.37913515142384,77.8464954012052
6743,4.703282828282828,9.918749041851898,14.243254038288272,64.09663325623232
6744,17.645488521089163,87.95188221715358,167.69409760977422,0.0
6745,4.913385826771653,43.861254049933294,26.286328260036818,69.80112408127972
6746,10.148809523809524,26.86765929899196,19.45584027969043,59.235482929676095
6747,108.35058661145618,62.48366013071897,1370.4455663430422,16.029900332225914
6748,4.280279010779962,469.66942148760324,13.983407099467835,17.823529411764703
6749,14.210233592880977,83.38323337970199,189.2636945544892,0.0
6750,33.0301685891748,93.72211390810745,119.2542588575561,17.0919881305638
6751,13.874930206588498,77.21705969495345,17.585744900202045,7.142857142857142
6752,36.20033812341505,78.24003582624273,24.29813855306084,235.8173076923077
6753,11.647644132279778,85.53011532570501,89.6665507417438,86.04535011487364
6754,17.961956521739133,46.441005802707956,26.089298597872794,73.17588325652842
6755,3.9539227895392277,17.887755358534303,22.019454097300457,7.142857142857142
6756,117.35061195104393,276.6666666666667,437.6470588235294,1297.0
6757,16.185452526374235,61.37639016426895,11.370502289743401,79.49809216319342
6758,6.47459727385378,49.03438530381536,27.26418086087923,16.447368421052634
6759,8.18452380952381,54.23220973782773,19.002454395631585,0.0
6760,14.77900552486188,25.15300995706583,18.056065019088358,0.0
6761,16.717241379310344,66.93181818181819,19.174330310061173,106.65680473372781
6762,7.937928976424947,65.99616333241985,45.640495990906075,94.4206008583691
6763,12.946943483275664,82.43644240791174,134.21441501843782,84.34383055026336
6764,14.645179530675714,57.347371165944125,62.687163744478354,86.2972045120157
6765,15.62325321408608,39.52616480364032,22.880854471344055,56.84275563793636
6766,25.55962555962556,82.30236398050823,22.519557166019634,96.20991253644316
6767,0.8357441337190614,30.845371856607823,12.25729881062485,7.142857142857142
6768,0.5662891405729514,2.7272727272727337,21.388729177332337,81.78855429539826
6769,82.73801439630586,0.0,58.97045574986751,75.34883720930232
6770,20.90647105056327,30.11458491425102,168.71047611090225,66.49076517150397
6771,35.39482131393109,57.56916996047431,31.549125528159568,16.70843776106934
6772,166.46072374227714,0.0,1017.2105778648387,1813.6986301369864
6773,7.162202828769185,57.31279774143163,2.685754639429695,51.85185185185185
6774,20.65329218106996,67.21794948827336,88.48915995858552,0.0
6775,97.70792403405369,51.489898989898975,167.21139430284856,1762.6666666666665
6776,13.342696629213483,78.01487562267899,48.206499264087185,0.0
6777,18.29978813559322,77.15030030959416,2.112334528813592,0.0
6778,25.622074402562205,80.5401686097732,75.59751373053626,90.89427714769913
6779,57.37079920926293,57.51515151515155,544.4474576271186,751.829268292683
6780,30.64298561151079,83.7388342091765,0.45328687190289557,98.15078236130867
6781,5.8915211970074814,79.53866701699071,0.025509813625290412,69.02439024390243
6782,7.278869778869779,10.705550329256809,25.359033058076474,75.27871173243673
6783,83.68211580433945,75.83120204603581,66.9492312270608,81.33802816901408
6784,31.7277250113071,20.834028356964147,1.7443943811290945,375.1700680272109
6785,0.0,22.491121476869168,15.133438402226309,0.0
6786,15.12510542592072,40.15887025595763,15.369348705257465,376.79180887372013
6787,18.55860612460401,80.52376201815133,66.47368734493455,0.0
6788,18.25649178590355,74.12703863446974,71.69488045219363,0.0
6789,0.58689272905119,41.22619903928038,7.8522389868880165,0.0
6790,69.22645739910314,68.65947611710322,2.339726027397281,702.8735632183908
6791,17.360208062418724,85.05190311418686,91.12260648598608,65.80645161290323
6792,2.6756931012250162,38.92816592233744,8.528646398057003,30.324189526184536
6793,20.94789211835559,75.7228435182514,44.57420971379925,78.00346402141395
6794,20.958237253394824,23.391321595668966,96.05932211652934,7.142857142857142
6795,16.96919691969197,71.23636363636363,0.7598857037514883,388.46153846153845
6796,0.03240440699935191,51.18152098013077,22.72068008939778,0.0
6797,11.87974314068885,14.141414141414147,20.7124186464892,523.6607142857143
6798,10.095294818344252,10.852215393083195,21.52889913987795,74.5953809783597
6799,2.9874213836477987,82.41264807188668,163.73450500055287,0.0
6800,17.025282409897795,84.81967548923053,68.647435763148,0.0
6801,6.401699029126213,84.7165114057526,22.716623202508828,0.0
6802,17.025282409897795,69.44883241474821,0.5188785300219365,0.0
6803,82.4617082930868,508.8235294117649,73.16918438491254,76.33928571428571
6804,70.72777521879318,60.433436532507734,94.50472252432428,93.34170854271356
6805,0.6668889629876625,80.61215544339942,20.414178610480494,88.78181964185336
6806,0.8013355592654423,69.4739336492891,22.726137581553132,91.39990150209309
6807,5.8328134747348725,76.28439875789698,26.664821442774205,15.435835351089588
6808,8.727810650887575,37.05187535364969,19.953704404447702,7.142857142857142
6809,6.503561474140601,66.01559187135076,19.69542643788142,81.78855429539826
6810,68.00222593210907,70.64935064935065,183.2022432527165,1563.095238095238
6811,1.889976375295309,84.10582719357,30.38874542301022,11.581469648562301
6812,55.05657708628006,19.529411764705888,81.19388528800293,71.19565217391305
6813,84.4981095255519,89.82782469423412,75.784447436144,98.54555433589462
6814,7.690005984440456,30.148566668090755,19.75023135344568,0.0
6815,7.901159243441122,54.67914438502673,9.708607335963759,1269.6078431372548
6816,21.35972909611878,77.83767114839027,71.24218788947249,82.46956958213076
6817,12.779191405145603,58.808988764044955,5.979710771753904,0.0
6818,6.24223602484472,30.039184952978054,22.09261073749685,62.667022982362376
6819,78.66733803289695,90.1419878296146,88.17438873139616,71.19565217391305
6820,5.8328134747348725,47.60721973836727,23.372944235770007,64.925935224705
6821,19.240837696335078,74.1230989471905,74.88083690202203,0.0
6822,67.1745867768595,95.43259253669396,96.19461902888676,97.11799891245242
6823,18.73485868102288,85.20736933220769,59.332984296064,81.5455746367239
6824,16.868768526003773,51.1307294453362,281.1762585965575,98.92650701899257
6825,9.36655658961273,147.70354906054283,20.441429853164504,75.77176552202567
6826,36.0516839652616,83.24709302325581,66.74816576811789,89.50018789928599
6827,2.7220142905750255,84.69042135212031,33.01364080626656,68.12685375313711
6828,6.196213425129088,22.40700928893039,26.22627938912053,45.83333333333333
6829,0.38747174685179203,72.41541648358546,8.047189429113928,7.142857142857142
6830,17.693565976008724,77.5878163856458,38.39051138971419,88.01372801372801
6831,81.92034139402561,86.59717051377514,53.39400665926749,87.19806763285024
6832,11.647644132279778,48.92438402718777,23.813521900349027,39.23444976076555
6833,36.482820976491865,69.0909090909091,96.48413152706226,197.8678038379531
6834,57.852854949043696,122.57575757575754,624.8965517241379,546.7592592592592
6835,23.35618177202336,83.43255579372084,88.55372194271916,91.34394943924654
6836,2.833333333333333,79.54066850399265,11.231139469729449,0.0
6837,29.74018794914317,77.55754475703324,93.0463636763606,87.816091954023
6838,67.95259707513867,59.41863126573587,66.97168228359168,94.56967213114754
6839,15.434173669467787,75.18858235648263,44.927800032046136,78.28722412185266
6840,18.623054603007123,80.92551132102615,153.62952338282017,0.0
6841,2.0759000973078168,13.719875924600334,21.88461498766684,62.09983722192079
6842,9.848042080654588,84.13083269972684,8.309875836800215,8.333333333333332
6843,9.636789689513767,76.20231427491582,123.07933797894148,0.0
6844,4.695705900525177,65.64380730982823,14.240618569228102,0.0
6845,24.44944944944945,87.10212148100346,176.54300741292914,16.845238095238095
6846,19.828482328482327,76.77689567348706,67.7715950619508,0.0
6847,15.409925966547847,60.80248401943923,25.950788934215453,0.0
6848,10.680473372781064,78.48032123771,23.41839030917811,71.2846865364851
6849,6.287970838396112,63.69382022471911,11.030518800174468,7.142857142857142
6850,64.44755244755245,43.99611084103063,70.63223606413112,91.65354330708662
6851,11.197466896948763,82.58743507735005,19.860119538879044,98.62288135593221
6852,13.371592539454808,106.51541229854482,20.53974471843609,76.21722846441948
6853,7.534456355283307,52.40364286875915,27.81040525286195,9.285714285714286
6854,9.203007518796992,31.58022025480457,24.91915227806652,60.91214325685507
6855,14.329352957511801,91.23483952343557,21.552068879720437,0.0
6856,4.959950708564387,79.3697368734941,31.582570691473936,94.65020576131687
6857,61.082376687271356,65.04820238240107,731.5583065474083,94.65020576131687
6858,2.3389830508474576,35.15151515151514,37.27129250523286,63.30443919096401
6859,564.8706896551724,0.0,721.6012476442588,45.83333333333333
6860,0.13231888852133644,25.33505729189887,22.516844216094817,70.74958123953098
6861,22.39074550128535,53.99552381967388,22.43147279972206,81.57235193246274
6862,5.280933374270801,65.865984826659,12.207343155036272,7.142857142857142
6863,12.183319100483917,12.212041495749377,31.9946096837808,7.142857142857142
6864,26.989117291414754,81.59558907120392,96.21165087373862,89.20568691083295
6865,2.5892011367224503,55.03804226504949,36.90492770830378,7.142857142857142
6866,4.930662557781202,74.94161709627672,91.87888526608025,0.0
6867,6.571774682010903,76.38022357694558,2.1794037834317077,0.0
6868,23.992950654582074,85.95639016706048,189.45918166207738,91.75519357884797
6869,4.813329219376736,67.08239700374534,68.7684091498557,95.72368421052632
6870,2.235015238740264,81.1339509747153,31.372291473599063,65.64190850959174
6871,13.657990484186957,87.7316026773439,49.31350359367651,0.0
6872,9.583707696915244,90.18291209280436,21.127288523581992,72.34758511480601
6873,18.712977921378567,74.31818181818181,7.343032722306838,406.15942028985506
6874,61.20268620268621,89.35056103366202,95.75792533011565,97.33534439416792
6875,2.804032766225583,55.46325511631207,17.073017033817635,0.0
6876,3.2061558191728117,80.99997039756076,28.52817587310422,18.064516129032256
6877,18.844086021505376,70.80305554954448,12.204605359155316,66.0427807486631
6878,18.601583113456467,80.70837578874648,4.95866448359394,7.142857142857142
6879,8.943329397874852,22.125875264614898,28.778353384684095,0.0
6880,12.258248009101251,80.25713155227456,73.53147037480153,0.0
6881,10.308972073677957,7.47978000647041,26.94102732055698,10.56338028169014
6882,4.0472175379426645,20.252214493787502,23.675638326236164,0.0
6883,10.014903129657228,70.84766584766585,26.594960612927597,1.6739446870451238
6884,10.786581839213419,22.916080763170005,20.417035060419256,7.142857142857142
6885,3.8535031847133756,32.1284486657621,23.942148380749323,64.59706031424227
6886,7.772795216741405,16.588879285508536,19.334532877213707,0.0
6887,5.723098012337218,56.07484179258682,20.22102947764835,0.0
6888,11.857142857142858,4.45601950520879,6.373529201479338,0.0
6889,2.804032766225583,85.17793312105796,22.97690791929637,0.0
6890,11.553899082568806,76.1653431081223,69.64625102424078,0.0
6891,10.25564803804994,52.041843088418425,34.44201028836636,43.6466317063332
6892,6.231003039513678,54.24184641460948,18.03239379119028,7.142857142857142
6893,3.0788564247565193,27.96119779185971,23.470094158193604,0.0
6894,12.745664739884393,40.14044729409969,22.437892674472277,77.74414529233711
6895,82.3790378483294,86.44189383070302,90.28213077613421,97.26663228468283
6896,0.9630818619582664,64.36983890618654,1.9279705202814919,0.0
6897,74.69135802469135,92.71173096389607,89.84530848307224,86.5482233502538
6898,88.67201426024955,87.91820485817779,75.45291378345223,98.37572785779956
6899,21.341152473227947,803.6204744069914,2.2346188337775046,0.0
6900,16.717241379310344,86.81642509383138,7.851174345076793,73.23754789272031
6901,12.85310734463277,22.14757326537706,21.000765639362193,0.0
6902,8.239143367043427,23.1099548383313,13.084787277019627,0.0
6903,14.37690813211213,86.4013494582154,0.5253559248555373,7.142857142857142
6904,10.605621558968414,43.82640681266708,39.22445988135277,0.0
6905,13.874930206588498,92.30800209415646,1.7509709167851988,0.0
6906,0.4838709677419355,23.65657059110896,19.71665915780909,0.0
6907,5.597248280175109,1264.0834575260803,18.35368064640245,65.48060291574005
6908,9.397944199706314,90.02562586240883,19.554554310514185,0.0
6909,10.891381345926801,83.2559070885062,93.01396877567787,22.98787210584344
6910,67.60729613733906,46.471612678509224,201.13754143351036,88.44308405029781
6911,19.299652499331728,81.98997038382853,149.35906651903593,87.45847921716492
6912,16.39194139194139,0.0,52.84099041076282,53.91304347826087
6913,5.21193092621664,49.339207048458185,28.419714765871102,15.894039735099339
6914,41.660363086232984,77.90285213308034,60.629393657701,99.70414201183432
6915,17.995746943115364,53.74285520277046,5.61370246348706,0.0
6916,0.033112582781456956,92.07743623283191,27.694771830921226,18.447168709865732
6917,170.1401050788091,0.0,1851.2677315407218,84.33734939759037
6918,5.419799498746867,36.904395039988266,23.048572269649696,79.8790148350857
6919,14.086511098463289,15.693934498457923,23.489564951812138,65.04878658994245
6920,8.239143367043427,79.00521263896161,3.759432269380124,0.0
6921,11.022693781314471,91.07647547797174,31.70502232142858,2.4193548387096775
6922,4.682728198167628,20.287141073657896,24.796158863393135,0.0
6923,1.4468924695823742,73.35651774612072,0.7536818601324823,0.0
6924,11.022693781314471,29.432155381710267,27.313475120837875,58.570581257414
6925,13.561221630708884,79.75039941332076,48.801089769656556,0.0
6926,17.402945113788487,83.2148200019098,20.064339025381166,0.0
6927,83.39864158829677,88.08953963114178,85.68018170729142,99.34575978274287
6928,5.599755201958384,87.40786142143664,22.820480944792042,0.0
6929,1.876590330788804,84.68546425972269,20.16439367157328,7.142857142857142
6930,74.0718074255406,86.72187321530555,95.74777126424068,93.25699745547074
6931,6.002437538086532,74.38474008250144,19.216588776111955,7.142857142857142
6932,1.3767629281396911,8.02669552669552,30.176939147143898,1.4114326040931546
6933,5.920847616079775,41.1338100102145,18.227808988764043,209.070796460177
6934,10.657399362872864,69.75259798491324,5.747612013293788,0.0
6935,6.53250773993808,26.074380165289273,17.94976643422922,312.094395280236
6936,1.7183288409703505,91.5494274363169,87.34414139487563,244.08866995073893
6937,6.515151515151516,50.23539416309325,11.33649649182022,98.78957169459963
6938,2.8010302640051514,40.016718913270644,29.243186495768057,7.79320987654321
6939,2.0622041920216363,36.8655303030303,16.1711792555002,385.06944444444446
6940,9.853687667960585,55.75905539772727,163.85122006611317,84.13581648875767
6941,15.92871066555277,23.551797040169127,38.727545917876725,63.42931937172774
6942,16.440631054525326,30.589680589680583,50.7271872290827,81.80041688379364
6943,75.13206808843671,34.984520123839005,96.51645224215633,92.71978021978022
6944,15.268032556834129,89.84133831433822,20.53658913729786,58.27359617682198
6945,0.03313452617627568,88.05899567238573,17.95662475463651,87.38828202581927
6946,2.044127190136275,33.58930716860233,25.1626274480249,59.93690851735016
6947,56.648477886272254,63.56471115091804,467.27763362740006,244.93827160493828
6948,13.24712643678161,86.82831777987488,6.655365095866468,70.06000857265323
6949,8.763977032336054,14.520495344148976,20.33428160760212,64.96112365186858
6950,5.803432137285491,56.02817846360282,30.285072894478386,2.5122121423586883
6951,1.0713090056913293,11.349465881839985,32.777237958722885,19.70865467009426
6952,10.966810966810966,84.92462228772852,199.53476053382101,0.0
6953,7.619339045287638,74.5023542194857,24.777343660399595,69.78806228373703
6954,9.530791788856305,74.79590135874584,4.512530459650316,0.0
6955,22.875,58.1056688480475,62.37432155328067,99.83884963431264
6956,22.952047952047952,60.02567048800241,91.38808987537179,0.0
6957,3.3847184986595176,48.52054267513041,10.009257084842728,7.142857142857142
6958,67.74699424986932,76.46536370413305,419.5766395952169,99.97473618749636
6959,7.772795216741405,502.41364960466075,3.8499482129073384,0.0
6960,1.5470704410796576,24.59303561350663,20.085899120181892,0.0
6961,61.602933473022524,0.0,547.4610628845991,84.33734939759037
6962,5.945121951219512,8.602833414753274,15.392803108650677,0.0
6963,1.015062213490504,70.08041001898853,12.348097913427965,7.142857142857142
6964,56.19764304983672,77.2817311693716,194.03237661223932,99.43082311733801
6965,67.93685356559608,41.91011235955057,129.17621996210116,0.0
6966,35.33947312058257,56.801864801864795,38.58050022107238,41.35180520570948
6967,8.808749630505469,75.92178713937278,167.0189900774765,7.142857142857142
6968,17.28767123287671,76.56111264621902,28.860888589781624,83.62058858013836
6969,3.593015446608462,65.33911538069862,23.919536243342616,0.0
6970,6.966224366706876,73.64158676000551,14.772438067459436,0.0
6971,8.18452380952381,31.706217850094028,35.093220810165285,96.09609609609609
6972,11.075110456553755,47.5806572161738,22.640301635024432,88.43543046357615
6973,10.319767441860465,30.045896386742015,21.660295135968067,0.0
6974,3.45378957467221,75.44220599345253,3.526136741376755,79.93104439017382
6975,19.93252011419673,79.45164886552585,61.484498953960184,0.0
6976,9.745889387144993,24.989513996535056,16.31360790534895,62.77644551025846
6977,10.032079323417905,77.76589777150726,6.222479400851151,0.0
6978,16.740209597352454,83.09818012887968,169.48146248965094,88.09138180888245
6979,22.210770419994848,80.03419777714448,28.46887321666231,100.43041606886658
6980,15.172801348693454,83.51953769950468,14.404577691811744,73.26315789473684
6981,62.929584234559,77.85645960338648,308.2185402174446,99.27536231884058
6982,5.7593417895097705,0.0,10.454338684098348,0.0
6983,0.8994539029874719,127.75837134275221,15.24328903180602,0.0
6984,66.24449339207048,76.1038961038961,83.66337483898668,2535.8490566037735
6985,3.515500159795462,26.32355816226783,24.176490627054154,81.99742268041237
6986,36.53563170065167,86.07260132247761,25.936494428024336,2.7205882352941178
6987,58.817247363502865,81.39483556062314,59.195869216639665,99.47025264873676
6988,6.878470080197409,40.82145496779642,7.613120533887373,70.66358672826544
6989,31.57298277425204,83.66664585414586,120.63941362063568,89.68699247010188
6990,4.341085271317829,205.04488735813902,9.656635908196103,0.0
6991,11.673493270918666,12.508892381503845,22.804483170738486,75.9552495697074
6992,6.24223602484472,15.873550317994761,22.979098125068784,82.89876361855796
6993,29.838526267909938,55.540468673976264,7.101591210769445,97.25738396624473
6994,29.94945240101095,551.3108614232208,111.08570037635086,0.0
6995,83.75095883405778,91.18994162550517,89.73001987137839,96.0060286360211
6996,17.82099094299414,59.019479618730564,57.046604477944804,13.333333333333334
6997,28.73642873642874,57.99873320114563,64.61768779437752,95.56313993174061
6998,7.965393794749404,36.99703728548271,26.270133272367975,0.0
6999,9.610313507178434,87.19181179504822,132.10842513385336,7.142857142857142
7000,76.0188679245283,86.87877666789987,96.82920790689894,98.35556934533044
7001,8.456973293768547,87.75056720894547,8.135766167729114,0.0
7002,0.6121134020618557,24.021109976166134,26.433409666445545,0.0
7003,55.827605956471935,61.58911415078979,679.6820720872759,97.13024282560706
7004,22.973523421588595,70.73133570340275,20.324050632911387,317.01492537313436
7005,5.10612119347893,47.68957104273256,26.062799403734527,0.0
7006,15.340285400658619,90.40993217144432,9.576536671032413,0.0
7007,5.62863260936066,23.092791764305332,16.076381100945962,0.0
7008,6.561436087898484,68.87896244724439,20.825529835112665,71.02260941713338
7009,31.215161649944257,82.02807867411245,64.08002875360575,95.84664536741214
7010,20.978483606557376,82.40207607019579,97.1061842630252,0.0
7011,5.00314663310258,69.49834479246243,20.516422503177477,435.2490421455939
7012,0.7400257400257401,28.572457505041786,23.85942276815411,0.0
7013,20.304830793076725,79.87921577246046,122.55300845599606,96.92671394799054
7014,6.853864734299517,73.38389098410285,0.42425835178532595,18.75
7015,10.734953703703704,84.19443897610492,136.26633781837103,0.0
7016,37.16961498439126,14.393939393939387,14.738007955697686,1026.6129032258063
7017,9.211300765155976,21.624754770822204,9.090600605290058,96.3172804532578
7018,16.21401412275937,78.05455953675417,0.5297802626672976,0.0
7019,12.47787610619469,0.0,32.47325068641318,44.79166666666667
7020,7.91044776119403,41.34245873439961,29.11313850457331,0.0
7021,9.203007518796992,35.4325687931408,31.94444833548898,69.63703542708107
7022,5.83028083028083,0.0,8.510281189199162,7.142857142857142
7023,74.32841850131287,89.09715525554485,85.71758152473745,95.45454545454545
7024,16.877753303964756,77.62480834673347,24.66258765378779,73.5966735966736
7025,8.239143367043427,74.74038927300622,5.878462908770842,0.0
7026,13.24712643678161,86.82831777987488,6.655365095866468,70.06000857265323
7027,0.0973393900064893,27.20781786511291,19.166329975585043,0.0
7028,0.25864856126737795,65.04058642649998,11.098461255070575,7.142857142857142
7029,7.873054623130912,12.867733125243863,31.75279272760165,1.2022630834512023
7030,17.961956521739133,72.09794721407624,4.072996528671543,67.41310940051318
7031,22.09032258064516,78.7494661561068,47.23091180067259,78.59003831417624
7032,86.55168765210031,88.35498149421946,88.17965227447448,99.89544907580928
7033,21.03060423750981,76.02952070395524,68.08933302841092,86.06900678101316
7034,17.28767123287671,84.90515989891688,42.525583684534666,84.11597498578737
7035,5.940934065934066,84.21470444553005,24.72941739618644,0.0
7036,18.49352051835853,67.40683290791281,41.21230582278479,85.0954870372346
7037,4.896293777626657,10.64740502942748,22.506328457096558,0.0
7038,16.11558766323979,82.2788115779543,42.40254557729496,77.89556962025317
7039,11.982881597717546,72.72925460874971,99.07728031367495,0.0
7040,19.620007754943778,88.33041829149057,3.7821023994754315,98.79963065558634
7041,8.43190779496512,68.68070953436806,4.785308848080153,991.40625
7042,1.7891997397527653,193.50649350649354,10.132358502458093,367.2240802675586
7043,69.45242103178532,83.24492704870721,177.44797066677012,99.92334001651139
7044,11.781527023162711,22.58994185998016,22.160219818722936,0.0
7045,0.355297157622739,37.73577864625741,0.16309270819794677,0.0
7046,2.619949494949495,64.18596670868911,20.417025869868763,0.0
7047,6.769416742218192,73.49340007125664,6.1299052336977455,96.20991253644316
7048,0.7840574975498202,30.232027039371545,14.159776228256312,0.0
7049,24.461312438785505,79.69222227891129,104.42629925228961,0.0
7050,38.046378001231275,42.20073071136901,42.027325102880624,41.35180520570948
7051,10.891381345926801,22.31510015408322,30.892322765909775,0.07163323782234957
7052,2.4351676154332704,84.42195708222384,20.232954749158562,7.142857142857142
7053,4.522454142947502,8.593677895708387,26.37595162288518,69.39759036144578
7054,27.16933445661331,21.794721407624632,115.36002636348657,256.3775510204082
7055,20.530654301906235,73.12316762496943,18.035964014197376,0.0
7056,5.039155600953354,8.27912477823773,28.66037560899412,94.39655172413794
7057,17.51336898395722,82.33571197562935,67.87379740591001,0.0
7058,18.778584880279794,85.3060659857515,170.42545120832057,91.66268799236094
7059,7.36422215403498,73.6952490728676,11.793999939939342,94.27365141826529
7060,9.077512525788388,87.00078421295147,18.66546393915823,0.0
7061,65.90665236051501,9.243697478991601,92.84485759734616,92.48226950354609
7062,8.097412480974125,48.40706168831168,22.53565728705769,68.56435643564357
7063,13.371592539454808,38.79671700432671,48.69770204365029,92.3590220423344
7064,45.98385040373991,71.0997442455243,3.001352146403407,95.2122854561879
7065,9.853687667960585,55.18753606462784,6.9093731876510756,78.66198258744464
7066,23.47275031685678,83.22134995684117,147.27175525022568,93.20062299230993
7067,28.238649869265508,17.26415094339624,55.35012497596612,146.38447971781306
7068,18.429402432575355,38.28188137609054,4.573382918499176,0.0
7069,29.34963868816009,88.14117647058823,91.64604758543054,88.35164835164835
7070,13.939566704675027,25.43197013111052,20.730892448512588,65.99318403115872
7071,17.73841961852861,59.05029678225553,25.75437400590775,274.5308310991957
7072,14.281658148779103,14.141414141414147,12.776359836190935,149.46428571428572
7073,55.53100603918103,79.92222063650635,336.1574651944311,45.62086414947451
7074,1.6474464579901154,63.00508510703086,21.936302029228642,7.142857142857142
7075,94.44694446944469,15.834002140181912,229.02678684482183,98.0243161094225
7076,0.3252032520325203,48.01799763718172,19.617923982144053,95.56313993174061
7077,8.348187759952467,82.94340547470026,18.169119627899647,0.0
7078,84.87444960133286,87.68470912108822,80.09258316830588,98.12123360510458
7079,2.833333333333333,25.91514646615687,23.811913201523787,0.0
7080,10.39790880046471,79.10248936382813,3.4798334041205337,7.142857142857142
7081,5.062893081761007,73.92447469982847,1.0087821815307472,73.23754789272031
7082,63.5084697100201,90.3094185651139,96.30228362494486,95.85289514866979
7083,18.18428184281843,82.5703560685072,149.6428095373711,93.20062299230993
7084,6.013745704467354,49.73301319927721,1.2785757767055652,7.142857142857142
7085,9.157832744405182,18.94596040663454,5.35256426473055,0.0
7086,86.48016168492714,87.52113903558583,76.43836975041455,99.83927704997573
7087,66.5800021666125,90.19040076556287,226.52513687528884,99.46147473073736
7088,9.826762246117084,82.28795348249274,6.534428878842209,76.4695974397844
7089,20.657030223390276,77.87897378694925,6.151543657149641,69.59738846572361
7090,6.373292867981791,75.33904873954333,4.867761939460036,0.0
7091,15.779415779415778,45.17312946772163,10.909276312795418,0.0
7092,19.87791932059448,77.55216829387534,13.337591330073096,92.98166289876916
7093,4.492249288199937,32.0674486803519,22.99576493561969,53.35559265442404
7094,26.912018401380106,87.43768693918246,92.83133107115228,85.86666666666667
7095,13.047235023041475,79.26481977956509,136.42015031843385,84.57376325088339
7096,7.772795216741405,78.43968324945216,88.39900095312683,0.0
7097,7.827905587092919,84.85023305220552,8.067253118048937,0.0
7098,4.006359300476948,39.60372960372964,20.335232986925924,381.7241379310345
7099,12.976022566995768,75.09570095357037,152.08943772585093,0.0
7100,38.68018286622938,74.1186343784064,4.4719488548232045,99.94858001740369
7101,20.734840698869476,76.3008339714439,71.66811119364473,0.0
7102,7.307338041142156,5.7380036444624425,23.043011895065305,82.40997229916897
7103,8.041425525434054,84.56722708643815,88.03146076518519,86.04535011487364
7104,7.421036491873659,5.052074139452807,31.435972989564153,4.487658937920718
7105,7.647598654022637,8.61872455902307,27.654592204052253,16.29718394248053
7106,30.244916820702407,81.99534040091315,94.27849117819481,92.4669722297115
7107,45.05914467697907,78.83508451347647,51.33456724283965,30.68288119738073
7108,0.7080785323463148,22.323107027640365,16.083208778989732,0.0
7109,66.44064028457092,45.093404248333826,140.0967154905582,90.90139377360948
7110,9.745889387144993,0.0,11.943430820714681,10.506085842408712
7111,22.720440881763526,86.69999239636712,79.16239711273334,0.0
7112,7.449417535254445,24.46524064171123,25.00953404055325,283.7912087912088
7113,57.2773854036837,64.68550461306978,229.89400044199982,99.48289578361177
7114,3.45378957467221,78.77565217391304,35.4681984084246,103.34788937409026
7115,13.371592539454808,79.58933287892988,18.994833853023128,83.82540233877504
7116,0.22639068564036222,79.90117256256535,33.10459526329163,96.20991253644316
7117,27.688622754491014,68.6367724002616,117.40261074025025,50.44341965235899
7118,5.479023168440826,73.73389746873983,84.00258097095002,75.54699807456677
7119,18.887694787748522,86.8314226411758,63.13323573929962,81.5455746367239
7120,14.037585421412302,20.483301918708616,24.5846528943527,77.8464954012052
7121,2.0945731513805144,5.104482492122968,28.960476057516455,0.0
7122,158.15899581589957,43.04912976426527,239.027841564097,7.142857142857142
7123,2.9260450160771705,41.57774809460202,20.02702515240185,71.02861883036084
7124,12.581467837914422,84.92528026214154,3.3988075544272087,0.0
7125,12.308129619101763,87.79716591958766,309.3359365122898,98.86363636363636
7126,32.30195303928023,559.9656679151059,500.5190216682307,99.36399217221134
7127,0.8829300196206671,15.958650378411951,17.199219791220692,0.0
7128,19.94166003712543,70.18583802580996,36.6904343922736,91.63723436096977
7129,15.834959576247561,34.41258741258741,9.310221159593555,198.5042735042735
7130,9.530791788856305,78.69937332729124,5.275296497652772,0.0
7131,28.83074021687883,90.94097254464977,45.817619635431015,41.35180520570948
7132,65.62077360021638,3.3538191395961454,25.469616522341372,96.7464702271332
7133,12.655719139297847,693.8951310861422,1.8883282616707853,0.0
7134,61.8572927597062,37.76083467094704,275.05512878244076,84.52380952380952
7135,4.823455233291299,6.451109028428627,23.041558701436067,64.85534591194968
7136,1.6889738687061822,80.91987209581339,19.328718712127596,0.0
7137,5.449420607579079,26.468899521531114,31.824434360185794,37.26986977997306
7138,7.873054623130912,9.845244575783502,22.787821261682236,55.210003206155825
7139,39.14533360209635,80.6914142789926,36.082206417576536,26.045526733721548
7140,6.741233373639662,87.93313509753855,7.898417129704082,0.0
7141,63.18076477404403,1.911764705882364,95.03247644314335,98.81219184222321
7142,13.32184898076371,22.25716432328002,18.27646465898739,56.30278385986862
7143,0.7719523962688968,45.50212973767482,0.3397771005286039,8.333333333333332
7144,20.937980522808814,84.6009937463153,156.05160299083315,0.0
7145,10.917674830333432,67.25773721958434,62.96494029547718,95.6001385783125
7146,26.27594627594628,63.143650242886885,72.01875462696387,518.141592920354
7147,16.53138528138528,90.2253258230674,11.406959696074367,0.0
7148,10.812373518357907,59.48009009839693,39.32954545653452,7.142857142857142
7149,3.914704010184596,27.162400706090033,30.94677118327735,3.0534351145038165
7150,3.175112251443233,80.78559893606916,33.36691808234843,41.25379170879677
7151,7.080874696286012,88.17096500097311,23.07870123143954,0.0
7152,57.97020743421969,42.32854864433811,745.5901840490798,470.20408163265313
7153,20.740351798372274,90.75078942994847,19.293949632519446,44.169246646026835
7154,0.9159306509649985,43.62584743753853,14.986625072850005,0.0
7155,12.770875469517481,83.61705899734069,125.68805821068725,94.28559741481573
7156,1.3398692810457515,23.326745718050066,14.357852669889933,144.23076923076923
7157,16.463752075262867,329.5867768595042,10.598169125945754,491.94915254237293
7158,14.861816130851663,84.3516811955168,20.150372467766058,66.89573459715639
7159,15.717476270240088,75.8261265361857,20.805632308120394,74.19176057639018
7160,22.623526460998246,37.94552062147836,16.84537766691451,7.142857142857142
7161,0.12949174490126256,13.337576487046851,19.919893220439487,0.0
7162,27.147683397683398,76.3013338013338,21.901573875060677,17.394957983193276
7163,9.927007299270073,23.77623209083884,28.058242596478884,0.0
7164,73.02299495232754,83.49358383987229,60.12818929093622,0.0
7165,16.846361185983827,87.15518911891016,93.53675987704332,0.0
7166,18.9747718733226,76.79830141866532,26.17152224862942,78.69127516778524
7167,63.41393206678181,84.80392156862744,91.29616930384195,71.03825136612022
7168,3.5032843290584923,68.0505617977528,48.831164324889045,0.0
7169,19.240837696335078,61.27340823970038,0.926789459723126,0.0
7170,98.51994851994851,33.122659176029934,284.0092787902513,70.45454545454545
7171,10.39790880046471,34.69702203168283,12.542794995805231,0.0
7172,14.138602838853325,34.76893997528255,34.71568598617744,8.333333333333332
7173,18.718049547778215,77.92264752791068,14.707610146862478,317.01492537313436
7174,27.340553549939834,75.86189766517634,92.4279065349544,22.689540675152188
7175,11.905456667639335,75.94361334867664,136.19657647708445,293.5211267605634
7176,13.07410538179769,68.60417128947883,48.09546268552575,0.0
7177,3.6744505494505497,25.83518930957684,31.510427718570373,28.869653767820775
7178,10.501885697708152,62.645610309947216,2.687453400683175,95.578231292517
7179,83.85416666666666,83.82580234566778,83.10372037487338,98.27473958333334
7180,18.922470433639948,69.57896366361956,94.15011173151353,99.5686794956868
7181,24.806973848069738,77.73448773448776,17.99020904387369,162.1013133208255
7182,16.923500275178867,186.55502392344502,19.71355702030407,441.47286821705427
7183,9.907490301402566,19.277441836630114,22.164857128698625,60.780460415496904
7184,2.0509427720807145,65.68399399632844,14.91295572747598,13.333333333333334
7185,62.0394819564944,58.70766488413548,374.2261640798225,57.421517829929904
7186,21.521241414398375,76.0027529690451,2.0307178051694144,0.0
7187,18.537100607340903,85.83402721541441,203.625870406962,0.0
7188,6.489471867449086,77.19611848825332,15.713792734096296,7.142857142857142
7189,17.62619372442019,76.78555965302557,47.32351304653409,85.50529155426437
7190,10.941108545034641,85.29217580461022,52.891677960158745,0.0
7191,11.362301820317088,86.64313161182181,131.75215844278162,91.69786652403874
7192,4.967676080299421,65.34143999337388,25.07016768859673,0.0
7193,8.970197698436117,78.84563450821214,81.69627165278169,0.0
7194,21.059365404298873,88.21810039038503,4.537293916808179,0.0
7195,5.290102389078498,81.10447604829628,20.83545190731442,0.0
7196,19.14836636314944,67.93237480659647,13.359362336477028,62.934465375431145
7197,760.1139601139602,0.0,2076.8549618320617,76.95860135246578
7198,12.946943483275664,43.881011954406446,23.592326316438204,70.62039957939011
7199,8.970197698436117,71.1046322013214,2.017695757474044,0.0
7200,10.786052009456265,63.20739866194414,1604.098231827112,19.85083189902467
7201,14.448141985579591,9.058032768257894,19.550169800587618,0.0
7202,3.7323470073974443,78.96196587717819,1.6125123991270929,0.0
7203,20.325413223140494,92.32722425498386,17.10548305890886,97.94628751974723
7204,8.157189639773742,4.2878910867119675,26.82412226012788,7.142857142857142
7205,64.79257641921397,54.34343434343434,69.56982670744138,991.40625
7206,14.329352957511801,76.04074673195471,4.6788607549331225,0.0
7207,18.191461150888358,306.46918624446704,753.1170404174188,98.87250650477016
7208,21.929144039306955,84.42257912216724,186.19407126999482,91.75519357884797
7209,58.075267323982786,9.06110283159464,671.0577547047371,520.8888888888889
7210,22.58469259723965,17.150488119359018,776.6932885997642,98.97070467141727
7211,58.92143808255659,71.6634694436832,593.3359208023485,97.25158562367865
7212,19.32531380753138,83.17970252157515,159.97955304164145,0.0
7213,8.592592592592592,84.69315051101378,52.60904535796808,0.0
7214,13.754542913055634,72.29212236783889,19.56838357696875,0.0
7215,31.541950113378686,65.10581658458672,34.01930211692817,12.752219531880549
7216,13.939566704675027,93.30944917151818,20.19602232684014,71.60569105691057
7217,31.464245175936433,51.3565562163693,19.312854160453327,206.359649122807
7218,63.88178459789713,89.84232868405094,78.94592474401064,96.82254196642685
7219,14.475920679886686,43.694069155026334,25.91210640357753,63.95768833849329
7220,12.187318208260617,362.27272727272737,38.53201886514827,73.39047619047619
7221,6.825732407127756,6.841573977113007,19.459164453823917,7.142857142857142
7222,26.86531007751938,63.45817521861079,41.55497600345673,24.62087421944692
7223,8.376327769347498,24.19343368495911,24.60239099938382,81.39318060735215
7224,21.462018730489074,81.80782626757659,68.22543617633106,89.54888905513579
7225,2.4968394437420987,29.218204135586834,19.087087755717207,0.0
7226,48.02021903959562,84.59642089882209,140.81190802873448,99.76508854354897
7227,7.816793893129772,19.301615665252037,15.623001205303336,60.59238363892807
7228,4.340937896070976,21.643062819533398,25.102924318853574,63.18840579710145
7229,8.781785925487878,13.65016702095353,16.867496092105654,45.83333333333333
7230,10.654039656703167,72.45205876519856,7.2355269086848475,82.54622688655672
7231,68.63277393879565,10.630440517013993,94.78592956503418,95.41918755401902
7232,37.9168570123344,39.78056426332289,250.84645669291334,1787.837837837838
7233,1.7252604166666667,81.62534435261708,22.96732555812126,64.62395543175488
7234,30.61178587494377,85.02738963415088,174.23646906236416,0.0
7235,61.72839506172839,411.7647058823527,79.35060044779158,90.78260869565217
7236,1.6474464579901154,1.747682981019497,18.597363397338736,0.0
7237,27.270537219947,83.73491971045843,92.36042112434664,92.4669722297115
7238,17.917346383904295,51.082251082251084,47.37910979228482,81.90104166666666
7239,10.49510821227394,84.38953205564744,3.008897099362719,67.78136531365314
7240,13.767495001428163,54.090909090909115,255.68194574368567,1787.837837837838
7241,16.459041147602868,85.36416773260181,29.026427231104496,99.22802850356295
7242,15.595075239398085,14.09534116348896,619.8708553196875,98.65005192107996
7243,94.76610113655082,90.5336969224776,80.65208058449359,93.73522458628841
7244,1.1807149885208266,40.54005074302281,21.662658984309804,0.0
7245,9.768938286048552,78.27811877312081,73.27192629850958,7.142857142857142
7246,60.914034179181776,55.7103973870441,522.0470409711684,293.5211267605634
7247,5.076923076923077,86.18860957701179,58.75819847972807,97.81144781144782
7248,79.1521486643438,0.0,1050.2417467019623,91.50326797385621
7249,70.12925969447708,66.3101604278075,95.3554419919539,71.19565217391305
7250,6.486814186117005,20.76348833973234,19.85245938653054,0.0
7251,2.9263687853996223,1.676649324531157,27.78683969434237,7.142857142857142
7252,7.9292467215614515,71.7698225562769,3.1820605675539397,86.97557337311207
7253,9.157832744405182,26.96791582775867,4.098627608242502,0.0
7254,7.506127450980392,19.934737806274338,26.843741263861332,80.95432856169053
7255,78.42683632157316,74.77094999329016,49.18929400038857,95.56313993174061
7256,33.06574094163593,72.89138576779027,13.392509203460387,92.48554913294798
7257,11.205882352941178,82.7476794976795,171.8777402107451,87.55345687811833
7258,9.691893508824409,89.19880119880122,38.684388926275446,35.23412146499768
7259,3.653966271080575,70.64566602736446,16.566307148590216,7.142857142857142
7260,13.097294185377088,80.98986105895605,46.010619964133895,82.48275862068965
7261,60.83290088220031,80.30582045379809,66.56875377005666,53.41780593531177
7262,20.366546205472382,85.38580342299144,170.52288994308628,0.0
7263,30.54930211616389,75.26334451009681,4.0218393205353475,99.77332170880558
7264,2.311589613679544,22.391599678758283,19.640209341202834,0.0
7265,6.910078455039227,78.00298022784816,27.252611141798237,94.03669724770643
7266,22.35082304526749,86.63038609462124,48.56588152254188,86.28644350642976
7267,16.900633085604184,44.752950330696414,18.03752373300503,75.27871173243673
7268,62.929584234559,77.85645960338648,308.2185402174446,99.27536231884058
7269,3.9600550964187327,82.35499112019569,29.72453914447135,12.118780096308186
7270,0.8013355592654423,54.83891798808925,771.626738922116,44.51945988880063
7271,10.282317979197622,37.96340023612751,28.043567764211264,0.5035971223021583
7272,16.846361185983827,78.37338251571168,64.78995594095821,0.0
7273,73.09483488569009,93.88091360175751,95.83372940617568,97.1335857220119
7274,5.152371976123154,64.10572478369089,25.05595124198292,8.871493803000652
7275,4.192546583850932,60.556249133028174,12.039497512224324,0.0
7276,5.362021857923497,3.183520599250955,25.458427550851177,0.0
7277,15.61816192560175,61.793496765406886,16.272955637788254,8.333333333333332
7278,14.475920679886686,58.631286409064174,22.270608629119995,69.07923860115095
7279,7.965393794749404,72.36888413292908,18.649770959089455,0.0
7280,6.2131096613855235,73.56002624097965,1.1710357071685968,81.08327691266079
7281,22.629420809841108,80.44439696613608,46.1937561087794,72.45662460567823
7282,2.6813880126182967,18.179740113590388,19.223808665023157,0.0
7283,9.291384886798,29.960420990789387,15.170599006713445,0.0
7284,6.329506670803599,2.3564161470298703,31.13821561062079,0.5693950177935944
7285,49.54879679144385,74.6785734095069,42.94588158125216,65.71779141104295
7286,76.34345794392523,0.0,616.1753424657534,2487.037037037037
7287,57.176568573015,28.900397940074917,835.1755377597887,94.4206008583691
7288,4.219543147208122,25.901639344262296,8.163124173700801,1205.607476635514
7289,6.797583081570997,77.42783948983349,23.62508476191418,0.0
7290,4.311414392059553,89.36177969279055,133.44353999826322,7.142857142857142
7291,20.615303707599264,71.76632813145073,59.04171215842424,81.60631994733377
7292,6.515151515151516,72.56766005778402,25.98336273851199,7.142857142857142
7293,18.49352051835853,75.94273828459562,29.99413643539327,88.18104906937394
7294,3.1129653401797177,24.74312503020637,23.48474814580478,59.890898650588575
7295,3.914704010184596,70.56625141562853,24.055683259771474,69.78806228373703
7296,5.570860116314662,39.778792134831434,24.90582315754726,0.0
7297,23.430131546289402,29.92541411085546,109.63707147920998,0.0
7298,32.01851035698546,0.0,515.0867783107542,98.71794871794873
7299,49.35370152761457,0.0,30.84295736643282,76.33928571428571
7300,17.28767123287671,77.71626614953222,39.81586905165005,85.0954870372346
7301,14.090782511835142,27.950526957582106,36.23632830857806,0.0
7302,18.213149522799576,66.46226530562288,19.37867071984776,7.142857142857142
7303,20.844257996853695,87.45673563523536,7.160984537412911,69.49115527407731
7304,3.200502039535613,15.05097327891702,26.042008045245268,0.0
7305,8.874132206459402,48.928756253234425,27.678383087466607,0.3566333808844508
7306,13.147295742232451,36.69358996391131,24.815065421289713,78.66849900748207
7307,15.756417258328781,38.94456254006818,173.08170352273203,94.17040358744396
7308,6.2131096613855235,83.52487135506004,187.6997578692494,1787.837837837838
7309,9.50425344675858,6.662223068621791,25.34541638849714,0.0
7310,24.920905329763933,64.01850627891602,106.42153647037573,95.84664536741214
7311,2.593947455936149,14.288667827635807,25.801178013830427,0.0
7312,6.93815987933635,30.68516808484707,18.628532543894142,0.0
7313,2.1312584573748308,41.40396773490299,26.046046920468886,4.118050789293068
7314,1.2167787383925712,78.40741568518555,17.088434544153156,7.142857142857142
7315,5.122564424890006,40.97348634744756,23.809690207799353,69.9505269950527
7316,33.64164336416434,79.65053787858145,21.411001844949464,99.06001446131599
7317,17.961956521739133,19.471818181818183,8.798968401377042,76.69336002669336
7318,85.24837511606313,90.96011281224818,84.75712724670218,99.63248041051244
7319,36.15480132450331,89.53335357829741,52.97526128146255,99.86506124143658
7320,8.970197698436117,83.6443696495088,173.77579482374978,7.142857142857142
7321,13.512755817213346,80.0800177471268,13.554948040058749,0.0
7322,35.88944305901912,59.63781648960599,44.546208539307024,0.0
7323,168.96251089799478,11.338951310861404,879.2690520828465,95.40636042402826
7324,13.07410538179769,78.22760247121006,70.67791775843816,7.142857142857142
7325,173.70806890299184,0.0,2519.6535433070862,2487.037037037037
7326,65.33406352683461,68.79171461449943,106.54369869628198,2267.7966101694915
7327,60.15047518479408,82.26189276355574,85.69836908573012,56.34375
7328,188.58746492048644,739.0761548064916,4094.5211399166974,84.33734939759037
7329,2.6506784474597667,58.05487043634477,19.67487666065774,0.0
7330,69.34923000496771,82.63948097743939,185.59848827804265,99.3172268907563
7331,70.6940281300438,41.171514941275575,58.738249559745846,99.19465126880414
7332,22.29086229086229,76.62899425157968,61.2632274577784,80.0855310049893
7333,20.216701902748415,72.12825933756166,33.38869744311047,5.095108695652174
7334,17.648663393344243,21.66018984519335,22.998074284198776,72.16577007371986
7335,5.362021857923497,33.62463587182689,7.230769450742369,0.0
7336,18.364646731939665,70.80610774992799,3.603231298807367,0.0
7337,2.044127190136275,81.74220384217739,21.969756016157614,63.92977020397625
7338,2.477936184657162,85.25285481239804,26.047514231499047,474.89711934156384
7339,13.32184898076371,17.004066221318606,16.152240205845356,64.09663325623232
7340,53.27963176064442,100.0,93.09626969295178,99.22015596880624
7341,9.023886759068121,62.14081722963667,153.16975834769346,0.0
7342,10.7596807567248,85.19189426653955,7.797911844537325,67.32163742690058
7343,13.147522522522523,92.09954544949377,9.594147601610462,0.0
7344,12.289366647298081,73.19295332817151,42.64122962348342,85.0954870372346
7345,2.6813880126182967,16.90335445581149,22.47619593951476,7.142857142857142
7346,86.33774051381275,77.9120827967167,84.51000821797453,99.7966387844371
7347,4.789402173913043,626.123595505618,9.231550523806199,0.0
7348,5.945121951219512,0.41733547351526695,20.359379330351967,0.0
7349,22.565261044176708,14.70929195648298,102.19300165137552,0.0
7350,25.266472868217054,81.52996126461233,71.81838587421517,0.0
7351,1.9389701207883026,7.987611639297036,26.25331115206296,0.0
7352,1.8211382113821137,72.21387292700095,24.823831023749086,70.15594958342236
7353,79.67375659683353,92.01980746712908,92.36094769428102,98.54155200880572
7354,16.50995575221239,80.8129226145755,42.498020237571495,138.39590443686006
7355,19.03995709305444,1.553030303030294,16.02481817808276,284.8484848484849
7356,5.33082470994042,38.81034628022581,15.253468066320023,83.75770259272177
7357,11.699327288680902,83.45869990224828,17.996202432870618,63.33333333333333
7358,0.03240440699935191,15.071384773457968,21.76617235127612,0.0
7359,31.490117699311572,82.81848393733185,29.399971411481673,99.17460317460318
7360,73.60720315137873,78.37432590704918,26.310414066629427,97.73519163763066
7361,12.871572871572873,78.02560969130226,5.863217989048134,65.54870530209618
7362,13.07410538179769,79.24402006902903,27.62797726594206,0.0
7363,14.542936288088642,84.40191483657784,0.7598526816503841,7.142857142857142
7364,3.730867346938776,37.39436124586936,23.111443591947094,78.77222306640328
7365,4.913385826771653,66.01680279440599,3.7520250794251977,82.90922436995352
7366,21.42129393785023,79.47240937581958,179.77815954427504,7.142857142857142
7367,60.66961959353831,22.115270350564458,467.3636171561377,142.53472222222223
7368,20.28423772609819,80.48321950503046,53.54435311562803,0.0
7369,0.7340674007340674,81.39128030961218,11.484775653565922,97.03239511417951
7370,69.80698069806981,87.50893567794976,204.21167830905006,92.05482568389922
7371,8.211841713775662,74.7314542290588,26.33228501218492,0.0
7372,38.41289269685843,74.23506913798175,19.56880876009292,84.5442536327609
7373,12.821253248628356,76.69114463360987,48.10460215955554,79.80922098569158
7374,61.957497755163125,87.48873728922642,91.80796522406189,92.26277372262773
7375,67.59306476287608,50.74553498279535,38.40034609787754,96.8033775633293
7376,35.18612952575217,29.411764705882355,75.62451852204099,43.01075268817204
7377,19.177364422321194,61.8188531940708,328.77446039731484,96.42857142857143
7378,68.36734693877551,47.826086956521735,64.80998315849278,94.73684210526315
7379,17.20343531937735,74.83824480603073,8.200511896913252,0.0
7380,14.062055223455735,77.50844144304247,48.84807347385294,82.4629676123525
7381,16.486193827828913,86.42192310900202,94.60776905743683,0.0
7382,4.913385826771653,30.198161389172633,28.481910555951067,1.132342533616419
7383,21.700507614213198,83.73088144706495,103.33597813992266,0.0
7384,10.501885697708152,25.792686887055936,17.47911115644076,0.0
7385,62.19512195121951,338.65546218487395,69.4447312603798,97.77310924369748
7386,21.868530020703933,44.07746100053792,175.46893112279284,751.829268292683
7387,6.125621890547263,93.11512538792101,41.495666798520666,1136.283185840708
7388,1.1475409836065573,90.55332810045167,13.261506820625197,0.0
7389,78.58827493261455,91.10359039656876,88.0590617812696,98.66330390920555
7390,9.257589419897807,10.924935630817991,22.980996912074747,64.925935224705
7391,8.097412480974125,0.9906608346140257,22.574771847345133,64.9874686716792
7392,5.51301684532925,68.10423537742,15.654252227284218,7.142857142857142
7393,0.8038585209003215,83.81333677730424,27.930692611791454,98.54423292273236
7394,20.636172450052577,77.6500857632933,50.65425060179906,79.54312490847855
7395,3.730867346938776,67.063603857406,18.481186346784856,81.29101379402705
7396,2.527646129541864,29.366847475138808,22.456533591301888,0.0
7397,9.874379199532573,86.85651652052145,28.87580329881566,98.70388833499501
7398,35.90233545647558,53.68365738307935,566.6770667759114,61.24826629680998
7399,84.08536585365853,17.94612794612797,770.7848699763593,1243.269230769231
7400,14.013101680432923,55.37638831756478,13.957618720939111,47.36286919831223
7401,19.87791932059448,96.8939393939394,564.5612983770287,165.0853889943074
7402,9.97957397140356,30.231466541496783,26.252165476608337,0.0
7403,56.24784853700516,71.5625569113094,89.26394128095029,96.93287037037037
7404,10.917674830333432,82.64583353948761,163.07949922199546,94.45194598888006
7405,17.917346383904295,30.145454545454548,21.915440067057865,461.0441767068273
7406,61.48083406168061,53.347499563369624,259.7306517297425,99.0674318507891
7407,36.548970155527535,39.74301317057501,4.199506714168259,244.93827160493828
7408,0.5159625927120284,9.317898081943042,20.296566928560637,0.0
7409,64.58623572025634,63.50899981443682,97.01696966875393,97.56880733944953
7410,16.900633085604184,78.78540037441746,5.094716061708821,66.76183678325006
7411,14.427437641723357,65.0974025974026,323.8291165491498,520.8888888888889
7412,19.14836636314944,2.4900493551982157,29.775336566717396,9.579288025889968
7413,7.760464405743966,68.5685210312076,17.33724998379241,85.33948997796202
7414,17.80560849441873,80.53751369112815,48.5970376450397,80.89703268152604
7415,6.47459727385378,193.00163479991474,3.664167743650961,84.6937657499726
7416,7.022302591922845,70.03299447119674,11.986038014047345,7.142857142857142
7417,11.553899082568806,77.43375292162992,9.57448048619009,0.0
7418,26.989117291414754,85.09999267452935,30.45969627150572,160.1489757914339
7419,4.0472175379426645,32.4763244838979,19.287689003141455,0.0
7420,2.139384116693679,84.10736728709078,14.897700528766327,61.31265577402382
7421,55.52445492044785,65.60957313806037,359.2338297146754,33.88547089446285
7422,5.862176488930464,52.44006393180608,22.101153545137993,89.31303549571604
7423,37.9168570123344,12.79742765273311,88.81642881153928,115.91962905718702
7424,4.754553874652671,82.91032982964842,3.9497169219634127,7.142857142857142
7425,11.528534556925724,52.597645799893,18.670766294386198,0.0
7426,11.629905471211687,40.55128457848742,20.445416698078965,0.0
7427,10.014903129657228,80.61749571183533,3.7245909201445064,76.354096140826
7428,6.202493159014899,74.1424539668478,44.778322408027684,0.0
7429,6.03106914407554,24.173245418255558,14.722815592461721,0.0
7430,3.2915360501567394,26.361075517055156,17.061448145674035,7.142857142857142
7431,15.386725178277564,88.67855137293675,49.29128798399402,0.0
7432,0.6121134020618557,53.22349871649203,17.129169667552677,7.142857142857142
7433,17.083218895907716,67.19585282589455,11.266790067618677,88.46503178928246
7434,12.416594139831737,33.33056340368954,10.216770267425845,60.76944678461107
7435,10.44200533966182,78.97201932801438,4.300052898315792,67.77393310265283
7436,16.418314819832027,92.98239585838802,20.324271800717728,7.142857142857142
7437,21.878956697898204,81.26075790185793,103.97168373418637,0.0
7438,9.291384886798,54.36211136681559,21.105529669914976,0.0
7439,17.336548767416936,73.17749251430436,11.934367719834917,8.333333333333332
7440,37.053662517853496,74.70560448088538,183.09235480717808,99.25028835063438
7441,21.989664082687337,54.02133840743445,183.93137913552096,93.29879598983068
7442,15.693940240156381,81.69834026976885,146.12922467487502,88.10557684120901
7443,9.318048206937096,75.3472184160044,1.2597216672942757,0.0
7444,4.431782209559987,67.08116073452732,30.776163903152298,0.2152080344332855
7445,70.02358490566037,74.25002668944167,84.48767333100771,98.01572444777237
7446,21.009942438513868,85.87471521603258,8.476767121919552,66.5949306551889
7447,4.043545878693624,15.23226748502699,22.968430534303934,0.0
7448,19.14836636314944,18.849950428897785,41.30494660401535,84.45013357079252
7449,1.1136586963642319,86.24796710826863,19.678675259723107,84.83664387278846
7450,2.139384116693679,57.86292915005785,28.862050456253364,4.183813443072702
7451,24.51676045999511,696.8740996830883,969.8308950034453,99.19454770755885
7452,0.09927200529450694,88.514679084835,30.040600134782053,29.586693548387093
7453,13.922991071428573,79.72006294730598,155.64051581414026,0.0
7454,16.077257889009793,82.36686485392457,37.063069197107225,0.0
7455,22.526368658965342,80.73262986023309,69.84718153906678,94.58333333333333
7456,4.0368722186904,86.72247288086781,23.963164578505687,64.57012427085975
7457,20.865006553079947,71.70528443656197,60.411313118830975,80.23206452525824
7458,13.32184898076371,71.5764742014742,4.357030786245091,68.81696428571429
7459,152.63598326359832,39.57219251336898,225.78217821782175,2535.8490566037735
7460,5.51301684532925,79.06102213236811,68.56250433694952,0.0
7461,0.994865211810013,68.32655447658752,18.522977070055727,0.0
7462,48.38547766438012,73.15978788890125,150.5968601840829,90.22556390977444
7463,82.608100711549,62.59877085162422,72.75765306122449,88.37719298245614
7464,20.05700958797616,85.16787132356326,172.01470170317256,0.0
7465,12.365747460087082,81.26275510204081,128.63573952611048,82.72108843537414
7466,14.61389427068918,86.62489334203103,2.4139266752523243,0.0
7467,2.5127334465195243,21.08368452739313,30.04163854554337,12.570507655116842
7468,5.723098012337218,26.660957867330975,24.40842817577382,0.0
7469,1.413543721236029,45.394787128334514,1.0151799990761878,0.0
7470,23.86475814412636,58.83850276974142,26.89575787692009,95.40636042402826
7471,4.540833615723484,39.03662370615892,15.091956444556395,0.0
7472,1.4468924695823742,24.11681344265616,1.9438095843397358,0.0
7473,11.41431924882629,3.0713552638686203,22.97536089951361,67.19887297487674
7474,10.34582970066841,67.2654883401479,12.543661708446791,0.0
7475,67.638546468003,65.1426097711812,186.11943329626226,77.88507202786133
7476,12.85310734463277,82.43814139514566,20.637051640587075,7.142857142857142
7477,6.907184705519581,21.209585393685828,29.12705833656158,6.3044936284372906
7478,8.81908788885533,67.92195540308747,100.73316388097257,31.72043010752688
7479,0.685378590078329,3.2347191605416596,19.300658889307826,0.0
7480,13.792118789263277,74.30239704978487,43.13293064047926,80.77081899518238
7481,3.5032843290584923,55.99815134927496,18.15581876602054,0.0
7482,14.813769751693002,3.502991075806599,22.767155210700945,70.45262267343486
7483,20.195611948189267,71.76742200224545,62.15159487010854,82.65242766670806
7484,16.054421768707485,77.31368096594609,3.134085083466086,0.0
7485,2.017195767195767,47.20796980652798,22.332472601385863,0.0
7486,8.157189639773742,29.99423797176608,18.41660467156352,7.142857142857142
7487,23.468122054080872,74.23267279980064,4.310731257709594,0.0
7488,2.6443082876491455,85.61770479346518,26.509963131909547,70.70664709582721
7489,25.82351526809329,81.05764533463605,68.47574716867095,92.48554913294798
7490,11.503155479059094,0.0,246.37029384540998,94.65020576131687
7491,69.70924690181126,70.25210084033614,94.1106034255472,83.17460317460318
7492,20.40763673890609,643.833927103316,1139.4798774108654,99.17355371900827
7493,54.01897154268597,0.0,89.96877607349501,95.85987261146497
7494,15.270530074155452,72.19773325402711,1.5828957998041266,0.0
7495,5.13530135301353,49.41152833948411,1.7323962696201167,0.0
7496,21.1337513061651,71.18562133431084,66.61685049154887,87.63935586621837
7497,1.6262755102040818,11.252336170244414,25.234256277944915,0.0
7498,67.75748351090817,74.54064771976206,95.95771700622969,96.0060286360211
7499,13.022183808700664,76.47467036780013,6.363229471509728,1762.6666666666665
7500,11.022693781314471,32.0205965909091,28.511570783943043,15.435835351089588
7501,3.45378957467221,76.5601689430839,17.710879182628002,72.3585278986941
7502,63.8970157987127,70.67059033351167,219.7313544125623,99.15748541801686
7503,6.358560794044665,15.020630906428863,7.5132586755149955,50.425833924769336
7504,38.73782467532468,81.88336856941508,42.95601052739516,207.03296703296706
7505,8.997050147492626,77.53825817275917,24.410182928162484,0.0
7506,14.471860271693929,107.21207391637053,48.502159340863585,0.0
7507,6.401699029126213,86.83311439246543,16.816949921828275,0.0
7508,18.18428184281843,69.41569813723929,385.52335866450727,317.01492537313436
7509,6.47459727385378,43.266989420835564,26.867408440220196,6.3044936284372906
7510,7.3573573573573565,65.12493101028201,15.85147604480182,7.142857142857142
7511,370.99236641221376,0.0,1070.6602392469674,0.0
7512,5.390159824506425,71.08761826408885,172.98016111578696,57.134090211721386
7513,0.6196999347684279,21.47458185411558,26.441651764059078,0.0
7514,82.28324505157514,88.04039688164423,72.62684235013211,88.35164835164835
7515,12.729844413012732,81.905951935862,155.72526185711777,7.142857142857142
7516,8.48412933847523,43.9037880017554,14.990075425908245,0.0
7517,22.154933131466063,73.14055102005491,98.83277666266783,0.0
7518,2.9874213836477987,45.342309966792506,18.97338928331229,0.0
7519,5.801526717557252,77.1433074138615,8.402105777231533,0.0
7520,15.101237345331834,27.537986093226905,9.532068433042367,50.425833924769336
7521,65.13987931980252,85.81176470588235,79.49475769582445,83.17460317460318
7522,15.595075239398085,67.86917812588278,5.475701704920613,0.0
7523,11.24856156501726,84.03659793878,182.47675462652467,0.0
7524,36.334879797553775,86.55772602053592,51.857079053148716,206.359649122807
7525,4.9433249370277075,20.238945344685526,27.807289774182614,42.15320910973085
7526,86.19078661451542,89.38863687343066,70.58178374195624,99.81226976480589
7527,61.19496855345912,79.19186635328288,366.10870826043,99.22756981580511
7528,17.864749733759318,78.61178428924629,26.49973764611902,98.54423292273236
7529,24.97568093385214,80.68232176964716,105.23478486825202,0.0
7530,22.410691338987405,84.95897058971596,53.64491991715988,80.97248706074639
7531,10.241489671224906,78.61321474272567,69.17996633424006,0.0
7532,3.834164588528678,96.86017478152306,17.74194898436503,0.0
7533,15.45785494259311,71.93769243234482,20.707720452714785,56.749226006191954
7534,65.14989293361884,78.95293926070673,205.41581884985206,86.02150537634408
7535,16.371191135734072,1.249182472204063,518.0196493931805,137.58503401360545
7536,3.139717425431711,0.028400518309477117,25.906934489070384,7.142857142857142
7537,60.73564973908616,81.82996044859891,83.62508926393731,99.62373371924747
7538,59.854706253948194,12.063808574277168,78.6279919221666,94.57523029682702
7539,21.03060423750981,79.04852269810777,43.79043683589136,83.91849890641187
7540,11.127465410656463,88.60085227272728,30.16054085416615,0.78125
7541,7.579388855602157,64.0295830453188,20.257043994459384,0.0
7542,19.786791471658866,86.79729851467023,70.57805944687512,0.0
7543,62.058564785723256,71.55244755244755,242.00710921018404,55.791139240506325
7544,0.4838709677419355,4.15692681132346,15.947637307782635,0.0
7545,12.972038051311618,18.111849667649555,18.70981294814257,61.26975325755476
7546,9.397944199706314,27.57822407030584,14.836848122523097,0.0
7547,14.305555555555555,87.77140243453525,67.41940313752649,7.142857142857142
7548,8.727810650887575,74.10810266221806,85.67249954377283,94.24778761061947
7549,8.736396614268441,6.8517977199649245,29.242107959275142,0.42765502494654317
7550,30.168776371308013,89.97369792613603,62.21669999510324,0.0
7551,5.567719737253675,77.52292152292152,27.140911337788165,73.5966735966736
7552,15.340285400658619,84.88151072420736,22.551627581858963,96.22093023255815
7553,29.264292408622307,0.4076246334310967,46.06530395540216,2.4441340782122905
7554,4.470030477480528,70.60928303905834,25.454399189601784,0.0
7555,72.26102138804016,82.97711367505201,94.93540154421196,89.70873786407768
7556,16.463752075262867,75.21479340197584,6.194568454384387,65.87689301416707
7557,10.319767441860465,24.8717035889685,20.954900914306673,7.142857142857142
7558,7.078313253012049,78.58797920674102,12.48318904065336,0.0
7559,6.53250773993808,1.790370241613069,27.486126553504803,2.783576896311761
7560,7.562767911818738,50.82066985645933,72.6250104001997,79.26376725545495
7561,3.792224346717655,25.741820017438393,15.412054439403766,82.49373433583959
7562,19.14836636314944,80.7737781375556,172.00414038298538,88.09138180888245
7563,5.8915211970074814,367.3083778966132,34.06931158852125,37.4384236453202
7564,18.559482060965742,77.18783599454385,43.094564136956436,78.74961971402494
7565,61.11671288127049,37.84621075507469,155.80117590152093,98.34183673469387
7566,11.528534556925724,84.29533918209067,156.87261166380725,0.0
7567,16.327637645782477,5.353403436085636,18.940474052032855,0.0
7568,5.916437938395852,29.788733296606168,3.54598299317717,0.0
7569,6.966224366706876,11.300834586687873,24.048999812619034,7.142857142857142
7570,4.222291213908724,20.862402389170374,22.538280460210263,0.0
7571,26.48626486264863,84.96054688920402,31.07375129487738,95.56313993174061
7572,16.625241645954155,75.98583234946871,8.227713586910665,1026.6129032258063
7573,35.42245989304813,75.7083657083657,4.1492537313432925,12.752219531880549
7574,0.25864856126737795,28.02866280163494,4.2571649577141955,7.142857142857142
7575,16.100081588251292,73.00214619366243,1.65054914946451,0.0
7576,19.47185916244332,76.2507211736586,1.7769170555716876,68.03203661327231
7577,3.7813681677552426,22.86183130948473,32.721520553028334,19.914163090128756
7578,78.84057971014494,60.22674359753012,51.519809959426965,95.40636042402826
7579,10.449927431059507,38.91720906167133,18.06795039195376,0.0
7580,12.432585864320183,86.73024030821385,3.3873529929258024,7.142857142857142
7581,7.218045112781955,6.6924384335813265,16.63714574402078,0.0
7582,2.4916943521594686,0.0,10.188767907112736,0.0
7583,29.350104821802937,75.43221223887504,12.24031785286423,95.40636042402826
7584,26.18581907090465,62.67575757575757,15.441854278208236,166.0952380952381
7585,14.69341621927098,105.9236197592362,28.770264894302933,74.09124629080118
7586,22.629420809841108,80.44439696613608,46.1937561087794,72.45662460567823
7587,13.915027088679782,53.99915629614005,53.9714372943451,25.179211469534053
7588,11.60458452722063,23.414413302053735,16.893601840645804,0.0
7589,2.9263687853996223,41.68141201450944,22.51502655316877,7.142857142857142
7590,33.34805653710247,5.38277511961725,87.3492969347532,223.37962962962962
7591,21.929144039306955,81.20483497394325,37.95248021275245,89.45739944155157
7592,83.821283095723,68.11121952966243,90.93705159888681,99.61963542414239
7593,62.6730959446093,81.43203384956661,248.06585540443805,30.08008008008008
7594,66.75675675675676,6.498127340823966,101.77621665755994,0.0
7595,67.19829877724615,83.54395980306431,254.66916730624186,99.9236596394386
7596,16.12289287656335,47.680951136660546,4.062837606320476,0.0
7597,77.70566567268901,81.69171845642434,87.25542510070619,99.43139148160068
7598,13.464235624123422,85.88146101921164,12.55826925099917,0.0
7599,36.58895190086117,78.99398578458174,71.52370434645421,5.753217259651779
7600,60.95447490946715,64.97264912737691,512.4877189117744,138.39590443686006
7601,11.211247296322998,90.96755877310795,117.22352459498693,96.85990338164251
7602,4.548267326732673,77.95979922637683,19.74514419128827,0.0
7603,12.85310734463277,35.09276195453357,290.70334869231203,94.4206008583691
7604,7.873054623130912,88.65358283888635,25.444812643385163,4.771642808452625
7605,14.30598921373829,77.43945835721236,65.36184909300083,83.48894929677343
7606,108.44594594594594,78.95293926070673,36.04239663364842,96.41873278236915
7607,4.896293777626657,293.17837436029384,24.536731438918736,0.0
7608,27.54814466885862,2804.4943820224744,458.1275636075415,99.5878249841471
7609,76.20741295394983,90.57946874726046,87.34244302211386,98.5605649103748
7610,1.889976375295309,1248.2954545454545,13.017529498438845,24.11732753938077
7611,24.31305201177625,65.73973518232317,17.040598610895046,0.0
7612,21.501272264631044,62.813077319119294,46.629916358853755,0.0
7613,14.16249304396216,27.0794587079569,21.797475066063736,0.0
7614,19.792773645058446,85.49892877299303,191.97688601509438,89.21818322142471
7615,2.7220142905750255,72.91735537190081,17.62401733209534,398.92857142857144
7616,22.470467385721623,82.72387282159269,66.86368425032134,80.67238516878804
7617,20.036288232244686,26.932670279061377,23.75996989002787,7.142857142857142
7618,4.162783473128301,56.750490458355586,14.116640546205325,7.142857142857142
7619,28.07017543859649,88.44606246407358,89.37233977401476,92.37410071942446
7620,14.755457308648797,19.79141570113383,10.637514117739045,0.0
7621,15.223962627095355,91.13307295407948,15.512766565237127,0.0
7622,4.643082754264056,75.66444587721183,20.386885824013174,74.2155777039498
7623,83.18115654360196,79.6594427244582,76.30781970158581,85.8288770053476
7624,38.15156375300722,85.26241426077472,72.94975935093588,99.45923460898503
7625,1.14603798297315,20.040858018386107,18.135826771653544,454.36507936507934
7626,1.821247892074199,20.854774156660945,28.438096772394655,1.4114326040931546
7627,12.407722884724588,40.52620284891966,20.517272049026413,7.142857142857142
7628,14.424410540915394,57.25753597176233,19.839304559138213,0.0
7629,16.162177173007496,57.47449557923372,23.5511795671671,54.376224689745264
7630,9.927007299270073,85.3976716064856,19.074617142105314,98.63588667366213
7631,2.171095268956578,18.791190594469306,24.417676441767654,73.6116358141292
7632,43.02271673620769,72.51661229914221,59.7705425737382,0.0
7633,16.96919691969197,72.88952438290185,6.272687809294661,66.33734939759036
7634,6.76343421865349,17.494631352899066,23.60458525443087,54.151624548736464
7635,19.19164882226981,86.27103778723561,51.986965456026624,79.31289797127202
7636,19.177364422321194,81.01180179701687,103.35180813096105,0.0
7637,9.448110377924415,67.58113681190603,18.900488637245015,70.06000857265323
7638,14.861816130851663,74.08634995896782,21.712030466552022,49.74820143884892
7639,25.98368522072937,72.82193986488849,132.7117986368571,98.57768052516411
7640,9.716125256072578,87.12164318572076,13.74455512410147,0.0
7641,61.44980285107674,81.05263157894737,92.72573961596218,72.68041237113401
7642,2.186154355746936,41.085148789094035,22.475225963222506,0.0
7643,21.521241414398375,77.29661956888653,61.997719647423544,0.0
7644,72.303334059708,42.36412926545892,3.8276358016407004,99.71143899384765
7645,8.653555219364598,81.49398395721926,27.83032842259231,4.098360655737705
7646,11.544096103135072,66.8776371308017,21.91311584411129,27.353094123764947
7647,9.880597014925373,85.86912244585095,17.70631822068584,77.23643474010102
7648,8.211841713775662,19.746698206189617,112.03370295020454,94.4206008583691
7649,171.32805628847845,86.44569288389513,232.39512841521756,0.0
7650,16.191252377071446,75.11291965742596,9.688507948866567,0.0
7651,6.53250773993808,359.4582814445829,4.964437755321455,65.82681017612525
7652,12.946943483275664,43.881011954406446,23.592326316438204,70.62039957939011
7653,3.2117765138842422,40.95503472892558,3.144693089858401,0.0
7654,0.7080785323463148,70.36150001292538,21.969082529780845,0.0
7655,14.7656691134952,72.67733711792688,2.719284269869448,69.59738846572361
7656,2.4236387782204516,36.35362773277586,20.026474006816333,7.142857142857142
7657,5.033029254482542,84.62354164260137,15.672421714423901,64.33495021700281
7658,39.55955955955956,64.958918632388,186.1933186721122,142.53472222222223
7659,13.98860398860399,10.022366916844787,20.22387388712192,78.39802072058141
7660,5.977327378907591,58.53297902761214,27.8488585966912,0.0
7661,30.51783659378596,72.07042491958693,28.086096666950823,45.258620689655174
7662,7.523980815347723,29.094621777028284,19.418777161415072,0.0
7663,16.95827725437416,86.05851801270511,65.81115041763722,0.0
7664,10.335610335610337,75.2668586643482,66.43196119833586,77.7689369828135
7665,1.4376996805111821,4.444444444444419,23.33792663151441,0.0
7666,9.023886759068121,13.940907199334182,7.012686009680225,0.0
7667,2.612903225806452,80.11951345284677,24.633990430727202,63.92977020397625
7668,11.24856156501726,76.05279872635138,103.75792500207486,0.0
7669,10.371876815804765,79.06220885574311,4.6607422817118795,0.0
7670,0.36303630363036304,283.716577540107,28.225579438080857,23.03030303030303
7671,27.826918479560124,70.08033445364374,52.974852604981336,44.60745440126884
7672,6.3164287883389,77.02403611410796,18.176710380699816,0.0
7673,13.922991071428573,59.62801843784186,27.485771452084172,7.142857142857142
7674,84.98700685093314,88.13980137509549,87.93661669882418,98.26343381389253
7675,98.0708622026564,92.78937408213865,351.4225523306236,99.81181239143022
7676,10.12206013694552,67.37638676699459,2.4147212371444815,80.69908814589665
7677,16.418314819832027,83.15950977120184,159.26910296173787,0.0
7678,9.066265060240964,81.3362214851418,51.27416496250853,65.64190850959174
7679,16.740209597352454,54.41097364174286,18.043231165298472,207.03296703296706
7680,16.671266905879108,74.85901749038122,166.89459444225236,95.44654498044328
7681,36.04892205638474,40.8036383092563,11.274704323440913,98.87348353552859
7682,13.000564015792444,85.04938549215031,24.097649883886344,0.0
7683,119.26083866382373,70.21031403053874,238.41015881499285,95.578231292517
7684,23.373075012419275,88.2322511225609,14.601926885123437,96.93396226415094
7685,7.772795216741405,89.4570807527302,4.103596313493074,0.0
7686,59.56659619450318,81.21558441558442,210.95319577252138,1787.837837837838
7687,0.8013355592654423,51.23737373737376,18.12437088329675,437.30769230769226
7688,24.108241082410824,58.82949710919602,44.13771801171288,0.0
7689,65.62077360021638,62.77444758288897,77.2261369042548,99.63869384416115
7690,12.951467268623023,40.97033662421469,14.227888886910975,0.0
7691,28.604489701457997,48.25326100994448,75.1772665043169,94.65020576131687
7692,13.371592539454808,73.38249862410568,9.148418167840667,91.49726110772977
7693,67.84548422198041,80.33415262172285,51.380148813203895,95.40636042402826
7694,17.799094058086865,83.20079352863715,17.5509489656225,97.25738396624473
7695,4.13300186451212,14.923637459700673,17.34010533530887,0.0
7696,8.487420430433465,3.3679833679833777,0.5267262416521373,6.804281345565749
7697,83.10738968633706,66.38397690364489,91.33338829275469,98.37622549019608
7698,12.630982724440667,80.68881825349892,18.83943854868904,0.0
7699,5.940934065934066,45.76484255791373,23.816360449482378,7.142857142857142
7700,5.977327378907591,39.0738972306317,19.518809337710596,0.0
7701,14.475920679886686,73.26994434137292,16.953535641693126,411.7216117216117
7702,12.997118155619598,76.8926944050198,62.36471665619614,76.11557531201915
7703,17.27004558862966,230.05617977528084,216.69229391259185,96.20991253644316
7704,5.715178013741411,17.24600309437854,24.66572119796446,84.86948987328063
7705,69.89578398863098,77.98485730926033,93.70171200771814,86.88118811881188
7706,62.56259204712813,93.49148954934297,92.53974307521334,97.3082783138649
7707,20.636172450052577,0.0,203.80113636363632,546.7592592592592
7708,14.210233592880977,75.97412963766281,48.40375979386466,0.0
7709,66.66666666666666,92.83449399911098,96.20286987408085,97.68255356362047
7710,3.170119271814187,3.815261044176705,27.434705024059557,0.0
7711,37.41999015263417,76.43093192333113,121.17785508259765,99.5197970462988
7712,39.72848872030346,80.77455346823037,59.33079422250886,49.236918604651166
7713,12.44199535962877,37.74976657329598,16.333292457946047,79.65928945835759
7714,3.1129653401797177,41.38873396542109,4.0377281474138575,26.24076029567054
7715,7.106293285155074,75.184,7.797850051820143,0.0
7716,9.821689564454838,40.82397003745316,15.165018099230682,7.142857142857142
7717,21.079559989767205,280.58891902363416,137.14774047163633,94.4206008583691
7718,3.9838157485216312,5.451724185705004,19.87159905751526,7.142857142857142
7719,43.611771157009684,88.03936648471547,142.3478577681778,98.43937575030012
7720,31.687333923826394,66.33864126795149,20.262628014665978,97.77015437392797
7721,1.848794981842192,53.72878431710841,21.1786532140488,0.0
7722,13.123063925654746,49.310743769241334,17.938691153454663,0.0
7723,86.48016168492714,87.52113903558583,76.43836975041455,99.83927704997573
7724,57.3775989268947,20.568266103725687,71.40080924518966,99.09602592529421
7725,20.245979186376537,0.0,101.01647058823528,43.01075268817204
7726,2.9569046870084934,82.77383574094411,20.396021539101284,0.0
7727,7.278869778869779,19.08846529814271,24.843488197035583,4.965986394557823
7728,52.215568862275454,0.0,7.31822565091611,60.447761194029844
7729,41.19329012581014,71.19745384543253,16.706565004665475,98.70388833499501
7730,22.372074573581912,67.60919255342588,3.5838387010117816,97.61029411764706
7731,83.52346383199378,65.47619047619048,82.1506555032019,98.83669885864794
7732,10.786581839213419,79.66411848203444,14.137883656033607,0.0
7733,11.629905471211687,38.356548696152295,46.856469625209044,0.0
7734,22.759138708062093,88.40575871391313,27.20674662942496,97.94952681388013
7735,2.7919645897173986,2.67942583732055,31.447582239498356,7.378939277478862
7736,65.63007030827475,55.17389437526834,64.21278488708315,90.78260869565217
7737,4.117448531893351,52.54023967268272,123.51089513914016,0.0
7738,4.733354370463869,44.54332386363636,22.436344227217553,83.81228273464659
7739,13.922991071428573,79.72006294730598,155.64051581414026,0.0
7740,13.415660959865283,29.4666793761245,19.20047828332396,0.0
7741,24.107591754650578,79.4464375403602,18.26963634571796,39.965620971207564
7742,23.877962682803833,85.97239083734327,98.10167516222646,91.31596941629887
7743,14.909808342728297,24.491064491064485,21.68250673350197,62.18191662154846
7744,12.110625909752546,42.813998571574324,32.331706183170596,12.248743718592966
7745,11.905456667639335,80.66483803552768,169.76576889129242,87.59325044404973
7746,8.129839189994044,84.75775542961969,67.603397636506,97.81144781144782
7747,0.25864856126737795,67.64947167182352,3.070826729555856,0.0
7748,6.202493159014899,87.02630574411232,94.74829680580267,0.0
7749,24.6003996003996,93.87791051960488,1.0697643188075026,54.046052631578945
7750,16.980624327233585,77.05917555025479,36.64368283839199,0.0
7751,18.40782861676805,69.29310900603916,40.877305423694224,98.96249002394254
7752,14.966923925027565,84.04840774266957,1.4288255681977673,0.0
7753,10.095294818344252,83.82719321494831,61.05520923244142,138.39590443686006
7754,23.453346855983774,71.58942157967363,26.470780301809764,88.18104906937394
7755,0.4838709677419355,80.54965077436987,16.389978302380218,0.0
7756,0.7511430437622469,32.928804669220646,24.435896177844974,0.0
7757,4.310618066561014,79.44937548611429,23.548590333658566,86.48805493761486
7758,12.89671090594345,77.65449052458115,28.87288558342026,299.14285714285717
7759,60.16785022595222,77.40986767833868,69.59307564503402,99.87022062493762
7760,20.279904937945602,84.96917303028903,191.76334594856863,91.734216910242
7761,15.962952873876329,11.33648728562985,20.955126635754684,7.142857142857142
7762,9.230306674684305,36.637481371087915,23.422899512868053,8.752449379490528
7763,29.94945240101095,88.00815919990723,55.847707301640824,0.0
7764,4.931972789115646,11.985018726591784,27.3956411939559,0.0
7765,32.99304952215465,29.254534673336284,665.89154686599,99.7311271975181
7766,2.139384116693679,87.3574853489611,26.931996884629715,11.226114649681529
7767,174.95446265938068,259.54545454545456,2686.6579804560256,2487.037037037037
7768,17.93030061186486,86.33907629367629,170.75298810150522,7.142857142857142
7769,8.097412480974125,71.47756636128729,22.36307735945581,62.667022982362376
7770,27.9542269967305,61.03727048506441,359.76539050551065,99.22756981580511
7771,10.657399362872864,83.45120688970353,23.654839866502062,0.0
7772,2.139384116693679,298.9986824769433,27.326800160651793,83.35914234663491
7773,11.503155479059094,68.39290613319763,125.87882491277415,0.0
7774,70.41433891992551,74.58823529411765,93.32677049274112,84.17910447761194
7775,4.901356350184957,897.954479976952,518.6037755678506,98.04216867469879
7776,6.458459672528806,3.5602384179309126,26.453587387021827,0.0
7777,20.714469288100744,61.01494377856379,18.382561449572783,99.53966005665723
7778,1.56504727746984,31.838803918198998,18.57307791947522,60.1994301994302
7779,71.52139816267085,94.90695439076559,94.7042619245145,99.18749041851909
7780,11.310223266745007,21.51397925092316,16.39968620158644,64.62395543175488
7781,1.752612066059993,20.120250120250134,29.69041663304554,5.288135593220339
7782,68.78683693516699,13.970588235294121,87.39388235294118,71.19565217391305
7783,56.67743294481112,16.17977528089885,652.1131768804287,92.48554913294798
7784,16.85486091985679,26.785534907081864,23.4206234674952,56.84275563793636
7785,8.402612826603326,76.87253200053414,44.54403000003963,0.0
7786,5.62863260936066,80.75569101452379,50.84908783674261,0.0
7787,30.565777368905245,43.66568914956012,35.91434926415508,138.39590443686006
7788,62.2624703087886,74.09261576971214,94.30855705113905,97.69565217391303
7789,6.820987654320988,60.46030527023135,22.6572893116956,81.66907230022306
7790,79.74179152056105,93.86466670397941,87.45311020320469,98.66330390920555
7791,16.923500275178867,68.06477045302928,26.793645935561145,51.66089965397924
7792,8.075089392133492,55.119182417327174,7.820837412469841,0.0
7793,0.12982797792924375,16.005162465836648,19.720674943458675,7.142857142857142
7794,4.013690105787181,18.024729890106514,21.56461839957456,0.0
7795,21.220633299284984,87.8218264904718,13.964044028074602,0.0
7796,16.21401412275937,85.87013110470923,28.36463113217455,0.0
7797,11.647644132279778,38.945111492281306,44.880715606416494,373.5593220338983
7798,83.25207537224931,86.6982094762258,91.2252465262414,99.84280926535575
7799,0.16534391534391535,13.382231404958675,22.16973157184273,65.08372906773306
7800,60.11923438970819,80.91655266757866,96.53210413321547,93.0718954248366
7801,7.273820258491133,18.779477042585626,23.346927379799492,0.0
7802,17.799094058086865,88.71364620082417,10.129520588168486,0.0
7803,66.82438971932466,87.87746281614986,176.3477708922551,99.9154031365914
7804,60.684985024091674,62.76136363636362,387.4212194667163,388.46153846153845
7805,23.877962682803833,83.15699376589856,83.71327899027078,90.43478260869566
7806,10.52163604030824,76.374836662311,70.25914160189252,293.5211267605634
7807,7.562767911818738,86.09294007093273,7.682819383259917,30.94414236282748
7808,21.76008115647984,62.61152218263757,22.780073760766108,98.62288135593221
7809,13.183060109289618,89.92617289830912,94.33062069462979,90.27522935779817
7810,64.26764127073376,29.411764705882355,93.22749762179193,97.61261261261261
7811,21.19551031062386,68.22571410395064,32.25443398007067,17.394957983193276
7812,84.11051381422678,87.84893964803533,90.82469443676429,99.64135877655976
7813,17.181208053691275,82.69625063777102,36.058402737670605,0.0
7814,1.5472586612848975,63.08238636363635,32.56973613354873,1.9708029197080292
7815,0.7340674007340674,84.50358851674642,29.131771088381107,15.894039735099339
7816,1.3469119579500657,2.469885615953061,30.35894323980371,7.142857142857142
7817,17.211246200607903,89.55086731420488,4.232651898401955,99.5045731707317
7818,60.64549049623677,78.65293661319788,361.8017446812864,97.69094138543517
7819,23.93550012597632,74.96690530865865,32.450729927007316,193.48739495798318
7820,72.66666666666667,85.65230551912016,96.09607843137255,98.08456812432237
7821,19.27807486631016,78.39541853040825,89.86179590228227,87.36089749389306
7822,3.352130325814536,4.924824185595356,21.477231120089712,7.142857142857142
7823,18.80043033889188,57.19696969696969,2.811748667740725,523.6607142857143
7824,0.6196999347684279,5.6620400969376465,12.15274703472356,7.142857142857142
7825,12.518110692552883,52.51286449399657,5.165952027170446,408.0
7826,1.3136288998357963,40.21697016660207,14.974762829741994,0.0
7827,55.93344037366808,8.686868686868682,650.324222431668,253.6708860759494
7828,2.321724709784411,53.04066386701967,19.598589834356442,0.0
7829,19.728795533102897,27.630853994490355,29.004406602434845,529.2792792792793
7830,24.16478271791007,79.59060806742926,98.0306178218054,89.79323445605318
7831,16.831955922865014,45.690855816431366,47.31984828708447,90.41640941208755
7832,32.376150811047786,38.74875793013835,51.075224049632794,0.0
7833,9.50425344675858,16.106290287046292,26.22600648639849,0.0
7834,10.786581839213419,70.87374659899481,0.3796545666541372,7.142857142857142
7835,12.407722884724588,81.6994972896735,2.699869805991777,7.142857142857142
7836,11.932629174992863,27.858793529364906,18.800160004520457,0.0
7837,23.18227091633466,72.93302726430672,22.00726132743593,97.87928221859707
7838,3.2308657465495614,39.770521654561634,19.948757408879967,0.0
7839,6.373292867981791,79.0882476872549,92.64729060985204,0.0
7840,13.644164759725399,93.7455605586809,10.670031452403164,95.9943800894598
7841,2.865239294710327,88.01526056635024,20.23153996666026,0.0
7842,14.427437641723357,9.405869720830342,20.302970860885253,411.7216117216117
7843,11.982881597717546,64.06688002512274,22.295827357360608,0.0
7844,0.5213424568263278,68.86195969450998,15.754893950252963,45.83333333333333
7845,30.533663589281694,86.43313378415071,198.83242988699362,0.0
7846,19.126707741762658,78.8443508188939,43.345287382713764,78.74961971402494
7847,2.253894597282068,51.548807114443264,22.758362662908315,0.0
7848,9.131075110456553,81.30614618224284,20.336555918192,7.142857142857142
7849,14.329352957511801,86.49676281938592,15.09179394938058,0.0
7850,83.25869336143309,84.78431372549021,81.90712847302208,99.58866899495537
7851,6.749816581071166,90.84008970156978,88.20423033321383,81.33802816901408
7852,13.841324200913242,69.27782497875955,3.151783546790079,67.37505838393274
7853,20.5735332807156,72.45653896041715,93.27431888794709,92.56796297281481
7854,10.215366705471478,84.31825114156804,147.33283428506226,0.0
7855,6.302816901408451,6.672000000000004,13.913013292124385,78.97667419112115
7856,72.42351920156216,85.95438175270108,89.8072001665248,93.1701030927835
7857,47.97639123102867,82.16538537354623,56.00989384138114,99.52450621799561
7858,13.964092333998291,23.413895048041386,24.547735293199118,86.48805493761486
7859,24.88181139586962,87.47571606475717,35.24180107100988,160.1489757914339
7860,24.331616384596515,85.5637322917899,131.34589117682393,0.0
7861,16.877753303964756,61.31119785542961,16.35035078775521,77.84298176050754
7862,14.257921067259588,76.21943299478897,5.321917625448078,0.0
7863,21.66074149314373,85.89749246858064,65.37272490728768,0.0
7864,53.680758017492714,76.39109697933227,92.96817383669885,94.62474645030426
7865,0.4287598944591029,6.678825289936406,22.039601640304628,75.74652777777777
7866,14.210233592880977,86.57298159772382,13.71080769308003,0.0
7867,69.95271867612293,74.94978479196556,95.17617340964878,91.10738255033557
7868,12.308129619101763,83.4042838435822,20.793816361508835,7.142857142857142
7869,9.556620730976633,90.74380165289256,19.65649173526228,60.23341873042983
7870,7.385169618733113,56.27396271833519,16.78627556820674,0.0
7871,11.932629174992863,88.36540161707737,55.24882897731317,7.142857142857142
7872,10.548148148148147,20.279356060606037,25.518066694807946,10.79182630906769
7873,2.9362696029362696,44.90777741212607,30.526842139043183,0.0
7874,21.42129393785023,77.94942760308953,72.08997690754411,0.0
7875,8.727810650887575,34.268732176231026,17.390923816327398,0.0
7876,21.726730619652578,88.9781823503945,14.902834437364978,96.84429284600962
7877,75.58117195004803,75.75884446305213,87.36502676049358,96.66246851385391
7878,261.5568862275449,0.0,3572.618181818182,1435.1648351648353
7879,16.486193827828913,74.29550780822218,6.178458903827341,0.0
7880,0.39906883937479215,56.56221533977045,31.947494622035272,15.454545454545453
7881,13.123063925654746,73.16779424352818,2.547423870158847,0.0
7882,9.312105737458696,4.169611307420492,23.551505440134065,64.94353826850691
7883,2.1256345177664975,45.16928097304114,7.197609109546691,7.142857142857142
7884,8.348512446873102,59.11284748309541,20.360103503741534,68.45076784101174
7885,67.41025641025641,7.5067364888911605,65.65429713612133,99.77429520483774
7886,15.998887033945463,88.73144712430427,18.55861578969366,70.99143206854345
7887,13.69353916523728,27.287293291063314,14.975931901396509,62.89508632138114
7888,11.018171329679838,74.60551359980352,17.91562677970507,0.0
7889,64.44470615946297,75.68522433638712,193.8461706068199,22.4364592462752
7890,1.5948963317384368,70.62120625080719,16.120276330428528,0.0
7891,20.304830793076725,84.18469225384798,76.48054614485211,0.0
7892,7.662376533971865,90.95455871377162,13.342274840921425,0.0
7893,70.6940281300438,41.171514941275575,58.738249559745846,99.19465126880414
7894,7.523980815347723,30.27697765268953,14.325531663566377,0.0
7895,20.28423772609819,78.65994073533373,13.852128897008479,98.63588667366213
7896,65.77166315322313,45.36829506949249,386.9184342716619,99.94989207523898
7897,3.2371794871794877,78.44197138314786,26.085805973833626,319.5195195195195
7898,12.382845782448168,389.862485326178,0.03209350366537662,0.0
7899,121.94244604316546,0.0,1815.021973481104,89.43089430894308
7900,77.50287686996548,76.9765689229926,44.93027789679433,95.56313993174061
7901,15.053460889138998,78.58984314334523,16.127501305717196,89.38772409601945
7902,66.63166185350485,78.62745098039215,96.00689831709369,97.56880733944953
7903,0.5213424568263278,52.28712727874688,25.07490407838324,0.0
7904,94.53215745321575,92.61097076867557,85.91807889663765,98.30019243104555
7905,61.37904566969426,50.526545454545456,246.0888888888888,53.41780593531177
7906,86.61118719056147,87.65878444401017,79.45377169635863,98.8660676080445
7907,54.42811043384725,0.0,72.54302033020514,71.19565217391305
7908,8.131791097090781,77.99625468164794,38.35661935831859,94.19642857142857
7909,1.1729222520107239,81.48205741626793,27.59082994776553,15.894039735099339
7910,13.73042505592841,72.36672700346416,152.9300350318206,0.0
7911,5.862176488930464,19.822616407982256,31.978189992809135,0.14295925661186562
7912,7.221880762138906,79.80813570487484,31.81930190310839,1.8271257905832747
7913,6.430087958750379,16.533649276758645,19.07219478353525,0.0
7914,15.2442448062886,65.81325449618132,64.03745565202576,89.54888905513579
7915,5.686334454295323,76.48195605855238,15.821548126560362,0.0
7916,70.75471698113208,214.70588235294116,68.86706108189306,96.55172413793103
7917,17.491307836319873,90.39836567926456,37.936293236088744,96.3172804532578
7918,3.697478991596639,74.72950093390298,18.651427232063362,0.0
7919,9.238011179758752,72.73809492105005,24.57796069083032,0.0
7920,51.44820814923907,78.9996921723189,405.8879700147004,99.83922829581994
7921,37.404105328633634,63.131622978248735,32.27034841694376,16.70843776106934
7922,7.4164345403899725,34.9645823155838,23.567725918069684,0.0
7923,62.22882615156018,76.99534490055015,96.36158234722461,94.33760683760684
7924,0.19411193788417988,29.77042945023384,25.261233434750263,0.0
7925,2.202785876255264,19.246475449684006,28.74399279544803,4.511278195488721
7926,13.609633155978717,77.27645786278602,48.38247560694972,0.0
7927,0.548033526756931,57.53752722117912,19.302925876323354,0.0
7928,86.7975485613379,91.45105480522379,89.39322662962014,99.48044309381433
7929,9.36655658961273,8.511603559588195,29.977945443993036,1.7580872011251758
7930,1.0488364470665357,74.75988385079295,12.973742331288337,30.927835051546392
7931,18.42745203998919,77.5198535547958,12.0636248383898,65.03128911138923
7932,66.51738672286618,84.76327116212339,81.57887648950256,81.40350877192982
7933,1.1783960720130933,31.98811317595848,22.255534668102424,63.50574712643679
7934,1.5948963317384368,5.5964052287581545,23.58826695587906,0.0
7935,0.8499509643674402,34.76314478146952,14.513572792192598,0.0
7936,0.36569148936170215,36.57517853696197,15.738739179341717,61.54693091109276
7937,19.771458942333243,65.70078079416798,86.21831505800918,89.95253164556962
7938,32.949358835035866,45.316618116243596,31.302769877091453,95.7095709570957
7939,12.382845782448168,41.98712060653305,19.898740110172593,0.0
7940,8.020274299344067,33.763158169280004,28.866966425765334,0.0
7941,13.220815752461323,67.05588602482186,19.25637270812026,0.0
7942,14.69341621927098,15.925837320574143,28.163218491356485,36.06407322654462
7943,61.150431089949805,65.55964266946927,495.7985484935121,406.15942028985506
7944,10.175542993156798,112.48788078281171,9.834760553920653,89.38772409601945
7945,74.40080563947633,91.80429864253394,92.26769380235734,93.73522458628841
7946,10.709117221418236,36.4813806530383,19.676807355946803,0.0
7947,13.742857142857142,84.76667818873142,42.04104965232888,40.06864006864007
7948,0.9630818619582664,63.132797579184974,29.172913893780876,7.142857142857142
7949,6.231003039513678,14.715677425378948,17.000275603954513,0.0
7950,34.09735865531543,72.3289542827115,34.78254051228437,12.752219531880549
7951,21.400676907055455,58.613472858077174,21.07411279906514,282.73972602739724
7952,76.51515151515152,7.305039279555476,96.02558202615403,99.57378367511058
7953,7.022302591922845,2.511566424322521,26.92097041513492,0.0
7954,3.461274845784784,11.032527105921606,29.959116553242097,3.866171003717472
7955,4.067365745154115,5.356184798807739,23.63915626464019,55.36741214057508
7956,33.426845058264995,80.55887337441557,123.81348950000456,7.142857142857142
7957,14.210233592880977,77.57934161245811,1.228914783087421,0.0
7958,1.1807149885208266,5.269187509421214,20.121806061186398,0.0
7959,7.91044776119403,87.4481660241034,0.07594490664140059,0.0
7960,5.19360786724032,20.274695571345806,19.997275116765785,0.0
7961,23.453346855983774,71.58942157967363,26.470780301809764,88.18104906937394
7962,31.16496598639456,0.06040836051711505,57.22366087222919,0.0
7963,2.8620102214650767,5.692995529061089,12.90017326402772,47.638680659670165
7964,0.5213424568263278,43.416406638014465,25.309819909065396,7.142857142857142
7965,19.67984934086629,0.0,2.766982149275179,43.01075268817204
7966,61.838198911429984,84.42315394713395,324.3290623950766,99.85894097222221
7967,17.445993984140003,77.94429743911738,61.6330581201448,76.11557531201915
7968,12.365747460087082,47.38359201773835,6.428662827895071,1193.5185185185185
7969,83.5191908713693,59.09090909090909,50.811630361769524,83.12101910828027
7970,3.593015446608462,781.2275471986549,25.727104940495337,0.0
7971,6.154802611128381,269.8181818181818,19.820775797857102,136.77966101694915
7972,2.8010302640051514,6.8041237113402016,24.876461820109853,64.925935224705
7973,16.923500275178867,71.21212121212123,19.160586510263933,51.860785665058586
7974,269.90407673860915,0.0,2286.247132412404,79.36507936507937
7975,62.251262251262254,48.82352941176471,5.484125617726784,96.93287037037037
7976,1.5470704410796576,60.35989133212802,24.232596498462183,0.0
7977,10.863912164114419,43.4200941483696,22.120623053602486,0.0
7978,24.713216957605987,70.05081021697336,84.80584678650679,68.92382103990326
7979,6.416615003099814,13.102471094989843,21.49325702342672,68.36503623188406
7980,4.763406940063091,90.77551020408163,63.63126226712572,118.62284820031299
7981,0.7560815253122946,0.0,13.237118170854606,8.043310131477185
7982,85.12580456407257,83.96209547648846,83.756885620346,98.70983446932814
7983,16.533038429637823,70.05142405063292,1.046808076109223,66.94273544723143
7984,3.515500159795462,30.636273893924425,24.367667513973583,60.91214325685507
7985,6.849737735266894,51.12762237762239,24.419893832311747,70.78628189042242
7986,8.157189639773742,88.3861643533818,135.13511970432708,0.0
7987,12.308129619101763,29.45745174552753,22.544660112275796,0.0
7988,3.6079182630906765,51.4409303644873,25.025694063569176,86.66857524572956
7989,24.14572864321608,89.0123892789981,190.15755313970462,92.31446333278319
7990,13.022183808700664,78.1226642489109,36.991774871085774,84.1609977324263
7991,0.7234462347911871,71.31063044407931,1.7670144611975778,81.08327691266079
7992,10.63151796060255,77.797949322606,0.6935092703791228,0.0
7993,11.756292906178489,16.481596496841284,20.62471590059911,0.0
7994,23.239257564200354,77.16195732441992,22.728236697134456,78.69127516778524
7995,166.93191865605658,32.8369905956113,657.0831858407079,340.6940063091483
7996,36.352382917268415,85.83878361003968,14.95964239299086,98.22888283378747
7997,60.99483204134367,79.52841200915161,60.12715643465603,53.41780593531177
7998,0.16534391534391535,55.84457242837355,10.630725621789578,73.87808526551981
7999,15.291806958473625,86.13711227673612,142.1580352290099,93.60582204320762
8000,7.449417535254445,47.55054792406235,22.71691038186229,78.57361963190183
8001,134.4224924012158,58.37206748892875,151.20968170071072,95.56313993174061
8002,0.7560815253122946,23.357801618671186,24.990767872085815,83.81228273464659
8003,16.717241379310344,49.4214876033058,0.8456189151599344,1813.6986301369864
8004,5.182160804020101,4.773632741760238,27.091527307206835,7.378939277478862
8005,11.629905471211687,57.72434053120931,22.65236466865255,0.0
8006,33.82288469969312,35.00927643784786,45.17278385919724,3.1206657420249653
8007,6.013745704467354,39.632077550121195,27.285019950115064,0.0
8008,4.310618066561014,74.66444478109378,4.471895632174807,66.80921834164884
8009,3.802153432032301,41.91011235955057,20.145909537208528,0.0
8010,60.19868404076894,15.01018022773544,343.0491418485571,98.82246376811594
8011,83.12533191715347,85.30968912012018,83.55411273596734,99.64232689971656
8012,19.828482328482327,72.16499161427159,10.224287651788517,0.0
8013,23.996058142399608,81.65986193427135,82.73696366620003,0.0
8014,10.654039656703167,31.055521659548504,23.251867202767894,64.9171270718232
8015,5.397117448635388,25.214828020298242,15.476201129460856,7.142857142857142
8016,22.48743718592965,57.11566670172002,79.61629894853999,0.0
8017,9.50425344675858,0.0,19.065503640129815,0.0
8018,21.44130379424497,81.93489469172154,88.31642284196286,0.0
8019,61.673225847403835,33.00395256916996,782.0474751834266,552.803738317757
8020,34.95677841028885,79.97500875703932,205.5781655125662,98.0392156862745
8021,18.62533692722372,73.60837647647917,24.12777002835817,79.17412045319023
8022,8.874132206459402,72.46909090909091,15.279857397504463,235.8173076923077
8023,68.35159362549801,94.46023529411764,96.17435697330342,98.54235423542355
8024,7.690005984440456,64.19791195072087,19.321187518813943,0.0
8025,80.50613496932515,92.3374613003096,80.30483467263865,93.57575757575758
8026,70.66020313942751,72.78376139188069,92.96057608669992,97.58761948111061
8027,173.21266968325793,310.90909090909093,345.5749999999999,3226.190476190476
8028,0.2656924609764198,46.76659528907922,31.612329921733934,9.812782440284055
8029,1.5470704410796576,24.009182722540867,25.08823605581516,0.0
8030,13.69353916523728,0.0,40.253216143978655,84.15381125226861
8031,14.475920679886686,77.01403358546216,29.339930525445883,88.18104906937394
8032,60.919093851132686,26.15188024826578,141.7164037582967,57.31981981981982
8033,66.77992681651855,36.43330571665286,41.100311567027596,96.86204854943755
8034,10.26759744037231,86.48843355326746,132.52180912042556,0.0
8035,4.219543147208122,29.23753665689151,28.094405594405597,3.38865836791148
8036,15.710382513661203,75.21079328320516,168.69449068102585,0.0
8037,16.191252377071446,75.11291965742596,9.688507948866567,0.0
8038,17.8950231166712,44.09400123685837,640.3509519371589,170.73643410852713
8039,31.789426118391322,80.91110196029611,342.9996400821459,86.70157068062827
8040,15.62325321408608,71.88239022030987,7.767578283138269,72.57557911268158
8041,3.662634408602151,1.5002978408348326,19.816148385437238,0.0
8042,22.66905737704918,83.03607700001031,65.66317148004482,81.27345844504022
8043,82.09102519447346,81.13623245891719,398.2093755330544,99.84911792014856
8044,2.044127190136275,22.97861463747124,23.228817624804922,65.11860174781523
8045,5.33082470994042,7.097315436241601,20.735799297991882,79.87611639297033
8046,20.856849666495638,70.22893258426967,24.655262956650308,98.15078236130867
8047,24.920905329763933,84.14933518426628,102.623070021824,0.0
8048,8.781785925487878,76.29768589880206,34.907358511158684,0.0
8049,16.077257889009793,25.599757060431187,17.618592030453403,7.142857142857142
8050,20.0688377018798,17.364578426754594,5.3484789373882995,75.63230420373277
8051,60.82042164084328,35.455680399500636,694.2545199854426,92.07317073170732
8052,31.375108790252394,69.743720515109,91.94868546088058,87.26541554959786
8053,17.211246200607903,238.8576779026217,396.90443457524765,99.35739001482946
8054,10.996462264150944,65.57663824506625,19.791011390848645,75.86385625431929
8055,12.594093804284887,67.36462093862816,26.934833145856775,75.72327044025158
8056,18.778584880279794,79.62236130264134,181.49411241426125,0.14336917562724014
8057,21.819564115560063,84.35477505255513,65.3563669077631,0.0
8058,6.93815987933635,30.68516808484707,18.628532543894142,0.0
8059,12.50709018718094,77.68550498081082,0.430342471347255,7.142857142857142
8060,15.710382513661203,75.34148490857017,2.1002164046539775,0.0
8061,9.907490301402566,64.22805999834259,28.477590981168678,72.72017184143722
8062,8.558072635742539,78.70288248337029,4.747722579861555,751.829268292683
8063,16.12289287656335,47.680951136660546,4.062837606320476,0.0
8064,2.321724709784411,50.4659872833377,61.10877885402077,0.0
8065,71.57871198568873,88.10782123043577,94.9040842006954,99.60195268494179
8066,16.21401412275937,38.0518983057055,82.16103030571517,0.0
8067,2.4084124830393487,51.657754010695186,19.66183568983299,0.2871500358937545
8068,18.471509586821497,76.38550324897189,1.5981008597459359,67.78136531365314
8069,32.656625191006334,76.1329153411253,31.990521927131027,98.96249002394254
8070,1.1783960720130933,18.682426560055664,32.12282101902804,13.30089213300892
8071,30.124575311438278,88.53699977926806,201.96007652865026,0.0
8072,3.8535031847133756,10.20550330895159,25.18835426410137,6.92871419053964
8073,12.50709018718094,83.07193096053423,167.20637645359977,0.0
8074,5.597248280175109,23.916449086161858,29.405691799230976,21.795989537925024
8075,83.85826771653542,64.70588235294117,59.64997853155861,76.44444444444444
8076,169.55357142857144,139.69696969696972,1730.708148148148,1813.6986301369864
8077,49.70320538187574,89.10034602076125,95.08931958676693,92.79891304347827
8078,0.22639068564036222,89.20203750193554,19.67138096873669,0.0
8079,2.455573505654281,68.08080808080807,21.74382552065523,23.702894593118515
8080,79.8094103633115,71.4837336576467,48.15917487684728,244.93827160493828
8081,12.007986309184256,82.96831453627462,63.955152305436556,0.0
8082,10.308972073677957,7.43953294412011,31.64367625062323,1.688951442646024
8083,8.404126213592233,11.660079051383402,5.723920295735285,1114.7826086956522
8084,72.23971924772789,51.62857508364521,1381.6148340291772,99.96559208088507
8085,21.180378129790494,56.56358605796805,1090.4027297224036,99.22341696535246
8086,73.12008978675645,90.60853769300635,66.33794694602912,0.0
8087,17.760828112231,5.923444976076578,24.04337383398311,51.10255512775639
8088,10.734953703703704,16.78393080078475,19.835478034267336,0.0
8089,4.247237569060774,91.94434456343312,28.85313959522574,3.455425017277125
8090,8.429801127931137,75.7532422405053,41.16242252208488,0.0
8091,2.22001325381047,64.145817202458,3.122445478983594,0.0
8092,0.9819967266775778,16.715937041698915,18.7321450969345,0.0
8093,66.5766738660907,53.89691457107189,65.34038479335747,0.0
8094,9.028530155290719,73.54618327564219,121.16292977305983,22.689540675152188
8095,16.666666666666664,75.21720339215764,6.167930269395854,0.0
8096,57.811626607043046,70.19492914296731,562.8785046728973,59.03225806451613
8097,13.022183808700664,68.13252321449042,40.88721930213412,315.7738095238095
8098,18.13991323210412,61.613075526119,39.44714452777153,6.559877955758962
8099,0.6668889629876625,12227.272727272777,1.0166494564271635,62.74666666666666
8100,67.93685356559608,80.39159910870904,84.69154259964291,84.52380952380952
8101,0.8829300196206671,88.33536392762059,1.057939914772568,0.0
8102,12.340301974448316,66.64807358427838,23.0901035892813,70.62657695542472
8103,19.234884965222044,82.50249750249749,59.93740383903374,87.50782437628544
8104,7.873054623130912,81.93477816643228,6.200711794773821,67.00519603212094
8105,0.6761107533805538,104.79952206980536,25.754193799157633,0.0
8106,0.6581112207963146,8.279220779220783,17.931361968486947,404.33212996389886
8107,16.418314819832027,28.216418665856835,23.51056732302971,0.0
8108,71.96209587513935,77.95563238259867,71.82522056588009,94.4206008583691
8109,8.157189639773742,30.981369158758053,19.732598022200563,0.0
8110,7.080874696286012,91.55079280820235,3.8677726511961676,0.0
8111,4.117448531893351,14.105136436597101,25.655347125492987,0.0
8112,3.175112251443233,31.15318085719777,16.684026147567632,61.50454670708184
8113,3.6744505494505497,91.93856824374535,28.294019933554814,244.08866995073893
8114,17.336548767416936,81.4016367998561,16.93658701413859,98.94566098945661
8115,789.0489913544669,0.0,656.2751545593941,0.0
8116,18.386243386243386,90.13149275106962,32.705986039439466,0.0
8117,10.032079323417905,29.462279293739986,25.731175552287404,7.142857142857142
8118,15.172801348693454,77.46006760766907,1.8771860477538833,67.77393310265283
8119,12.283195905601364,39.75863503953393,17.33569965455116,0.0
8120,11.854014598540145,90.54410683655966,15.418432106358198,78.05529374803645
8121,23.939842209072978,85.36630327123382,180.2249219500482,0.0
8122,53.73134328358209,197.28506787330318,70.9726460060106,85.02824858757062
8123,60.43857399333162,83.89045097771161,168.22455066920986,98.97233201581027
8124,5.301129234629863,30.55978504254368,22.127137067725275,70.5460678895214
8125,22.7482088024565,79.17622446102942,54.29470672389124,93.52311187352218
8126,19.66471527408196,84.82671021593177,35.730159032473104,257.2890025575448
8127,12.085032032615025,86.46590480112563,3.8109844800302057,80.27950310559007
8128,2.804032766225583,88.66640781097063,20.416040889450926,7.142857142857142
8129,61.110395465670486,71.0072853975293,394.6919631093545,253.6708860759494
8130,10.992498557414887,71.21613917526204,8.338932020166547,0.0
8131,21.36120316084629,70.01735184504871,39.25537219125329,0.0
8132,6.713032960387058,35.69434691011232,19.562402150364218,0.0
8133,1.821247892074199,27.593795093795098,26.657596371882086,10.79182630906769
8134,24.5721271393643,90.55976270822617,26.86141237140452,97.19222462203024
8135,13.585434173669467,88.43177826432162,183.40115510930437,0.0
8136,8.181265206812652,82.39203606311044,10.949721753499645,88.46503178928246
8137,32.686733556298776,80.93086554164398,57.66949676693842,359.5394736842105
8138,1.2753433616742968,80.31808257244938,23.5563407588582,63.52480417754569
8139,9.907490301402566,64.22805999834259,28.477590981168678,72.72017184143722
8140,0.38747174685179203,27.201659287032832,20.578893750288145,0.0
8141,22.331319234642496,8.551810237203474,487.05748506925295,98.52941176470588
8142,13.841324200913242,76.77423927423928,53.39815810202266,79.82962749061507
8143,66.50856389986825,72.75086505190312,96.0265190855413,97.77310924369748
8144,31.681375876895224,70.9090909090909,17.223470061858155,807.1428571428571
8145,16.698879010436798,73.26276463262764,170.04545454545453,1583.132530120482
8146,161.66242578456317,0.0,3008.939121085875,84.33734939759037
8147,27.165259348612786,83.62463133683292,184.07644784688995,91.46661779976787
8148,4.552639898830224,54.192218038371884,22.767674129326604,92.00251889168766
8149,78.34752981260648,87.33193277310924,88.80360887319281,95.97570235383446
8150,9.610313507178434,88.54877445715636,2.5424007294123614,0.0
8151,29.031499764927126,41.28168642951252,63.46275785974663,47.500939496429915
8152,15.270530074155452,72.19773325402711,1.5828957998041266,0.0
8153,10.654039656703167,29.518508702182157,15.60661766563108,77.23643474010102
8154,18.580100290314068,76.55858231872539,2.916682846245707,7.142857142857142
8155,11.388318168476665,78.37320574162679,22.53646357110658,310.88235294117646
8156,64.17892738490745,74.3529267069698,485.61626006230136,88.3476520143465
8157,13.792118789263277,62.351261304140884,48.153011765977745,29.35185185185185
8158,7.221880762138906,40.68703738849875,22.516729034782344,14.451928965094918
8159,4.959950708564387,16.150013376136997,25.47999798626132,0.0
8160,13.147522522522523,27.675100305141147,15.941458220172564,7.142857142857142
8161,60.8054885020963,52.42638512204573,406.8607659679786,95.4225352112676
8162,21.82806835836354,77.71961385009973,98.51046442247419,87.36089749389306
8163,86.67156040268456,71.45618496242014,77.33436597800134,99.75616488774384
8164,20.734840698869476,76.54306065033302,65.19880680351584,0.0
8165,12.951467268623023,73.4788908696855,1.8975624806111682,0.0
8166,6.713032960387058,76.91373420002033,2.7096345116888467,0.0
8167,56.828256828256826,413.6363636363637,534.9824304538798,200.43010752688173
8168,18.844086021505376,88.60595390524968,7.358053387418447,66.74601285408237
8169,0.38747174685179203,46.88666036613113,17.860866580685137,0.0
8170,26.434426229508194,68.01989594454895,22.650196238652505,96.20991253644316
8171,14.495565410199557,40.51542603722994,92.08240823710494,0.0
8172,17.336548767416936,65.09552700234006,3.4963694349494916,98.9202657807309
8173,32.71673724091821,77.25595437772559,20.584324044020203,160.63432835820893
8174,25.32074558218349,83.22956757060703,72.90480713538359,0.0
8175,19.071353620146905,79.78850652945935,72.89409071300737,0.0
8176,15.172801348693454,60.25879230258793,567.5827083049229,199.7854077253219
8177,8.700799052974252,74.03713138405823,3.463905674571083,0.0
8178,9.988073941562314,45.553596910937635,26.689253550398345,23.49397590361446
8179,21.079559989767205,84.22679454397476,62.684987644205826,0.0
8180,11.957762557077626,46.39588483983574,13.695110290416851,0.0
8181,66.42894875858426,1011.7647058823533,87.45272158136787,93.60675512665863
8182,3.3823989978077043,24.535012038523295,21.266742440605384,0.0
8183,6.964560862865947,81.07579586939318,23.98912680437758,68.37219832465475
8184,7.440744074407441,577.7153558052433,9.034211575207653,0.0
8185,18.405405405405407,84.61139161364557,55.40549411922389,86.28644350642976
8186,1.468668407310705,9.397874852420319,32.60858745160227,3.9202200825309492
8187,41.96962724344225,74.20872474980045,72.38279621651147,0.0
8188,7.221880762138906,74.34825420481158,1.2463669036643399,73.42085235920852
8189,15.293794618341572,77.81009262000862,11.31716531771184,0.0
8190,70.33146591970122,82.51942286348502,94.38772896897532,85.86666666666667
8191,8.93361581920904,38.12911375573434,7.415157407817051,0.0
8192,94.32259793630232,89.79532779122383,85.77037749122935,98.18865345181135
8193,1.4802631578947367,0.909533814439247,20.776743777467946,0.0
8194,5.254179460934835,23.941227312013847,25.96453673004119,0.0
8195,59.64154892726321,63.9493339659399,157.2554726230385,98.6639260020555
8196,2.187698161065314,80.90002417491448,17.316722638433653,7.142857142857142
8197,25.91258405379443,86.2213593914878,49.981779520508596,0.0
8198,0.821287779237845,12.460635321226759,27.425190114549608,69.39088518843121
8199,12.705149971703452,24.99870211740275,25.99350708094466,0.0
8200,184.81132075471697,0.0,1220.2222222222222,4406.451612903225
8201,0.8538587848932676,54.06738930360976,28.183960259827877,71.76066302809784
8202,20.23778071334214,81.01082520970301,65.20015178721627,89.15119981362119
8203,17.314392924149022,58.31512692467749,204.74673510896105,96.85990338164251
8204,51.99554778184131,77.94160666066607,311.4410458434748,18.96751740139211
8205,29.584487534626035,75.99179206566347,89.66539376978004,90.95563139931741
8206,17.37821565407772,2.064329299824181,4.666458226106707,57.55089638407779
8207,12.382845782448168,69.27764455588057,33.5968049642559,0.0
8208,8.700799052974252,35.022497046477156,20.131438899879985,0.0
8209,28.75560538116592,83.84845463609173,94.8369057211926,78.27868852459017
8210,1064.1509433962265,0.0,995.0640983361858,45.83333333333333
8211,12.695199537304799,78.65612648221347,0.7655965734095407,84.99785223367698
8212,11.49223101729698,65.14244238795138,26.37304465041433,88.05676669231427
8213,163.43804537521817,0.0,1832.956937799043,2082.8125
8214,18.03931987247609,86.33330150343232,203.8480925930795,7.142857142857142
8215,73.52634867735888,93.35594104604148,91.13233170137805,97.52220663861617
8216,21.80782180782181,65.16925373546934,25.04946126848716,75.01341441602575
8217,20.216701902748415,77.93345340790596,21.132509545520488,134.39597315436242
8218,9.424544920728128,88.90318129845784,15.064028613803188,0.0
8219,1.6840687100033682,104.39550140581069,19.098236352623378,47.24320241691843
8220,15.646828723107012,69.94549814693698,19.149093215696453,358.0327868852459
8221,35.39482131393109,57.56916996047431,31.549125528159568,16.70843776106934
8222,4.612954186413902,72.72110939907552,5.959273746806217,57.39554742299482
8223,5.00314663310258,69.49834479246243,20.516422503177477,435.2490421455939
8224,9.637832984136487,90.40232076501506,16.72795269119966,89.38772409601945
8225,43.58083394294074,77.38270143194337,60.22134402661944,99.92674405499831
8226,14.471860271693929,64.56716475539596,31.427090632908026,96.3172804532578
8227,6.648113790970934,21.084673449294392,22.888190507046826,94.4646960931928
8228,12.729844413012732,71.16581924285241,20.077357943087858,0.0
8229,15.710382513661203,12.865168539325863,112.58049473431684,0.0
8230,544.0501043841336,0.0,2583.8974089712456,0.0
8231,20.63287882685876,45.50860097444567,56.07886196351991,0.0
8232,0.45175863181671505,83.12529672416521,9.217484075756637,0.0
8233,2.9569046870084934,30.816130999041906,22.881664827421623,0.0
8234,24.202862164197843,49.09945853519523,0.6411812187667264,57.55089638407779
8235,22.569889715311618,80.21130659033525,57.871981326869545,80.40123456790124
8236,1.4468924695823742,73.35651774612072,0.7536818601324823,0.0
8237,10.34582970066841,58.88199204465613,17.916649492655743,7.142857142857142
8238,18.429402432575355,75.8225073443674,35.87357026935785,0.0
8239,5.045233124565066,76.4712815274613,24.92438902803053,19.94269340974212
8240,13.269609221253868,29.088639200998728,33.31072524238966,95.84664536741214
8241,18.644514767932492,84.2260458945147,61.369342073772216,0.0
8242,66.25962304220866,8.590774439272119,19.960455033672826,95.53119730185497
8243,19.06166219839142,90.66432380776226,79.32041644208671,112.6331811263318
8244,13.24712643678161,83.19495423720775,1.7902211874272447,79.50711456652486
8245,12.365747460087082,18.33700642791552,24.851998066387377,65.87689301416707
8246,3.352130325814536,88.48973322521545,19.366574362576376,7.142857142857142
8247,3.714107365792759,78.12138822281786,21.26188932412663,7.142857142857142
8248,72.73117356790388,86.50175301908844,90.49705303935906,94.73684210526315
8249,182.76810265811184,0.0,1725.4275874725347,82.1917808219178
8250,12.407722884724588,80.8739267340021,16.507560694108854,98.1534090909091
8251,25.768379641013034,84.1004008686272,187.80247735046026,91.734216910242
8252,18.162103551097857,78.39641045649628,20.993987408926927,421.2686567164179
8253,65.93406593406593,77.20588235294117,84.51813997317966,88.35164835164835
8254,2.139384116693679,166.86758893280634,26.15230902368029,47.54036800600826
8255,4.9732451998740945,88.24835852465517,20.72902866106612,80.43965275833101
8256,5.715158924205379,16.491627733374557,23.534323132614915,0.0
8257,7.078313253012049,49.43139257746,28.359269761744905,0.0
8258,30.829596412556054,79.4300892430456,8.975519376015002,99.30629669156885
8259,60.55657172720146,77.71491178784132,197.31698723710224,19.85083189902467
8260,1.845370664969774,10.503314908783398,19.60116766657363,0.0
8261,81.97418805843142,20.58823529411764,59.03196930946293,88.6021505376344
8262,20.304830793076725,125.31835205992505,30.769728998937378,0.0
8263,3.6388602814967386,175.03078594712062,0.6161768351992197,25.25414660246121
8264,18.317099567099568,72.73192551312826,146.18742428547074,94.87283003633428
8265,68.74077717658632,57.46130030959752,46.24088263014914,95.33450704225352
8266,15.363511659807957,70.30492737073214,5.982906677828651,0.0
8267,4.826388888888889,60.76818181818183,30.921822738579934,11.414077362079897
8268,20.22239462115335,77.01275935084388,36.67023146358068,0.0
8269,11.401493394600804,83.1267197890392,71.77721976867653,0.0
8270,32.99559471365639,11.60493827160495,88.19971780984022,223.37962962962962
8271,29.758652094717668,79.36175459687735,296.913901645772,99.06943450250537
8272,33.78407383558704,63.00508510703086,310.4229550497062,98.15078236130867
8273,19.234884965222044,84.3204459203036,191.10597353875156,89.65108526557522
8274,6.590346534653466,16.727090544725808,23.069941893932867,74.5953809783597
8275,22.58974358974359,82.6813292965943,57.320939050400185,89.35862279098112
8276,2.096719648292188,87.72395799918735,29.311946338948697,4.511278195488721
8277,61.000306842589744,73.78516624040917,3.99934512358932,98.24095585794889
8278,26.48626486264863,74.96125532739248,183.4126572095133,97.61029411764706
8279,8.763977032336054,80.73522304383548,106.49946962034684,85.9286865431104
8280,12.416594139831737,58.00184586986619,23.030135949234218,70.78628189042242
8281,22.38993710691824,77.10450325163251,71.0894933553964,0.0
8282,6.416615003099814,19.947451392538106,22.715359224664645,42.46293245469522
8283,70.63987063987064,85.31141868512111,96.88636197973614,96.20615604867572
8284,15.363511659807957,35.253437679176784,2.617461743632474,0.0
8285,6.797583081570997,67.15563878485227,2.9085882830275476,0.0
8286,17.423413566739608,64.24510118856408,29.466096722822883,22.00873362445415
8287,23.21973550356053,87.62032866384078,58.413412103170856,81.08839853797211
8288,0.7886953664147224,4.949854416046575,27.17784670578122,69.40429259745949
8289,1.308724832214765,72.48711982715639,29.79899076972714,18.873403019744483
8290,9.880597014925373,36.33252678880055,22.702923745687336,58.2486551105798
8291,4.522454142947502,54.33457930742648,18.95983301331532,55.98613736609956
8292,0.06487187804086927,22506.647940075043,29.035304276146938,0.0
8293,58.82274426054458,46.213066999583866,766.8101338638731,96.93396226415094
8294,2.0945731513805144,18.637313822837744,21.815853828585713,0.0
8295,3.45378957467221,81.58597561713822,21.993248705348595,62.12039045553145
8296,18.169761273209552,6.4294631710362244,124.69981743429561,98.06835066864784
8297,6.853864734299517,37.187638886097226,19.62635654245977,0.0
8298,0.25864856126737795,16.752904808922104,19.640316372220383,7.142857142857142
8299,10.941108545034641,28.79429270526071,18.27823986425908,0.0
8300,6.966224366706876,46.221685136142725,25.788301258264774,0.0
8301,6.935881627620222,58.71707731520816,18.333261738047174,373.5593220338983
8302,11.857142857142858,62.058814936867144,21.849709386141374,0.0
8303,12.56878077034463,104.44245409762651,37.68480663344711,38.24049513704686
8304,118.45151953690305,0.0,1074.8494382022473,2440.0
8305,6.849737735266894,0.0,14.046099554989608,16.646778042959426
8306,2.7734005672864797,23.39795036424251,29.479584939223695,7.142857142857142
8307,17.995746943115364,25.525785076346892,347.36723428525374,95.578231292517
8308,24.902629016553067,85.37248630458708,106.0259643789792,0.0
8309,21.740233384069,74.22115428004152,234.86649068555528,98.6788617886179
8310,17.425053533190578,86.47884571411532,94.94283608157062,0.0
8311,14.281658148779103,36.895237072437304,23.622626026520134,60.1994301994302
8312,2.477936184657162,53.360611990748986,28.197386215950548,8.043310131477185
8313,14.789726220716906,81.12701505200641,171.07855484869324,95.44654498044328
8314,14.159795280068241,4.875173755907692,23.07258270251962,79.53113553113553
8315,7.221880762138906,32.96733569460842,24.527268061080466,7.483443708609272
8316,36.29457691496096,84.38631599008957,6.173164017405205,3.0534351145038165
8317,62.485242030696575,43.10542398777693,14.271467873678546,96.78398058252428
8318,23.47275031685678,0.0,64.45624976359603,89.54888905513579
8319,4.733354370463869,80.39843614480337,23.4400354534002,65.30054644808743
8320,0.19411193788417988,73.17638665953272,26.737618505973547,0.0
8321,1.308724832214765,11.045270518954732,25.710780410407057,6.990679094540613
8322,10.657399362872864,40.94111222059574,9.894741251307435,0.0
8323,2.329343254610159,36.61320607103739,19.53200366554507,61.726027397260275
8324,21.700507614213198,84.03684784350592,181.77957358282197,0.0
8325,28.425794215267903,68.1191222570533,18.279893788360262,317.01492537313436
8326,22.02995867768595,91.85878962536023,20.34413407821229,122.80701754385966
8327,41.83044315992293,25.172374559107976,6.926789876154965,83.97384421245842
8328,13.464235624123422,38.48965966454971,18.85168121187449,0.0
8329,58.20512820512821,75.19577800476678,65.70571815796879,7.142857142857142
8330,21.240745468470767,83.3370932170005,99.80409599317119,0.0
8331,5.397117448635388,46.59001046535496,19.708001331215584,7.142857142857142
8332,12.212852573422508,73.74920678714305,2.7998171312958413,68.02471961547265
8333,15.317046390337632,3.100713357795663,16.904408971119924,0.0
8334,39.35315387705906,60.17557163605516,160.23517285188626,89.87020520629396
8335,61.16712496180874,92.81914893617021,94.6848326781233,91.7829457364341
8336,109.5788043478261,80.39159910870904,21.572750880410688,95.56313993174061
8337,2.9260450160771705,47.06470469663374,25.08376512168251,70.9684123025769
8338,66.05235042735043,76.57470067673087,65.66575899740823,89.27125506072875
8339,4.0121375590020225,45.3236106972369,4.039588479052467,0.0
8340,0.8357441337190614,65.71281663136759,19.714415778369645,0.0
8341,2.712078208766951,387.9550561797752,19.189808180211354,7.142857142857142
8342,5.950155763239875,60.37301764574492,17.728879548722492,79.87611639297033
8343,83.62324442726454,80.60170633138752,74.81727409816126,90.25735294117648
8344,2.9019346230820546,3.7068529203360767,15.131878514824857,7.142857142857142
8345,112.17331499312242,35.455680399500636,829.6224624047335,99.3545183714002
8346,1.3115802943058221,72.37573277967758,19.547268581752046,0.0
8347,66.3393344244408,78.12579144804079,146.5258296393328,99.74282888229476
8348,18.986344537815125,74.11035648336515,4.672495936790331,0.0
8349,10.032079323417905,77.76589777150726,6.222479400851151,0.0
8350,51.89611217335883,85.33581831987298,141.21938441388338,64.65975208702251
8351,28.25570342205323,82.2770400787239,78.24182639006945,90.1564261555806
8352,64.37780269058297,74.36974789915968,81.6204256063943,81.97278911564626
8353,5.801526717557252,311.47003745318347,10.315759228435354,0.0
8354,17.80560849441873,37.78489116517285,6.53069838833462,358.0327868852459
8355,87.73521181125157,92.24314372810503,86.01087454308092,99.73148241969805
8356,26.669905270828277,76.07721046077211,107.9649949511948,183.9430894308943
8357,12.308129619101763,76.97702619982188,16.426661385310524,0.0
8358,64.9889829525687,86.7181627062496,187.09080435176196,23.827699018538713
8359,0.22742040285899934,39.79608163845826,17.60358878388761,0.0
8360,4.470030477480528,73.7699846557442,25.43520252074421,0.0
8361,37.865055387713994,82.92929196255957,29.730123657737128,98.72922776148583
8362,12.594093804284887,21.723518850987418,2129.6248482684755,56.082992769569316
8363,64.72384124340827,88.83158742949234,96.48539833688045,96.12573099415205
8364,1.6889738687061822,22.315550187672596,20.129206766277417,0.0
8365,11.075110456553755,35.657380254154454,18.910103545654234,60.1994301994302
8366,17.445993984140003,77.73757404069018,62.234960292142574,81.43521594684385
8367,1.845370664969774,521.4267049908543,9.245164842327428,31.57894736842105
8368,21.80782180782181,81.04690952201325,49.251822152830954,81.20037679989234
8369,15.386725178277564,82.99507426936707,180.34232045124753,0.0
8370,1.6291951775822746,25.13097072419106,7.1567637961908055,233.41288782816227
8371,66.33112582781457,198.92395982783358,71.02512852657196,97.69565217391303
8372,13.12230215827338,13.274240622635366,17.699930393581553,67.44348636681427
8373,20.201758923952408,79.45056745893409,67.39249561123025,0.0
8374,23.569620253164558,77.65779467680608,62.33662446833209,91.25234815278648
8375,17.423413566739608,77.43451943203033,22.218363642272497,63.78014000518538
8376,16.191252377071446,75.11291965742596,9.688507948866567,0.0
8377,7.675840978593272,78.42327703783528,39.93757002527427,83.81978225619643
8378,11.553899082568806,77.69941044656068,19.58501851821283,0.0
8379,38.21349889845784,80.82841992064374,26.949935849759505,98.9202657807309
8380,31.386363636363633,76.8474517906336,30.876278770399995,18.289585097375106
8381,23.073787199347738,78.34788162657014,37.79018338727075,409.8540145985401
8382,71.954986760812,89.38053097345133,91.56091562897153,86.91358024691358
8383,12.457434733257662,74.22387236578967,19.808808608880664,0.0
8384,5.570860116314662,78.08808411636338,17.730644282289436,0.0
8385,14.451686030036836,6.644838212634804,751.5418671799807,22.329246935201404
8386,10.838747784997047,79.32197554164169,15.188897100981105,86.60722845364778
8387,2.373685995252628,28.395699578315536,19.796753349605854,66.50683289379046
8388,4.71826205023761,21.83646845936959,29.561303774890312,0.0
8389,19.661458333333336,77.87888050676342,54.79070276418696,7.142857142857142
8390,1.0583707504810775,55.37039978453486,163.55762619457036,0.0
8391,16.350325379609547,77.79838762088086,14.278786224597884,0.0
8392,11.401493394600804,78.93844148558796,57.95339415168651,0.0
8393,21.819564115560063,51.538837322911554,97.21050681094249,0.0
8394,8.018207282913165,8.999351517317145,26.98960379904009,0.0
8395,12.796071634893124,77.97900418725567,140.62358536308582,87.20695970695971
8396,28.20572492436584,6.963184665456396,562.3456035318557,99.46369636963696
8397,56.591530054644814,94.80814614107157,95.42038412560193,97.3082783138649
8398,10.605621558968414,0.0,9.777371891561309,0.0
8399,0.8829300196206671,393.7640449438203,23.938130110126657,0.0
8400,8.153331305141466,35.16471480326902,23.244938732019165,68.56435643564357
8401,65.08241758241759,66.28482972136224,76.37202686685104,91.09243697478992
8402,31.838267786124614,71.12490965240819,81.38501289882585,96.09609609609609
8403,13.07410538179769,52.88019253499666,16.738958140830277,0.0
8404,13.39135317237507,93.63295880149809,9.90438915309971,0.0
8405,10.068513553768245,4.456452638270823,23.268083035017092,68.84478144513827
8406,10.579710144927535,31.235932064661355,4.9524193888290755,0.0
8407,4.222972972972973,682.878083430195,36.07514491243953,7.142857142857142
8408,27.61927595300887,21.443850267379673,110.41911454673223,409.8540145985401
8409,17.557455905932656,83.19882207506909,72.95624405487567,0.0
8410,3.5032843290584923,1.2339613505931022,24.884078235548127,7.142857142857142
8411,0.16181229773462785,36.3049477626651,19.04163230185047,7.142857142857142
8412,27.171860245514633,19.01342833653055,48.714449029607444,0.0
8413,13.682148852825964,80.83253273279685,105.71533487508124,0.0
8414,12.85310734463277,72.70775274614397,14.60034342933941,0.0
8415,44.092592592592595,85.38128823598177,70.0910400209488,59.293044469783354
8416,13.706293706293707,85.39020687533035,150.88743320245007,0.0
8417,180.31569173630456,0.0,951.5044247787611,4406.451612903225
8418,73.2421052631579,83.12020460358056,90.96049677079597,92.38505747126436
8419,19.321218599679316,82.17308460794477,66.1989223794109,80.67238516878804
8420,73.17433516251583,89.73384030418251,96.364434593732,82.62295081967214
8421,127.67527675276753,31.170714026821262,862.0725233013422,91.55844155844156
8422,68.52913582820807,81.77286128505641,253.93533268741123,57.679491063314146
8423,67.25761772853186,80.4607579208946,291.8061727153915,8.871493803000652
8424,9.264705882352942,79.62367668217418,23.842066483100343,0.0
8425,6.53250773993808,81.93424415364808,138.5130640756048,84.34383055026336
8426,11.655211912943871,48.87001188273696,24.603056237523816,7.142857142857142
8427,56.11918604651163,281.05672105672113,5384.981213097155,18.99488926746167
8428,83.12533191715347,90.543377381005,88.65408268285438,99.51273329042934
8429,4.310618066561014,21.56921916258015,21.757677085981822,56.78935972780699
8430,22.430626927029802,89.23980470513484,49.10693670327245,86.28644350642976
8431,28.07181161109816,13.032093503809913,937.8823863319329,99.45697577276525
8432,25.465088185552066,20.40384302230908,49.128281642832064,0.0
8433,142.29534510433385,112.30303030303031,2208.7303182579567,1402.1505376344087
8434,14.062055223455735,89.66820557240148,4.528038055535829,97.37114469054026
8435,0.19913707268503153,57.75566188197766,21.15407335742539,84.6668861815388
8436,6.086657496561211,282.58124924489545,14.542519840681086,7.142857142857142
8437,73.8477366255144,87.59645407888598,86.40536421822615,96.46430953969313
8438,10.110722610722611,80.98349579815616,45.79599897161678,7.142857142857142
8439,0.19834710743801653,15.609441268670468,19.587763235398565,81.60631994733377
8440,34.716644355198575,77.4,89.60638297872342,252.77777777777777
8441,7.9573170731707314,51160.90909090946,9.86296323857717,56.02769908718918
8442,4.281725100837728,79.14721982137712,2.037574304206314,0.0
8443,16.077257889009793,82.36686485392457,37.063069197107225,0.0
8444,7.468506298740252,3.237980585492603,29.679095378970523,0.0
8445,6.013745704467354,5.712309240315296,28.2476036328108,0.0
8446,27.792394164075578,16.977447105324334,1177.0894822144503,6.3044936284372906
8447,11.350574712643677,62.17402665273062,25.15596130760132,0.0
8448,19.911734164070612,72.65002680254445,30.242072097887263,99.44539249146757
8449,27.222924568057312,54.67914438502673,51.94708411421011,831.3333333333333
8450,4.753820033955857,10.170476559473052,21.05253857607056,7.142857142857142
8451,23.770694341487523,30.336134453781483,1290.2155887340139,99.66268811624286
8452,69.09046692607004,71.12299465240642,96.12544768386304,75.23364485981308
8453,34.736619420351175,63.74885738456037,10.481882719426471,99.65462274176407
8454,18.66596361718956,69.45852384834414,68.03230335856972,97.19827586206897
8455,17.60371179039301,0.0,9.606226578264623,262.85714285714283
8456,4.883427851291746,87.97447476929119,23.525349922239528,6.178643384822028
8457,9.175691937424789,55.57739557739557,10.46101053399608,64.12429378531074
8458,18.25074465204441,30.55057618437899,159.41323722081538,73.6066502928396
8459,783.9541547277937,0.0,2066.148690869389,7.142857142857142
8460,152.2138680033417,162.79069767441862,4815.134724857686,176.08695652173913
8461,3.299167200512492,18.158714213962835,16.19073742989395,64.34405308831036
8462,4.462025316455696,34.015392015392024,24.483243121157443,62.11011662598318
8463,54.738849765258216,59.11803870786717,690.2270544580917,99.87020766773162
8464,4.463667820069204,27.656850192061448,13.066568129330259,165.0853889943074
8465,64.01472253680635,92.63532094707895,95.08664574329987,92.37410071942446
8466,9.874379199532573,39.06374795480806,17.695724391903163,0.0
8467,11.957762557077626,64.386766397411,20.99377178778354,7.142857142857142
8468,3.3154722036168787,31.19426783166947,27.815927457462212,0.0
8469,3.7672384796501848,74.14559925093634,17.373212315094595,0.0
8470,16.599080832657474,87.26042799156993,58.94917169643741,0.0
8471,8.68118572292801,81.7342271787482,24.130384429990684,5.544286680189317
8472,27.85313376987839,73.9721821502507,46.06659164161673,0.0
8473,15.03717984026439,86.22771726141559,38.242370375681304,97.25158562367865
8474,11.828271028037383,24.45032755990306,23.4520883347587,81.08583807202817
8475,9.529517530716213,16.050830889540556,32.40969566728818,40.855207451312445
8476,89.39774153074028,60.3099173553719,73.61346026123536,712.2093023255813
8477,73.82080329557158,91.09748758838575,96.29476072874616,96.31176061238692
8478,17.00295937584073,21.1253789905475,23.479669900764854,0.0
8479,22.7482088024565,11.738437001594908,16.515764089434054,359.5394736842105
8480,9.397944199706314,90.02562586240883,19.554554310514185,0.0
8481,82.8266450479665,86.68806138731019,85.28322593581936,99.63889078149487
8482,1.342732460557234,73.33041958041957,18.920622279337913,26.97334030318871
8483,11.095100864553315,69.05013099822406,64.97899897400619,0.0
8484,14.590254706533775,26.56455966354904,0.4965241788134846,0.0
8485,2.9019346230820546,91.0116817378396,24.341434654261967,0.0
8486,2.5185663545366483,42.888745357661875,24.57679375624073,67.74416993765874
8487,27.861409796893668,33.31717171717173,1069.709742895805,2.375960866526904
8488,8.598244020587344,80.33200757575757,21.281269811453672,89.31303549571604
8489,23.433933553132132,79.94747019127779,160.20531186806375,96.22687373396353
8490,6.271344303011488,74.07938215630523,27.14586757984977,65.08372906773306
8491,14.669304691916338,71.19633437295445,25.416182672410308,82.90922436995352
8492,8.18452380952381,36.17383694582052,16.76812477937843,0.0
8493,31.80483397334538,203.73955773955777,287.91685386527683,34.566744730679154
8494,21.160235113723484,66.03300023510079,20.55513198118414,99.64625850340137
8495,6.271344303011488,56.354449592586676,22.254960292235605,76.21722846441948
8496,72.83361828489157,48.675426018943526,1323.7288173237096,96.30080762610883
8497,4.9433249370277075,7.409473799365507,23.044675312289343,79.8790148350857
8498,4.341085271317829,36.13853198681042,21.50103449348453,0.0
8499,615.4028436018957,0.0,995.115207373272,4265.625
8500,5.449420607579079,77.27553265315163,8.427275181517214,72.60247107275937
8501,4.959950708564387,163.34082397003738,10.298392868788321,7.142857142857142
8502,7.844932844932845,81.45831661718688,14.484852755926328,82.81884147091378
8503,8.047690014903129,1.7854486945470025,23.670118785181238,0.0
8504,3.352130325814536,67.57561303088121,20.267975399479045,0.0
8505,5.397117448635388,85.96719731699936,19.494337417578418,0.0
8506,29.372710622710624,83.41340010927198,206.4873554065379,0.0
8507,19.10503751339764,79.7780959198282,48.22821499936277,78.71400274264818
8508,8.456973293768547,7.573866000832269,14.88185938003675,7.142857142857142
8509,9.066265060240964,86.2737945085864,168.2200930741856,90.65426812951566
8510,8.397751229796205,5.872867249271753,22.201830950340007,0.0
8511,6.45272601794341,21.877192414381177,25.048977993953457,0.0
8512,26.795464090718184,84.38948306595366,45.79141104294478,707.514450867052
8513,68.43804320834369,83.62886867761566,96.56676599708102,98.14814814814815
8514,1.9077901430842605,84.51574855420832,16.851450304076696,98.65005192107996
8515,17.558711086837793,77.595670995671,10.567170739077316,65.1360119790367
8516,8.237082066869302,53.22812322812322,30.072235895558318,0.5693950177935944
8517,15.571975916803504,7.699420093483853,0.7903837064601272,0.0
8518,13.07410538179769,35.671517568213865,19.97083856936493,0.0
8519,3.144048764837985,23.254706957371756,24.568356913850042,66.67461832061069
8520,3.884113339700732,38.47841543930929,27.795498583991655,1.4114326040931546
8521,10.786052009456265,73.60864921042754,3.104302506827272,66.5949306551889
8522,0.6333333333333333,15.279519331243465,26.4192514530936,25.413774693005877
8523,74.16141492173206,92.10574740845243,90.32915164701065,93.18766066838047
8524,0.7676902536715621,84.46714129244249,32.13050335204822,14.868982327848872
8525,17.47905559786748,132.35955056179768,150.57028358771817,0.0
8526,2.833333333333333,67.1633841728258,24.829641648898313,0.0
8527,86.21325523375637,90.53610139511377,84.23141715423941,99.7966387844371
8528,1.948684637869438,72.63236414423565,27.979981856064768,69.6304347826087
8529,10.86507233540006,76.25154928059492,34.97779154464219,85.85746102449889
8530,14.95774647887324,721.8181818181819,3.935320869125827,284.8484848484849
8531,12.033076703735386,72.72003692340556,49.80511731252377,0.0
8532,60.21873764659376,74.18915192306035,65.97504945953675,94.7485151492369
8533,21.240745468470767,83.3370932170005,99.80409599317119,0.0
8534,21.543659043659044,69.69378230084466,41.93474201274713,83.43609200853687
8535,20.615303707599264,75.58641975308642,175.8691897503657,86.56213928434013
8536,1.090092978518756,63.47949803005983,21.268568962717588,0.0
8537,16.576527852893456,78.90314192114538,56.74209722104666,7.142857142857142
8538,39.22379826635146,84.70081065620396,30.245120147541275,99.52966714905934
8539,12.754524886877828,77.85234265542155,71.19236796325254,7.142857142857142
8540,12.258248009101251,23.29994364771778,20.3374919501599,7.142857142857142
8541,33.04502106897316,85.01632839168423,2.6519585989179717,80.70441988950276
8542,1.9701302828090246,39.433201495329726,19.970104610721943,7.142857142857142
8543,19.32531380753138,84.94649155804153,60.84346893417133,0.0
8544,41.503584576632434,77.31979823720818,163.03289752876137,90.78009503695881
8545,601.1363636363636,0.0,1705.1239090578242,0.0
8546,7.98537031392868,74.23595614630834,29.40758889467204,46.922492401215806
8547,68.81746810598625,188.77005347593598,47.462404749307744,94.01805869074492
8548,8.456973293768547,157.29310964034678,26.257213275758716,7.142857142857142
8549,8.511269276393833,83.3696617966281,12.932634500753954,98.38308457711443
8550,4.989220819217739,81.24180711610485,18.596771448809758,7.142857142857142
8551,38.86844526218951,67.83287419651056,46.75174969123095,746.6666666666666
8552,11.705781339439039,6.20903558052436,32.492068887966155,7.142857142857142
8553,20.05700958797616,79.22818522841689,72.35041982047429,0.0
8554,37.247973394304715,61.73933209647495,193.4337391304347,211.13585746102447
8555,15.834959576247561,126.85606060606061,17.107995349155313,393.63957597173146
8556,2.0509427720807145,93.16643513467001,14.719103018715884,7.142857142857142
8557,12.56878077034463,10.140581068416084,23.312257873417312,66.0427807486631
8558,29.98184294144349,83.62451238622344,53.61496969010082,99.67361285463218
8559,2.612903225806452,75.76181394363216,21.973934866321432,61.778385772913815
8560,14.933784164553396,80.97384975946713,94.85760968229951,20.3988603988604
8561,19.514796054385496,85.50525766276381,32.68521210519362,293.5211267605634
8562,20.761154855643042,76.41893563455913,62.73168350708106,80.93613537117903
8563,7.562767911818738,37.8708133971292,23.77004869532294,8.573298429319372
8564,18.55860612460401,80.52376201815133,66.47368734493455,0.0
8565,2.304303625889529,35.31471685734202,18.409275031542276,60.43613707165109
8566,169.19720767888307,79.25361155698234,555.1045709693295,7.142857142857142
8567,0.6525285481239804,95.1656735149664,16.53499140214043,0.0
8568,25.383094414236286,59.09502262443439,27.068827426176128,549.7674418604652
8569,10.548148148148147,31.004070556309372,22.40731235172257,64.65080971659918
8570,0.5998000666444518,50.1038961038961,49.41507024265644,555.868544600939
8571,1.4376996805111821,75.43416516318037,2.1480914844299455,0.0
8572,13.296955772544514,42.92246628969117,17.92052580396365,69.87276256200128
8573,10.863912164114419,48.85533707865166,17.81166749398754,0.0
8574,2.9874213836477987,55.990033555102535,20.64341142377329,7.142857142857142
8575,6.231003039513678,77.17473009745706,3.841727118370745,7.142857142857142
8576,83.25207537224931,86.6982094762258,91.2252465262414,99.84280926535575
8577,8.18452380952381,82.87452513996402,181.90483105545226,0.0
8578,19.920424403183024,12.92714377820766,115.92089791555311,109.44527736131934
8579,3.139717425431711,9.637952559300889,29.239916411444355,7.142857142857142
8580,13.24712643678161,0.0,12.920834340017729,42.08126036484246
8581,13.841324200913242,89.13062022914798,21.057705118458905,19.341801385681293
8582,12.110625909752546,379.39393939393955,22.642754046003137,385.06944444444446
8583,11.831951986281796,126.57745526425298,30.626962201452486,0.0
8584,15.005630630630632,83.08480626403362,129.2959299618142,8.294573643410853
8585,7.634730538922156,0.0,19.792487753575593,0.0
8586,1.7828716969118115,13.239875121678486,6.272151799011888,0.0
8587,2.304303625889529,0.0,13.870500081446496,37.66175814368585
8588,57.40127036730185,78.88139117887343,83.28447141081642,98.9541432019308
8589,98.55584007040572,89.84067749248457,314.01531485279617,99.80110159118726
8590,12.976022566995768,70.24167159471713,5.251273068279049,7.142857142857142
8591,59.80026631158455,64.1955174502586,202.26003781142953,79.65632736274938
8592,8.237082066869302,26.795249795249788,16.179926773987336,64.62395543175488
8593,2.0634920634920633,66.46080390274281,22.620736869556403,97.25158562367865
8594,34.375664752180384,80.22684030545342,29.989711786356132,99.30629669156885
8595,4.8627995831886075,66.54269972451793,5.549663501045381,38.13108945969885
8596,8.708799516177805,59.13578291627072,156.61304569189056,84.13581648875767
8597,12.779191405145603,77.90861112659297,71.1382367984666,7.142857142857142
8598,23.801110550227158,74.87271500429395,39.428202768876055,16.497310221159594
8599,13.98860398860399,31.783719548425427,27.070546398484556,71.76066302809784
8600,13.850879642557945,61.404115154995495,179.31575407587493,7.142857142857142
8601,23.18227091633466,7.1514090992816595,30.161377044887516,7.142857142857142
8602,0.9630818619582664,13.789244925324805,20.10907628157615,0.0
8603,20.304830793076725,78.99629201040229,57.49988559760041,0.0
8604,7.9292467215614515,111.30081300813006,30.680823755906893,4.7066848567530695
8605,16.831955922865014,78.58813762117549,2.612729461965851,73.42085235920852
8606,19.32531380753138,83.17970252157515,159.97955304164145,0.0
8607,82.01245400509481,54.92845786963434,82.98639102464018,98.4007242003621
8608,12.033076703735386,78.52472476359193,31.107232421322728,0.0
8609,58.98655074038853,64.00226841235789,163.02496782496786,56.62837628065817
8610,6.713032960387058,135.20709407358441,21.32208967973703,7.142857142857142
8611,65.34896401308615,5.882352941176472,48.130054974573355,93.58353510895884
8612,6.0882800608828,77.25395965886015,23.10602051143695,0.0
8613,15.101237345331834,450.99173553719015,14.255546763728441,189.23395445134577
8614,68.93073994031079,67.834999223283,314.5747346325267,97.67530868306321
8615,1.56504727746984,51.83811802232855,20.80124554186543,16.99346405228758
8616,32.10827464788733,75.10826310861422,220.04585445629849,99.3992606284658
8617,11.655211912943871,77.87363757937463,65.7362372823454,0.0
8618,14.378899602949518,87.0316006030688,43.63003157799444,77.67657398529882
8619,12.779191405145603,80.45939809118799,18.71738335839526,0.0
8620,16.666666666666664,51.72957631086139,21.115420214503335,0.0
8621,2.139384116693679,84.10736728709078,14.897700528766327,61.31265577402382
8622,2.4431625381744144,391.6233766233768,14.288786356893016,70.2955560280672
8623,12.007986309184256,77.78817596549003,48.37486115014345,7.142857142857142
8624,0.38747174685179203,46.17485248235444,21.51023436411352,0.0
8625,5.626758361988121,34.75685160427807,23.74731459468019,59.424920127795524
8626,14.98169529709941,1.1793275217932915,13.185788207040778,97.79937620112787
8627,0.8994539029874719,55.84311124010116,15.539504710861312,7.142857142857142
8628,4.754553874652671,64.07498746645435,18.37501213835692,0.0
8629,16.463579745464394,76.16602894274735,17.115448155989743,0.0
8630,78.5300925925926,71.28324763537105,79.81635326320199,94.17040358744396
8631,20.195611948189267,82.22579281183931,89.08296727653743,91.22046254399196
8632,4.492249288199937,38.718711456141655,23.014497431965832,70.78628189042242
8633,578.021978021978,0.0,1323.32072253768,45.83333333333333
8634,17.95212765957447,82.38406036571932,68.5515608516326,0.0
8635,11.205882352941178,54.090909090909115,21.619084145125406,499.57081545064375
8636,10.371876815804765,4.852770244091461,26.43960934178997,0.0
8637,21.482444733420024,84.83454427314076,48.11845793622002,79.07742998352553
8638,8.020274299344067,16.682986136610296,20.399503001757875,7.142857142857142
8639,8.956574185765984,13.165359985636474,14.807647857455441,64.09663325623232
8640,5.047706986765158,45.75026090727965,10.56090594763075,0.0
8641,0.19411193788417988,40.26039954359977,16.26033301914507,0.0
8642,17.402945113788487,80.65554612038228,55.866053293021466,0.0
8643,3.4126487163431434,75.24521475998863,91.48376442831335,0.0
8644,11.828271028037383,71.614552975463,168.95946244039837,59.47200464171743
8645,62.273671712674386,86.43318599115946,95.2751607043338,96.86018957345972
8646,16.89116379310345,70.85703864038483,182.02105393786746,0.0
8647,12.902315076228119,19.98540962146833,15.169344316711223,0.0
8648,83.48707288553983,92.86808214410026,89.61464922446164,99.2733753770222
8649,0.23240371845949537,32.585227272727266,10.089167632422113,17.337278106508876
8650,2.867622540846949,50.95920511927996,6.959235900024535,7.142857142857142
8651,14.51925741202549,59.689792963256906,15.7268391714212,0.0
8652,16.34801884178443,86.46312307731857,4.335977590712867,80.27950310559007
8653,27.445907808090308,86.54646078358891,199.27180990899282,0.0
8654,2.527646129541864,24.57793143186404,20.357790470845323,98.62288135593221
8655,12.110625909752546,85.34742776603241,15.335336880469313,39.15505226480836
8656,19.728795533102897,72.4423518049016,14.143639150426987,145.08771929824562
8657,19.750132908027645,47.182675814751285,28.989387846291333,122.80701754385966
8658,74.04003267973856,93.03508543106821,96.21214483859418,96.43817204301075
8659,25.75012297097885,57.771710033194125,10.912599122750159,19.527649769585253
8660,7.523980815347723,90.43525450486563,26.228001263140456,0.0
8661,4.311414392059553,63.69382022471911,3.271717519848009,0.0
8662,10.970215275729874,59.06804993845613,31.12050354894869,167.62452107279694
8663,7.392638036809816,3.019707565162112,22.698967447246527,79.41046425939572
8664,15.03717984026439,76.47197288305819,22.24934191086566,97.51434034416826
8665,15.62325321408608,67.67633228840126,11.491819946040605,79.87611639297033
8666,10.680473372781064,79.77320013068075,138.41677353414775,87.81402651779484
8667,9.861717612809317,55.89111453518233,34.662025418926575,408.0
8668,25.374939525882922,79.73400029833039,0.6627384759886595,99.45923460898503
8669,31.732684222173045,81.3640627534982,2.1335864333080927,99.61697112551562
8670,55.478542987759916,336.59090909090924,462.7838044308632,552.803738317757
8671,8.62590799031477,85.46771279360443,159.48798868929643,89.97416391560212
8672,23.627624588919808,65.15307650369732,65.36857266811279,89.54888905513579
8673,12.161768984579576,42.62240794764645,18.444544979989566,65.37794299876084
8674,51.02119460500963,82.45378151260503,89.11734596980772,98.15652173913043
8675,19.36748562467329,85.31173045270836,64.58122331547527,0.0
8676,122.74368231046931,448.6267166042446,956.8460493201791,84.33734939759037
8677,71.78690344062153,75.63324262089178,92.12072199097993,95.2122854561879
8678,0.16181229773462785,22.03274667727291,13.888321900875948,0.0
8679,20.258848388800846,62.455006922012004,64.4974042027194,252.77777777777777
8680,15.148960089938168,64.57804129774755,144.0082310529496,87.20695970695971
8681,73.21729365524986,28.8357501840648,66.18692756349948,0.0
8682,15.693940240156381,88.86486340713573,90.92928194551139,89.75806451612904
8683,112.2094861660079,1503.0955221778684,673.6268481250817,35.29121421520237
8684,61.84365857414156,99.85135081597336,88.7049399051293,98.25539285151945
8685,57.476261297334396,99.90610528259663,91.60003178435282,77.77331995987964
8686,27.57851381499914,99.93387402934121,82.08428848571533,297.1326164874552
8687,210.7859531772575,99.94975354989337,74.50107622058202,78.37626854020297
8688,412.9715420251489,100.0,31.78814609255512,86.47303655446979
8689,0.5261806981519507,0.0,56.84682908826968,2.4787997390737115
8690,0.4367373153500321,100.0,87.64448555767817,86.86060819124627
8691,25.158562367864697,99.95008347994101,85.76553811603229,10.68931068931069
8692,27.33812949640288,99.95988120039,82.09413077223383,297.1326164874552
8693,329.4627383015598,96.50208643844735,66.95238881568376,14.699792960662524
8694,25.158562367864697,99.95008347994101,85.76553811603229,10.68931068931069
8695,38.72245179063361,93.80789593102406,59.006860862437705,635.4330708661417
8696,260.17657992565057,100.0,60.00936492185562,21.93211488250653
8697,55.662967623841666,100.0,91.71738637282829,69.57052717280683
8698,29.376957883745213,99.60549847050157,83.89458686172318,297.1326164874552
8699,228.64721485411138,99.97341874570614,45.828290614029356,93.38546952420751
8700,28.305143251639624,99.85973278951167,86.00620116358817,70.53191489361701
8701,14.153166421207658,100.0,89.88079305202777,59.757738896366085
8702,215.13353115727,99.70083634013037,80.3170203279956,75.5570262519303
8703,323.32058984161665,100.0,72.01261905116696,74.33476394849785
8704,77.76183644189383,99.45842015644818,64.99423501657793,99.45492827485782
8705,333.50111856823264,100.0,62.14315668833835,2.7491408934707904
8706,20.35389482008699,84.57330474165161,66.78212911016529,28.296703296703296
8707,47.03068407025217,100.0,89.21925772320269,95.30036779730283
8708,354.0714704159344,100.0,76.98416751252553,43.47408829174665
8709,41.22340425531915,96.58098674434703,26.41857640840365,133.75527426160338
8710,16.573920890359453,100.0,88.35193896585291,59.757738896366085
8711,57.293043028666624,99.8344192937282,89.45957091554001,77.77331995987964
8712,53.03060217176703,100.0,65.1564529245409,97.71277328152013
8713,318.1102362204725,99.94404233624137,81.92346716504241,18.502673796791445
8714,333.7222870478413,99.8043929916237,60.16270829509581,14.699792960662524
8715,338.32547169811323,99.98460481836103,69.29570307406641,46.16132167152575
8716,229.22940655447297,99.42566263813562,71.59042741791521,91.90354402630618
8717,243.26837909654563,100.0,71.98733293154851,89.06204272753878
8718,17.35408560311284,99.94061696319561,91.83950907053175,91.77186989454924
8719,10.789865871833085,99.94583236102244,89.97592731074283,70.65677966101694
8720,96.57621100684757,100.0,68.5823130779887,1234.8214285714287
8721,163.5689739813451,61.076583568110856,38.366592149157896,644.1628959276019
8722,54.556331006979065,100.0,83.27704418721059,9.22890103217972
8723,60.697395989224766,93.20356289053959,33.71730370981816,17.835731414868107
8724,333.46938775510205,99.85907115172635,77.76287717134831,45.0261780104712
8725,166.44665012406946,0.0,34.186997155781114,77.41100323624596
8726,27.33812949640288,99.95988120039,82.09413077223383,297.1326164874552
8727,12.014093739757463,93.91861349278382,49.69126354638209,4.216656959813628
8728,317.84366576819406,100.0,40.410006579966876,86.21738729602654
8729,85.89647411852962,0.0,65.5682680263528,533.1428571428572
8730,218.10012836970475,99.94586660626614,74.1559348686592,80.08984725965857
8731,58.64485981308412,99.79883629325089,69.32982913261945,77.44299674267101
8732,34.89383919248172,100.0,84.11959296681168,585.7798165137615
8733,256.2050790608529,99.95097991465919,51.691323821890535,46.16132167152575
8734,10.789865871833085,99.94583236102244,89.97592731074283,70.65677966101694
8735,15.63996517196343,100.0,91.38398687824787,89.00654459886756
8736,18.20814572247237,75.3846153846154,79.95196720164705,28.856282919488336
8737,21.412907268170425,100.0,89.70320782772102,91.83283255941
8738,346.2291306850892,100.0,63.24555992872389,58.201058201058196
8739,85.34194165471067,0.0,58.16864959333199,248.4848484848485
8740,228.35689045936394,99.89669113197832,67.4459630933815,95.72019004210283
8741,12.971869989797405,100.0,86.33218595839824,73.60522598870057
8742,12.437867148666967,100.0,93.25036222994878,91.32629380366674
8743,211.0460251046025,99.96932168645168,68.66142027885351,77.76886035313002
8744,59.65542369352488,100.0,90.6369661605801,96.99889591488507
8745,202.41904018728053,100.0,76.20512630024804,27.77777777777778
8746,31.789705384354892,92.39060012490434,76.1617258316848,30.446927374301673
8747,25.166096235152004,0.0,80.19943790535369,10.68931068931069
8748,55.890052356020945,100.0,90.58563732387945,69.57052717280683
8749,404.83309826046076,97.85786396529427,69.37612452200321,100.31668696711327
8750,219.0557939914163,99.85577363437692,79.7439864227823,28.092485549132952
8751,15.170876671619613,100.0,86.64853589567093,73.60522598870057
8752,63.10607459379616,94.23076923076923,88.57518961950731,1135.9477124183006
8753,33.37515683814304,99.93584575206725,91.46723446580971,92.79349593495935
8754,340.39772727272725,100.0,71.32086243780397,4.350607805502239
8755,233.5127860026918,99.94152561783164,65.15504648937163,97.01460365360781
8756,351.95335276967927,100.0,71.65955614391217,6.481481481481481
8757,229.22940655447297,99.42566263813562,71.59042741791521,91.90354402630618
8758,276.0795730228045,100.0,68.02523364511599,89.06204272753878
8759,59.83575557836728,99.90009356602454,65.36888911202028,98.46460839199601
8760,9.872893881170558,99.93648439427031,89.25447152075255,70.65677966101694
8761,299.46265448683505,99.83189625547146,43.01345104292336,89.99277456647398
8762,338.15715093273036,100.0,74.90682695657864,4.350607805502239
8763,59.84226447709594,99.8786990339492,66.84683230357338,98.46460839199601
8764,23.153224075001795,89.51118668284293,52.935329518764554,29.08761641945499
8765,67.48742619724469,99.78364039547468,92.62541045699719,99.43663404093047
8766,50.66882853668423,99.98857608936059,88.12365188613789,1.094890510948905
8767,327.9955825510767,100.0,54.903818854692254,58.201058201058196
8768,78.64513198674788,97.60775417611877,92.79316200017746,89.68132707628506
8769,59.374181036741966,100.0,91.21827875157064,97.07447849399242
8770,282.6042202779207,99.9701055055522,67.43303330464113,80.08984725965857
8771,320.2374222724703,99.78631167152169,74.55128713200033,29.60609911054638
8772,61.54647769904127,100.0,81.66498569904057,42.07671445176288
8773,54.99361282081059,100.0,89.51864618321686,69.57052717280683
8774,151.65876777251185,99.95713063246686,57.919162365482435,86.16383616383617
8775,21.550826352728087,91.4969574257553,58.2090513960266,59.68327122965287
8776,59.43159216999895,100.0,91.6213676552719,96.99889591488507
8777,360.820451843044,100.0,72.14137118244054,2.669270833333333
8778,7.295127353266888,100.0,92.34815208372251,59.757738896366085
8779,66.10102777170349,100.0,92.72843964696276,99.2396307504514
8780,320.2374222724703,99.78631167152169,74.55128713200033,29.60609911054638
8781,16.573920890359453,100.0,88.35193896585291,59.757738896366085
8782,471.8461538461538,98.36829784049127,62.141014611885936,91.93888686795198
8783,341.9042189281642,100.0,72.35818853460849,25.658876181004477
8784,55.33066132264529,100.0,72.10749021093848,1271.559633027523
8785,83.9188520534389,0.0,74.63860229949513,1.0027347310847767
8786,246.2505822077317,99.84464744800631,51.584404257459774,91.90354402630618
8787,229.22940655447297,99.42566263813562,71.59042741791521,91.90354402630618
8788,29.107328933657524,99.92285303423142,83.04827232080775,297.1326164874552
8789,6.169665809768637,99.95554743585606,89.35261283539666,70.65677966101694
8790,1.3251240580775658,90.41826830847707,47.912586409660314,43.670365803534736
8791,54.83419896124651,0.0,91.4683554568591,75.13306719893546
8792,358.68432293891493,97.3885200234082,93.25024701452591,49.51188064100202
8793,34.00229357798165,87.81881166758829,76.35450639892434,30.446927374301673
8794,37.929351316634545,90.42158544405522,35.12750821177206,28.089199825098383
8795,62.25664643081432,100.0,80.99636837652208,3.610573823339781
8796,276.62779397473275,100.0,55.42204068607618,89.06204272753878
8797,8.115183246073299,99.93381238196886,87.48063832085262,80.65304697049066
8798,170.47355163727957,15.626551464322905,58.45485834352875,112.97591297591299
8799,31.59851301115242,99.14524668608676,79.66786302438484,70.53191489361701
8800,289.30185836263183,100.0,66.96368896349661,27.77777777777778
8801,68.56732735567091,97.02761834143483,91.1362457360547,89.68132707628506
8802,327.2413793103448,99.83284824083474,48.40658945404757,14.699792960662524
8803,85.34194165471067,0.0,58.16864959333199,248.4848484848485
8804,55.2062474969964,100.0,101.98669840535146,75.13306719893546
8805,8.35155225185833,99.91395457969323,86.13852961217566,80.65304697049066
8806,345.92192691029896,98.25293654185938,43.17031556216734,40.43031005505651
8807,88.72656440224009,0.0,69.83980648825056,1200.0
8808,24.680851063829788,99.58605926470021,80.95669186707262,10.68931068931069
8809,262.10423770092547,98.76251099167864,70.2955935045237,75.88683351468988
8810,292.45569620253167,100.0,40.294168190651966,89.06204272753878
8811,55.2062474969964,100.0,101.98669840535146,75.13306719893546
8812,38.48733233979136,99.8689529402011,81.75108410757862,31.435643564356436
8813,17.350492051476156,100.0,85.43869441145952,87.13757205540739
8814,17.944103324158377,100.0,90.00209686727524,82.46745631523396
8815,299.0338164251208,91.14563233792433,47.531668737319656,58.26741996233522
8816,34.53758458818509,93.89419091007271,56.90863060640531,33.11915412769418
8817,62.152530292230935,99.78196949117823,89.38271868274492,98.25539285151945
8818,297.2834443874936,100.0,63.75187866471921,89.06204272753878
8819,92.87403474903473,0.0,69.59058473227577,522.0394736842105
8820,229.22940655447297,99.42566263813562,71.59042741791521,91.90354402630618
8821,343.6748712077848,100.0,35.26573189814987,85.49107142857143
8822,237.60217983651225,99.17593013838108,66.76429736829,37.25934314835787
8823,308.6860912589335,98.73759510560505,75.70963705653895,29.201277955271564
8824,34.612712747481766,100.0,85.31406909852691,59.57274202271498
8825,517.1178343949044,100.0,50.320151460358645,153.82003395585738
8826,59.84977984977985,100.0,91.0206310648742,97.07447849399242
8827,11.903530402357594,57.824767088872605,25.219984356667975,50.07299270072993
8828,7.146829810901001,34.30895172582502,2.043969762342565,11.023622047244094
8829,12.76917579799903,88.24541953553508,124.25187032418951,43.9344262295082
8830,15.666992918417854,33.77571580063627,1.7818134879656915,79.79320531757756
8831,6.709132451706709,72.56857324814672,2.701961935218357,22.82608695652174
8832,6.605796499965415,87.08543810631207,4.544586434869076,16.49484536082474
8833,10.549433962264173,69.70941515866771,21.189626916032005,87.94713656387665
8834,6.86451255027042,0.0,19.007527884131346,25.657894736842106
8835,156.09837155201063,78.10298390860834,3.338714099216711,83.73983739837398
8836,132.46786224408828,349.22648083623693,183.85416666666669,12.131147540983616
8837,0.554678382645726,25.12891986062718,216.6065705128205,28.749999999999993
8838,6.916886360482864,1083.3020927236496,16.225944331963106,28.30188679245283
8839,85.93297791317596,14.01524390243902,196.5864116094987,35.44554455445545
8840,6.709597008724553,73.84389715464967,16.26167425359577,18.27956989247312
8841,6.40016570008285,69.36717955227239,19.255074283322866,18.27956989247312
8842,155.92826303553636,0.0,10.618819343167385,22.162162162162165
8843,7.1547768043387565,1720.464758036383,21.355632831042666,3.79746835443038
8844,203.26643053915782,0.0,13.67458620323004,115.23809523809523
8845,6.820544811811187,73.57389867366541,3.5970869008955795,16.483516483516482
8846,1114.4996059889677,78.38736074096407,9.016665423349481,143.01075268817206
8847,76.82037662964754,0.0,250.04940711462447,50.32967032967034
8848,87.56237069490082,0.0,4.560186273660593,80.79864061172472
8849,28.700350467289702,57.55854468843692,24.925158360570386,80.42918454935622
8850,0.554678382645726,25.12891986062718,216.6065705128205,28.749999999999993
8851,143.51398325169853,0.0,11.566762860152997,172.28915662650604
8852,404.31937172774866,64.87946120406663,1.0872258862946995,169.04761904761904
8853,6.121899634685619,73.54315196998125,37.99307036247335,12.3076923076923
8854,4.218923690577369,78.37157194538453,173.07489451476795,41.78723404255319
8855,136.10251450676986,2651.512195121952,210.08620689655174,6.046511627906986
8856,25.0060832184281,77.71196576411921,13.150607970776202,23.389830508474578
8857,119.3112741428358,1079.219512195122,263.65658362989325,31.538461538461547
8858,108.24282058572652,0.0077021822849901,316.41198044009786,44.83870967741935
8859,39.58261863922244,0.0,246.39830508474577,62.72479564032697
8860,6.990628254078445,33.1358972923576,20.75631796848946,16.49484536082474
8861,51.33542812254517,1772.1948758139877,12.922246894902514,68.65671641791045
8862,6.719735082468299,41.03902439024391,66.15853658536585,36.074766355140184
8863,4.834979209979191,67.07240454603499,19.109224276527335,46.14173228346456
8864,6.933096130630899,58.49724626278521,56.23983409238779,45.28
8865,423.5096497498214,0.0,237.05022488755625,35.47169811320754
8866,78.67528665528181,27.17073170731702,191.36965376782078,29.48453608247422
8867,5.31480284421459,58.47818619031262,108.38840634441087,16.58536585365853
8868,12.433220755296308,42.604360025901144,126.8394199785178,51.66077738515901
8869,11.940603583022707,73.48315911730545,1.1757425742574257,51.31672597864768
8870,959.9724896836314,23.441420383339814,5.221186896028473,15.897435897435896
8871,50.645161290322584,2630.697137054578,7.78261922052771,8.982035928143713
8872,21.087167331106546,63.65419311727365,24.634786308623298,96.46602944975457
8873,6.570991197856851,5.371273712737117,44.63461538461537,36.37209302325581
8874,50.35121951219512,1.7318541255625954,40.0331057314297,29.30232558139535
8875,31.45624707533925,51.05126553152325,31.124709029635554,77.00840336134453
8876,199.20403805086391,31.10971236182299,7.6577132183631935,69.92481203007519
8877,6.923824059941723,77.48683410517091,9.54605682766816,56.94444444444444
8878,13.154113557358077,41.47577235772358,8.223014256619148,93.62237762237763
8879,6.716521257443567,71.18314765461878,7.466202203796829,17.216117216117215
8880,76.58589511754073,85.6192742415229,134.66858037578285,15.555555555555548
8881,4.1750621483710395,391.3414634146342,61.155913978494645,5.655172413793095
8882,14.624934429095978,56.75100210612136,37.7866179086776,78.42271293375394
8883,23.856110620159054,67.50387146728609,32.74962239723811,78.75776397515529
8884,6.713794421092836,31.024390243902438,15.466101694915254,42.99999999999999
8885,157.0691470691471,0.0,166.54200230149598,26.4516129032258
8886,13.014427899081884,5.019549432135528,48.718302094818064,63.324396782841816
8887,1.6133799032777882,185.87139689578714,85.01915041782726,20.00000000000001
8888,18.42347804996364,64.01442803160427,164.08005617977526,27.619047619047617
8889,9.409919330743971,57.50560316413975,26.48381294964029,72.53012048192771
8890,27.140005207881284,0.054988913525490866,59.618088097469546,59.04191616766467
8891,4.742147362944639,32.76379974326062,65.51496478873239,5.655172413793095
8892,6.657900200705931,73.6287815424636,25.363795320876882,28.971962616822427
8893,42.19784486943018,8.095121951219527,606.1196219035204,49.33333333333333
8894,93.6180904522613,81.08894064834357,14.51269701679092,68.65671641791045
8895,30.81522765917248,90.47533259423504,2.1339332517910248,82.63959390862945
8896,92.00157294534019,64.72420262664164,264.3048128342246,64.375
8897,7.2806684390428975,43.22276422764227,80.51555299539169,45.71428571428571
8898,6.067718353212755,103.81571815718154,33.85839664658108,21.37931034482758
8899,6.857103237883935,88.7999827960398,14.615279562369773,14.068441064638785
8900,12.241327661614026,38.582317073170735,9.277530235518764,86.25125628140704
8901,27.464593443597096,61.492831874883635,36.91350784047413,78.75776397515529
8902,1109.5623451692818,0.0,286.82965299684537,101.17647058823532
8903,27.58296315651949,3.440308087291402,120.0735821966978,30.909090909090903
8904,0.11482468730779107,75.2116018457482,162.01923076923077,25.245901639344254
8905,40.763021333845884,293.0731707317073,182.6146288209607,27.619047619047617
8906,7.110091743119266,41.08601874781971,1.2589343729694653,10.588235294117647
8907,7.17663421418637,76.14238588835293,8.537907604493865,58.04195804195804
8908,47.52560543696755,52.08305713895135,22.20729397991136,29.88505747126437
8909,143.07666777298377,129.2926829268293,247.4690880989181,62.85714285714287
8910,132.87440381558034,0.0,191.4438502673797,21.061946902654878
8911,5.656108597285068,27.181409678544664,17.141007747233846,20.833333333333336
8912,7.058006252170893,39.2120109086646,0.009765863424394667,20.833333333333336
8913,43.85975250441959,23.79193628670981,137.80800821355237,17.090909090909083
8914,23.466220805684713,64.86040261650018,24.923829897575544,84.74916387959867
8915,18.61429047671962,79.53796476268106,15.174818745402963,72.3076923076923
8916,52.17219589257503,74.66202423710394,8.013681240402901,58.04195804195804
8917,6.562024616235653,68.33974333849768,10.80729166666666,36.134453781512605
8918,7.102647856001113,68.71076197124965,8.472443735601615,41.312741312741316
8919,6.713794421092836,31.024390243902438,15.466101694915254,46.14173228346456
8920,8.944818622237976,58.87250989138329,66.5797530391153,76.10993657505286
8921,1119.6336386344715,2848.0487804878057,354.94434931506845,60.689655172413794
8922,91.97807673143996,72.9842009262051,15.474438458570575,69.92481203007519
8923,28.277921950741796,55.54529616724741,33.609713926438225,84.54237288135594
8924,6.903521037244166,4.971321361565273,15.500446162998216,6.875000000000009
8925,16.322193658954568,84.02801854464826,203.36914062500006,75.30685920577616
8926,7.408698076386953,491.65104636182457,11.381533402561447,10.144927536231885
8927,80.78592375366568,53.07782266130358,14.642834794791352,79.0352504638219
8928,5.546814547330391,56.8578227245687,21.43364532843055,84.41913439635536
8929,2.1321991354065184,141.2039911308204,181.66345093715546,23.146067415730332
8930,1.9514453926043527,83.9030863851972,33.66710834028998,11.71875
8931,35.27836691410391,47.94436387607119,20.925358697404477,89.21135646687698
8932,6.59482208901924,71.69226136705812,16.483160621761648,72.91089108910892
8933,13.275310834813482,80.47649814246486,19.112796833773075,51.48936170212765
8934,130.85579196217498,124.61324041811845,191.96428571428572,38.181818181818194
8935,1108.7843137254902,0.0,11.67631273571221,205.4054054054054
8936,13.617974877631639,58.80760733006976,36.09982055952802,87.56363636363636
8937,24.883076923076906,51.44390243902439,34.59870812262958,84.16666666666667
8938,24.08132147395174,51.829268292682926,121.72759433962258,17.090909090909083
8939,6.9552617279478355,12.850091370598676,54.89173970408068,36.40167364016737
8940,5.4749520941691765,42.643419109637115,4.3689071917560325,22.82608695652174
8941,192.50332131334218,0.0,0.28963528352180007,78.39388145315488
8942,5.100097181729816,38.2966534316506,33.09129981766085,41.287553648068666
8943,8.141749723145093,1.5439024390243856,9.879032258064516,95.73964497041419
8944,6.90899001109878,78.10298390860834,38.378822838868984,56.94444444444444
8945,156.1409340202759,880.6735063787553,3.1238726977630566,169.04761904761904
8946,124.01162790697676,0.0,8.777593788649176,113.20754716981132
8947,52.08723971183262,79.29329185171886,22.69461667158746,62.926829268292686
8948,50.46373132871229,0.0,13.154901833251254,23.497267759562842
8949,6.790936179058971,73.3366272812853,23.331898407232043,94.78737997256516
8950,6.776138017044274,36.841018598737726,8.500303582270801,47.40484429065744
8951,25.228177641653893,53.5458980044346,136.21231155778895,98.42341823210788
8952,1077.4758842443732,0.0,336.98601973684214,64.81927710843375
8953,7.236796325934174,73.74329675909063,18.30275229357799,41.98473282442748
8954,7.1170419794273005,52.239926637398284,8.523575896763207,22.82608695652174
8955,5.590572759660181,78.60348713355444,13.325972719951823,8.130081300813007
8956,6.886746653720785,58.58286551442623,14.448805161048595,26.384364820846905
8957,6.539923954372624,22.76816178027465,1.9205237375818343,3.79746835443038
8958,31.555534788094004,52.205875831485585,25.925526406627554,77.35099337748345
8959,44.69821199249237,1963.6341463414642,219.6133796698523,96.18516452872281
8960,7.124982621993604,63.59070483927234,5.398618957941002,10.144927536231885
8961,44.455621301775174,55.94869638351555,247.81313818924443,6.938775510204073
8962,313.1903485254692,0.0,13.035138693624331,68.65671641791045
8963,36.94686333748001,86.40901360918485,1.7325863549645695,58.04195804195804
8964,82.86891385767794,3634.195121951221,241.2942043222004,38.181818181818194
8965,6.834881464023292,67.27326618528895,23.279156370967186,14.068441064638785
8966,78.67528665528181,27.17073170731702,191.36965376782078,29.48453608247422
8967,132.50476190476195,346.6740576496674,148.97378177966104,6.046511627906986
8968,44.941618840292925,646.8390243902439,216.13967242948146,16.923076923076934
8969,7.169680111265647,75.6416687304991,5.129410290154794,13.432835820895523
8970,6.783536585365854,82.06111369818161,7.094418362023998,2.564102564102564
8971,7.685858021240917,18.8695159246976,33.21194922734524,92.28142076502732
8972,6.622506915125949,52.522060838585915,80.74579378774806,41.03448275862068
8973,327.16186252771615,73.25435891694305,0.842430098304779,5.116279069767442
8974,14.425425016065882,53.67673159569125,29.573950870010236,78.04173354735153
8975,6.510470661414057,80.93432179083517,22.55360623781675,28.971962616822427
8976,154.08152645273205,0.0,254.03543307086616,8.57142857142858
8977,6.505393502265891,37.57560975609758,86.70473083197389,45.28
8978,22.71513744525931,35.51143292682926,29.06472261735418,71.73553719008264
8979,6.991113579561232,1037.7904737727397,13.152211772901426,19.576719576719576
8980,91.47720213691142,78.30427388704639,3.256001779481936,37.80487804878049
8981,9.670695609274773,37.730982854383,2.351994276515821,67.03614457831326
8982,6.272075761453783,59.84736428009442,90.8997252747253,34.54545454545454
8983,39.769083969465676,194.8048780487805,341.8918918918919,15.03105590062111
8984,6.127915918995111,50.86585365853659,24.80008723466124,36.37209302325581
8985,44.29908383410504,68.23651145602366,182.9472843450479,12.131147540983616
8986,12.72759771210675,1.7317073170731723,17.84286068572137,83.23529411764706
8987,6.805738443412572,63.15726084926367,13.022039478866368,20.833333333333336
8988,807.6560659599529,51.21864204977034,37.801964720526044,15.897435897435896
8989,1681.7341040462427,0.0,25.615910775875967,119.41747572815532
8990,5.446086480569239,105.73570063889967,21.086923830623494,5.116279069767442
8991,195.2590203587987,0.0,165.1760889712697,35.47169811320754
8992,9.295627518280876,42.19512195121951,2.3629793932456,71.38075313807532
8993,1593.3872832369946,0.0,303.7037037037037,47.0967741935484
8994,4.574592833876203,22.83536585365853,276.1503067484662,29.48453608247422
8995,10.977269964750196,25.02328910422288,16.953075575453813,88.16608996539793
8996,6.933096130630899,51.61393728222994,59.3691515907673,60.11661807580174
8997,29.13514943136739,27.748780487804886,29.820780399274057,16.58536585365853
8998,148.0155773789367,71.9233449477352,239.3680811808118,36.80000000000001
8999,11.24697043141055,47.21588850174216,3.069315252717695,64.46753246753246
9000,1.6199879105379615,227.56097560975607,106.31680522565323,4.999999999999992
9001,11.009720534629388,5.9588547189819385,31.638919213973804,73.01775147928994
9002,6.980377214707545,54.64540337711069,33.684340931615466,43.9344262295082
9003,184.42330097087384,2848.0487804878057,308.75,68.8888888888889
9004,6.037590608762571,57.2746553552492,60.28414042076439,62.926829268292686
9005,7.1095976092848705,0.0,8.033611118491992,10.784313725490197
9006,6.746535971440673,75.25733644298694,68.51702256339173,80.27923211169285
9007,142.71416735708374,0.0,196.5025906735751,53.707865168539335
9008,378.9993459777633,0.0,1111.9912790697674,60.347826086956516
9009,45.11392906677237,96.53658536585365,159.28171641791042,9.999999999999993
9010,14.350368377967474,35.433829356344106,15.614882935297702,77.79220779220779
9011,71.1683696135051,71.93358651777974,19.86473738757688,38.65030674846626
9012,6.5546567102260935,82.04647580363833,1.2866993673135692,46.09929078014184
9013,521.7022993142396,58.04605320304791,12.620230004185506,68.65671641791045
9014,245.6300141576216,686.1463414634146,194.2571989528796,20.00000000000001
9015,6.998541970422828,0.0,17.366658597595414,25.12315270935961
9016,9.626110562685074,71.98587647346407,43.403701911444436,48.37735849056604
9017,82.93175074183976,84.65414036218044,20.14090933407423,3.829787234042553
9018,1.3881782684798512,53.29823714078725,105.8453237410072,29.119170984455955
9019,24.028789161727374,1.7317073170731723,85.31411917098447,12.131147540983616
9020,142.6739562624255,2651.512195121952,164.48529411764707,45.53191489361703
9021,5.330781848004374,64.84141078283592,22.598521384752665,5.116279069767442
9022,15.82035265280306,82.27689407328856,72.12101794214576,36.37209302325581
9023,6.591471401542737,62.27471116816432,20.397907314496965,83.90588235294119
9024,123.76942064759693,85.28917367243326,4.599020508111413,78.82352941176471
9025,1.8410623652923792,382.4079822616408,153.6764705882353,45.928853754940704
9026,1.8339822024471837,17.921951219512202,171.18516284680337,26.84491978609625
9027,1115.585062240664,0.0,227.8743315508021,13.05785123966943
9028,359.51103160405484,266.51434076781754,14.825484027071964,80.27923211169285
9029,89.80295566502463,524.0649586046625,26.67939209220559,11.023622047244094
9030,6.871922890229526,78.60348713355444,15.334690314706368,37.80487804878049
9031,2.6982861697887413,82.5072149150811,81.18351063829788,34.54545454545454
9032,3.19344392307182,37.93581514762515,135.3001644736842,27.619047619047617
9033,13.223933649289082,49.53790375741596,43.26567677797604,78.14696485623003
9034,1190.7872696817421,0.0,6.283919197471488,119.41747572815532
9035,38.13749215738998,46.99062127682405,12.064914753845462,29.153605015673982
9036,11.198545013640478,19.552382155945917,33.77661895618781,73.01775147928994
9037,85.08466434490212,0.0,10.954882384662024,117.3076923076923
9038,5.663352759684607,28.957472857116752,11.765409320759879,20.833333333333336
9039,4.281513428739444,0.0,129.36355581807447,33.592233009708735
9040,91.47720213691142,78.30427388704639,3.256001779481936,37.80487804878049
9041,24.725817438692125,30.177792041078312,138.6443250817375,4.335664335664328
9042,6.392820158784949,71.25581960995184,20.460460460460475,51.59235668789809
9043,6.790465631929046,54.43335222886593,22.582368032693832,0.8928571428571428
9044,1039.0202177293936,86.19255455712455,296.58796895213453,67.73584905660377
9045,26.975364587624618,95.46697022401301,24.28493691119954,39.920948616600796
9046,7.169022118004925,6.411149825783978,7.6917447306792095,35.77464788732394
9047,40.614380339829154,25.78341463414634,170.69536423841058,10.3225806451613
9048,122.5736568457539,0.0,14.029313673863445,19.68503937007874
9049,52.067094227923036,0.0,30.926877591767788,47.712418300653596
9050,22.629410521867722,88.31599015439696,0.40570981978667925,83.39805825242719
9051,1.5586216459821323,54.339985218033995,158.235559566787,12.3076923076923
9052,7.1219326612136005,3.291521486643438,2.1698845026719633,29.84615384615384
9053,177.99962042133237,0.0,220.44860627177704,36.80000000000001
9054,38.13749215738998,46.99062127682405,12.064914753845462,29.153605015673982
9055,155.67352355673523,0.0,0.7813864188386797,117.3076923076923
9056,51.67798445034938,79.28788737675724,17.35097991529274,11.330049261083744
9057,113.05890909090914,2454.9756097560985,231.58185840707966,80.00000000000001
9058,5.5182801588388335,3822.6940255150253,12.329682311977951,48.1651376146789
9059,16.087305224564602,63.63024043051819,29.664454277286133,53.310580204778155
9060,13.04092709402963,88.15948181218833,4.306068769254174,30.461538461538463
9061,11.27922471229556,45.57448405253283,7.284068671054975,57.77777777777777
9062,28.526397970137584,58.59034668142468,19.48088140976694,80.42918454935622
9063,45.185845970859376,63.90144350423097,152.73083264633144,15.932203389830518
9064,1.9473830734966793,27.710681244743483,253.2106674612633,29.119170984455955
9065,7.102647856001113,0.0,15.432098765432102,3.79746835443038
9066,9.770851299741267,21.15268960908787,22.05261532125205,75.48387096774192
9067,6.820610687022882,22.97890573500329,0.3295454545454587,43.9344262295082
9068,1.5445407279029666,293.0731707317073,147.90756914119362,45.928853754940704
9069,7.027777777777777,501.7769243687816,30.362401631310544,92.28142076502732
9070,25.33413194147346,48.818597560975604,96.10450563204002,6.301369863013691
9071,22.9254783484391,31.024390243902438,906.3920454545453,78.65834633385336
9072,10.993498207449699,39.64624543883235,2.9408933384674807,51.14285714285713
9073,61.873752757063336,41.4939101308129,13.452398288775314,39.733333333333334
9074,6.709597008724553,77.2441905245452,21.570945162935153,2.564102564102564
9075,77.03408266860046,83.57475223167218,226.90313981042647,39.199999999999996
9076,197.719512195122,646.8390243902439,240.2913809990205,18.956521739130444
9077,11.241592437738575,63.28437416242294,11.004003371260035,62.826086956521735
9078,11.0745507527926,74.01169119129209,13.23561703996487,63.42245989304812
9079,309.13193522697105,63.38394375533869,3.764891331470959,11.023622047244094
9080,163.92432432432437,2.199024390243898,311.97414548641535,36.37209302325581
9081,7.266146993318485,0.0,19.984772232712324,46.75324675324675
9082,14.470395889291119,64.22781636809944,34.15191568650285,75.30685920577616
9083,86.21314644755921,0.0,9.83479882760459,4.10958904109589
9084,132.87440381558034,0.0,191.4438502673797,21.061946902654878
9085,145.93351242444598,489.609756097561,481.7125237191651,19.529411764705877
9086,12.035791496516918,42.50970632155301,107.30764473033156,53.62711864406779
9087,6.514618464151402,85.78177126331742,64.01627555899387,23.389830508474578
9088,82.23189848220954,194.8048780487805,166.34448305821024,4.335664335664328
9089,288.30939783320736,83.20322057585796,20.398123300057748,100.0
9090,5.562024796218919,74.71576724949468,17.346510931416592,32.743362831858406
9091,7.928067869518461,91.55236771212815,7.614897810976251,23.618090452261306
9092,5.931679153206406,20.399877728997154,19.590969703320184,15.306122448979592
9093,85.08466434490212,0.0,10.954882384662024,117.3076923076923
9094,24.28903706000929,52.33383342620772,2.2957692448211398,80.28818443804036
9095,35.642355008787334,32.054494773519146,30.696648904339895,89.27899686520377
9096,10.678699920726856,69.87057063966867,56.51247529644271,62.417582417582416
9097,5.568874580450716,56.23440550045225,21.61627754037483,11.372549019607844
9098,159.5049671661896,79.32704070874826,14.330599710493926,98.24561403508771
9099,1196.215306980656,0.0,46.95874015402506,119.41747572815532
9100,0.4235355444060729,79.7722042228981,25.043546876134837,7.755102040816326
9101,20.754165764985917,56.66909928941809,24.543620948994942,83.0902348578492
9102,6.916406520985086,88.8559828820596,18.313352819155796,37.80487804878049
9103,27.342261904761887,63.915742793791566,17.442406911170664,84.74916387959867
9104,155.46162771423835,0.0,3.3088055212007426,117.3076923076923
9105,1146.925566343042,524.0649586046625,42.220889396808424,172.28915662650604
9106,20.470192203279385,81.90876620063273,27.15288315629743,72.74900398406375
9107,44.512628255722205,117.22464698331201,264.2706378986866,6.938775510204073
9108,113.18294280308547,51.86859133897461,172.90430267062308,53.707865168539335
9109,6.805738443412572,63.15726084926367,13.022039478866368,20.833333333333336
9110,6.098824102845306,87.48741937634762,23.455639347271052,46.75324675324675
9111,6.458520411687505,66.69041037274958,25.495665164818465,6.103286384976526
9112,778.6922615476907,0.0,181.01562499999994,53.707865168539335
9113,703.126628452319,0.0,37.25119747543999,36.15819209039548
9114,13.34201029403063,57.79080045834015,17.176145891559543,53.46938775510204
9115,35.398253506218566,59.779886013664196,27.489598754402987,89.27899686520377
9116,4.8040553714174115,312.72682926829265,122.85920461834515,1.582733812949632
9117,49.00899158851397,10.847863056476804,2.349337173209027,76.45833333333333
9118,51.83251231527094,89.13155368336487,22.63921466423421,19.68503937007874
9119,125.05841121495327,0.0,11.566762860152997,117.3076923076923
9120,155.46162771423835,0.0,0.635851827676237,68.65671641791045
9121,6.664821094885459,72.8194704440478,15.414316428880381,7.755102040816326
9122,51.67798445034938,79.28788737675724,17.35097991529274,11.330049261083744
9123,20.45723594895464,64.37524216382691,20.505096794384578,79.79320531757756
9124,135.11717495987165,48.49430894308941,196.76911907066795,21.37931034482758
9125,10.917715745301933,76.39200175785543,7.567840117345064,62.826086956521735
9126,6.444260256941567,92.71814096785447,11.032612574038389,82.95964125560538
9127,5.278065183652335,13.715645449137398,100.89285714285717,26.66666666666668
9128,15.826916446385455,67.3251830781335,23.718776916451333,76.96969696969697
9129,12.625432280741538,76.45037892057879,26.430987007997214,11.71875
9130,23.215006729475128,120.1209756097561,149.7062969924812,87.94713656387665
9131,125.3545840035093,75.0898440893097,40.1499830970517,23.497267759562842
9132,5.641236548084174,224.18958888553888,22.485321640844667,48.1651376146789
9133,50.4539685638973,0.0,17.3718202187953,11.11111111111111
9134,226.66384061042817,0.0,5.988424717145347,3.829787234042553
9135,4.979224848443566,65.5278403818377,14.551967669898321,11.372549019607844
9136,28.745439509656062,66.103142822473,32.633154923142186,80.42918454935622
9137,0.9914506343077972,78.602871754524,167.59410801963995,27.619047619047617
9138,0.9256878374903574,59.1386039008852,33.66807874364389,23.389830508474578
9139,7.928067869518461,91.55236771212815,7.614897810976251,23.618090452261306
9140,62.916249582916286,69.47004499171207,152.3148148148148,12.131147540983616
9141,153.36182804537236,88.7217176155784,0.9413568734717591,21.50537634408602
9142,9.051518761167383,14.635624538063583,6.148657208006083,67.81176470588235
9143,6.956742679286014,70.98745644599302,2.9328759986106228,42.99999999999999
9144,6.946082853375893,59.2002445420057,25.942265260931347,14.068441064638785
9145,6.01347449470643,77.60266833437566,59.74137931034481,76.12565445026178
9146,782.397590361446,0.0,167.7401746724891,45.53191489361703
9147,87.99707245669676,3.228790145132122,10.74867477318578,80.79864061172472
9148,91.23960789179799,37.43709688173811,0.8181713656071167,80.80000000000001
9149,7.161729940203032,21.336349755714824,5.710462360364928,22.82608695652174
9150,46.725057121096725,24.812991720932473,55.56031025021332,29.88505747126437
9151,6.053032612008534,91.04312642857127,28.27193265359627,0.4444444444444444
9152,20.297094351942523,63.81940133037695,25.438140759213073,70.06564551422319
9153,5.4749520941691765,42.643419109637115,4.3689071917560325,22.82608695652174
9154,6.61317100166021,86.88939162595247,11.539800081517035,30.63583815028902
9155,143.55246523388118,363.5911121063207,15.10635884306319,172.28915662650604
9156,6.403833865814677,25.032436509932104,3.1737193763920093,59.04191616766467
9157,2.4189261031366294,72.49561732593435,10.206192581370646,32.537313432835816
9158,6.901574530068669,5427.432490498444,8.37713551666197,16.49484536082474
9159,189.59037955655768,62.11034179900265,13.995232730348375,143.01075268817206
9160,6.547148143422208,15.906191369606004,22.270415794196825,6.875000000000009
9161,70.55112881806109,31.73257157363562,1.829616923956555,43.39622641509434
9162,23.48620977852067,70.64713335445042,32.06371191135734,78.42271293375394
9163,143.31893687707645,143.33101045296166,208.38477366255148,84.86486486486487
9164,50.72860635696822,52.80180985342889,12.42430907737169,41.14583333333333
9165,6.797865705772296,24.812991720932473,3.302558203845364,17.216117216117215
9166,140.06230529595015,57.20697426710887,26.307449144784606,21.50537634408602
9167,79.1999021287008,50.13250819075357,169.92924528301887,4.335664335664328
9168,10.547786259541967,66.8313571296922,59.51458933717579,79.08256880733946
9169,5.832208293153308,232.6003752345215,160.06998825371963,69.93406593406594
9170,6.598879435567545,86.81439077123181,0.9872709148071257,16.483516483516482
9171,11.744291136952443,36.08566329565735,21.792584548557244,58.03680981595092
9172,23.518170426065147,66.77595818815331,34.51344385622736,75.30685920577616
9173,15.811195445920326,61.11308203991131,83.13172043010753,59.40652818991098
9174,11.27922471229556,56.923488138990976,18.77427513323098,64.375
9175,165.5511240029007,194.8048780487805,262.1835443037974,6.046511627906986
9176,24.277295285359788,58.04275143875035,33.65038246019747,84.68085106382979
9177,79.46336682185743,72.78724202626641,196.19565217391303,3.661971830985907
9178,18.30037639823994,88.43596177021789,49.58191789026456,94.51659451659452
9179,5.648478201261311,86.43337046511603,16.980346174559774,8.130081300813007
9180,27.88597873178415,70.0198429102935,31.411958368734076,75.87301587301587
9181,5.1369729939770545,80.86812000863372,53.24092344119967,13.417721518987335
9182,52.65451664025357,0.0,32.942297191261275,7.377049180327869
9183,12.95061508290246,0.17189314750290516,17.326335611661317,57.77777777777777
9184,0.06694903675367475,63.133821756468514,88.40074006751493,84.69798657718121
9185,11.72301572952448,73.02439024390243,9.380896226415098,64.375
9186,93.56945491082642,29.675835554215556,15.128430159769218,68.65671641791045
9187,41.70262165038215,0.0,174.8142250530786,27.619047619047617
9188,1203.8917089678512,0.0,42.10738509561388,119.41747572815532
9189,11.257724463831316,14.90168468694999,12.463861227112108,61.35593220338983
9190,12.025225225225208,72.89910313901345,31.897513218770644,87.56363636363636
9191,15.64270905321353,62.244287548138644,37.85507315219458,65.01278772378515
9192,5.68470136460262,86.58773161026643,2.8395909443615865,17.216117216117215
9193,20.814142069412895,59.393267486393874,30.584957893267596,79.79320531757756
9194,36.959326788218824,11.66851441241685,122.47649678377041,77.35099337748345
9195,6.916886360482864,38.55931441627206,3.675579785392877,3.4013605442176873
9196,153.1121694859583,33.7282054152848,30.894795534038828,58.04195804195804
9197,18.16553727008715,50.13250819075357,14.36098102045848,54.70198675496688
9198,10.411009174311909,56.33592017738359,11.80993037135277,32.94117647058823
9199,23.681550565310257,36.14110948680464,0.8014796547472256,78.75776397515529
9200,6.790936179058971,304.54772400808514,5.948761863983438,49.333333333333336
9201,8.468412172717597,51.03128849470312,31.586945031712478,68.1118881118881
9202,24.261633919338145,68.9435112747354,30.082236842105264,92.95934122490993
9203,5.430950997482065,7.294063506672808,29.386870355078447,36.958525345622114
9204,25.623032395653482,64.530187130884,40.34124364350075,99.07698535861277
9205,12.08858480374503,44.73378800138712,26.89091552142279,88.16608996539793
9206,93.78850748145354,1148.1299172093254,10.850857714550637,140.4255319148936
9207,3.5196131112305213,55.00733275747427,50.56851422212849,30.67484662576687
9208,8.28565092038148,46.09282229965157,25.262837117172023,72.74900398406375
9209,25.93758060355948,22.83536585365853,125.99158653846152,6.046511627906986
9210,236.65356050677153,86.97777774982247,17.625576644705692,82.25806451612904
9211,24.191077528206176,55.13838812301167,35.38470508966519,82.77078085642317
9212,16.09039548022599,49.134072937218704,10.860860860860862,13.432835820895523
9213,9.295627518280876,70.55152141097959,28.223774622079713,72.53012048192771
9214,187.66300078554602,35.49568480300188,274.6444374209861,31.599999999999994
9215,142.4032714690154,68.40177424786519,30.178903348389095,0.8928571428571428
9216,4.810241746815682,70.14634146341464,99.0665584415584,16.58536585365853
9217,153.0957464279849,36.53485685272875,35.77282256527537,13.432835820895523
9218,224.73662031184153,44.66419086264077,2.2396379908154427,119.41747572815532
9219,76.58589511754073,85.6192742415229,134.66858037578285,15.555555555555548
9220,43.4511800998923,54.29381735677822,184.6448467966574,15.555555555555548
9221,1171.6171617161717,746.9453009634707,1.319768708048983,78.7793427230047
9222,42.4004434999538,73.37014091297358,15.826532322584763,8.130081300813007
9223,72.91596544373388,20.399877728997154,41.03298450265307,43.35839598997494
9224,7.0649531087183055,14.624176070244108,7.836152419873612,26.384364820846905
9225,5.916886119853537,46.399113082039904,9.187640983022726,42.99999999999999
9226,5.1554001554001365,4616.87804878049,111.21432086614173,21.37931034482758
9227,840.9035409035409,40.5652420376512,4.29138905140721,15.897435897435896
9228,30.62065275548424,0.0,117.63068731848985,2.0895522388059784
9229,23.665641773932965,57.72178105501985,24.54673038992566,78.75776397515529
9230,11.273850626930747,53.52829508590653,9.820143884892083,63.027027027027025
9231,10.00368640943719,72.37437555098441,56.31880866844361,79.08256880733946
9232,5.468108404051464,84.10705369968237,9.198407999473716,19.576719576719576
9233,27.349469298680674,47.735423282210654,16.471654581410682,71.85185185185185
9234,3.696252465483216,66.5469641930462,109.92296404988994,11.168831168831161
9235,13.014427899081884,49.757564643315604,143.30357142857142,78.75776397515529
9236,82.16390996144762,17.921951219512202,277.14191564147626,19.999999999999993
9237,142.23251198941628,0.0,125.51724137931035,35.44554455445545
9238,493.2685297691374,3044.5853658536585,351.84948979591854,60.46242774566474
9239,166.90597667638488,424.0975609756098,146.90666406858924,26.4516129032258
9240,7.663825625261982,59.545227599191485,1.800517149593101,28.971962616822427
9241,25.95389748255989,63.723387280601784,30.555249106394243,84.41913439635536
9242,11.381208784560453,11.558536585365877,88.5781626103236,61.24645892351275
9243,1170.5688375927452,0.0,39.494442853533215,22.82608695652174
9244,6.5615709050681055,73.10494192765222,11.08353631111967,16.49484536082474
9245,84.64389260052947,81.77806493296723,135.4057591623037,60.94117647058825
9246,9.409919330743971,57.50560316413975,26.48381294964029,72.53012048192771
9247,161.38059701492537,55.95649778944234,1.055555555555564,78.82352941176471
9248,6.983686220062478,31.73257157363562,17.803161416868583,18.71657754010695
9249,12.909209822224849,58.3724593495935,21.095986154563022,55.87096774193549
9250,43.91629003733546,159.93548387096774,219.59876543209873,31.599999999999994
9251,12.166322076728715,63.435053885422576,60.329047722815396,62.72479564032697
9252,28.745439509656062,66.103142822473,32.633154923142186,80.42918454935622
9253,52.5940594059406,81.03146022478231,1.3611375807588897,47.712418300653596
9254,6.7731670061099605,50.60860681905248,43.29814583982545,83.59712230215828
9255,25.494404883011175,33.23995354239254,23.287794949512755,87.56363636363636
9256,2.6594896331738243,39.36637259989622,254.18003851091146,49.89010989010988
9257,1130.9075630252103,0.0,296.9988344988345,17.590361445783127
9258,26.051090468497563,92.08947909135878,69.6778780152971,84.47219069239502
9259,52.50346328913517,48.586894905872,0.3544885195562316,47.712418300653596
9260,785.5985489721888,0.0,201.5368852459017,53.707865168539335
9261,597.3755656108598,0.0,6.936992931287006,5.116279069767442
9262,5.333160990111789,69.04196984690611,66.2014328127017,76.49484536082474
9263,6.820544811811187,1037.7904737727397,1.866225863638546,10.144927536231885
9264,42.446756783039994,153.85975609756096,310.8040201005025,49.33333333333333
9265,3.5821484992100916,75.04297328687574,86.70941672522837,10.58823529411764
9266,61.98234181206643,81.99540349194785,1.938112542671512,4.10958904109589
9267,13.93772032902466,69.0596506408523,38.15886156559224,65.01278772378515
9268,10.783542580547595,8.282926829268291,0.9578847371754301,67.81176470588235
9269,52.3880154256897,0.0,5.4963212370619745,16.923076923076923
9270,342.2381635581062,167.4564108305696,0.11562068541274698,209.5890410958904
9271,7.415460463940314,69.38374800833435,8.550824175824172,72.91089108910892
9272,122.62025133612595,1058.977780265802,22.789889278900738,69.92481203007519
9273,4.7483417869683775,0.0,118.15308988764043,3.661971830985907
9274,45.070813112805816,62.56445993031359,192.28547854785484,26.66666666666668
9275,10.993498207449699,68.67429971242943,30.534611518023837,77.79220779220779
9276,301.4587132065642,524.0649586046625,15.02619736744455,172.28915662650604
9277,51.78254874926137,19.3385427653838,3.0962974014671114,38.65030674846626
9278,7.005484968409359,31.790115481729934,7.965233438893391,26.384364820846905
9279,93.64241738911923,111.7363252408676,19.741504668531377,100.0
9280,12.415963161934021,28.532150776053218,135.19345238095238,78.75776397515529
9281,97.17054785300851,41.570204350692165,203.90334572490704,26.84491978609625
9282,3.531348788198084,69.9485343477288,62.476742219215154,50.07299270072993
9283,28.059525563577413,55.75969293557479,26.88895871603983,84.54237288135594
9284,24.906182713011365,89.53479311150939,13.089309428950862,73.43689320388349
9285,13.480212640283504,35.712331889674026,17.701342281879178,58.670694864048336
9286,75.88616714697409,21.385365853658538,275.1274643099933,49.33333333333333
9287,13.157052232169308,25.251659336265497,26.038831064851887,87.483989021043
9288,1132.9797979797981,0.0,369.8275862068965,47.0967741935484
9289,16.087305224564602,63.63024043051819,29.664454277286133,88.96774193548389
9290,1.3758737628901856,40.08030933967876,171.84099153567107,40.26200873362445
9291,6.835355285961872,70.5017284577438,9.11166805903648,16.483516483516482
9292,76.99130014499762,64.26607538802661,120.707343412527,6.046511627906986
9293,27.910822382991274,60.270023603461844,23.856192425793243,74.8529411764706
9294,6.642679213949626,1.6252282002502654,23.71884666498935,0.4444444444444444
9295,6.444260256941567,85.03727596134479,1.2351280500100754,55.42521994134897
9296,43.14277338024043,189.24252185918084,272.13951771653535,75.30685920577616
9297,13.254767262821254,61.70056285178237,12.293956043956044,72.85714285714285
9298,22.83321040986196,52.24344654661499,27.17818562298513,70.64377682403433
9299,7.1547768043387565,19.68537832192426,2.196595277320153,14.124293785310735
9300,22.185507862303428,89.57365594876107,6.236920272733413,71.07822410147992
9301,5.395609656021336,10.847863056476804,10.291928922792353,5.116279069767442
9302,14.971846519997662,73.89748475609755,40.595684803001866,69.18918918918918
9303,8.986607142857164,67.2439024390244,29.647160068846816,71.38075313807532
9304,7.020345809318797,24.28174670550085,59.79515481205049,59.9290780141844
9305,79.52242283051835,635.5051297840662,25.594963269865055,3.418803418803419
9306,20.865478119935155,62.68957871396895,31.94404227595193,70.4535637149028
9307,805.8627087198519,817.1707317073173,184.5727848101266,26.66666666666668
9308,5.68470136460262,86.75453965410513,26.537405268879667,14.716981132075471
9309,7.236292791539103,78.132494711966,20.981077196293583,14.068441064638785
9310,135.57092312640725,77.23051754907793,242.9787759131293,15.555555555555548
9311,31.5710051199138,773.4959349593496,167.8777949113338,4.335664335664328
9312,285.20369907523116,0.0,28.63323353787552,45.410628019323674
9313,10.37812041116004,37.730982854383,6.045356951154056,50.79136690647481
9314,113.40034965034968,31.024390243902438,199.6700879765396,80.00000000000001
9315,7.095205003474635,77.02326033546312,7.378012933568493,82.95964125560538
9316,655.430634347602,135.84390243902436,238.20921985815596,44.000000000000014
9317,9.770851299741267,21.15268960908787,22.05261532125205,72.74900398406375
9318,7.0649531087183055,53.70946735624757,14.156243479633895,79.52898550724638
9319,6.820072082062656,42.051110986709915,12.052158213432564,29.88505747126437
9320,10.77663397697507,58.40495547812621,4.882075471698116,46.56249999999999
9321,156.05582322644958,1415.5863280398944,17.625576644705692,78.39388145315488
9322,51.03938956485876,0.0,226.84619002822197,60.91428571428571
9323,85.64201397253673,89.6468486130102,20.24282420950601,5.116279069767442
9324,16.164148351648336,37.53115868566999,21.748595071944653,76.16724738675958
9325,52.39790368832197,76.47374163990361,20.038318630556027,29.88505747126437
9326,5.70490536886827,70.09225874867445,12.462481240620315,49.705882352941174
9327,50.46865846514352,71.93278270343619,31.616240653799338,31.53153153153153
9328,3.999213527329906,36.82752613240418,95.26273885350315,4.999999999999992
9329,86.14566976688006,67.97330518269325,6.7855053723715235,4.10958904109589
9330,6.805266805266805,47.31919180609993,26.36643548445901,0.8928571428571428
9331,18.16553727008715,50.13250819075357,14.36098102045848,54.70198675496688
9332,12.01689787063995,88.16564553847037,44.57316545878511,29.153605015673982
9333,51.55865866850231,0.0,6.382433730963729,47.712418300653596
9334,6.716521257443567,76.22609681506049,9.256485687375557,22.82608695652174
9335,12.831468697929047,40.91844979799491,11.379047882645981,82.61753494282085
9336,592.8949858088932,0.0,262.7958579881656,35.47169811320754
9337,1194.0386230058773,203.11726560797885,22.451325090411835,38.082191780821915
9338,201.33305904134957,40.383275261324044,316.38370118845495,8.57142857142858
9339,17.630321093178864,50.86585365853659,5.195281258331115,78.88888888888889
9340,29.338704263175565,40.5652420376512,213.14761848247485,65.4434250764526
9341,11.79212332891724,59.615770130304035,13.083522895855987,56.57142857142857
9342,1.4147260734957403,36.41463414634148,194.84624145785878,21.37931034482758
9343,7.139381299965242,72.10205238501996,6.355608683646678,36.15819209039548
9344,6.018659674370388,92.5706552547064,31.343530547598153,46.75324675324675
9345,44.19964559952749,53.689655172413794,234.8965071151358,31.599999999999994
9346,7.1319338245516475,83.74284561618106,24.11329972519426,75.19209659714599
9347,630.4265402843602,1058.977780265802,15.993322549158249,117.3076923076923
9348,9.743052560231666,60.2247386759582,4.208023159636034,56.57142857142857
9349,7.14732670513801,650.941712690008,20.247587681285026,25.12315270935961
9350,159.59238672730336,167.4564108305696,13.206329365487262,5.116279069767442
9351,46.002273588480485,0.0,29.96466455802178,29.88505747126437
9352,20.835540182673064,65.53429400682316,23.91723793526127,83.0902348578492
9353,43.29591204707339,91.14906933668381,16.345103598932038,99.07698535861277
9354,91.62004227278379,64.97594620075874,18.34162994862458,68.65671641791045
9355,11.802745664739867,59.00463863534342,5.9438093824228,44.39024390243902
9356,61.992852638217364,82.3655113738086,5.461266357353009,9.70873786407767
9357,4.344021419708725,51.394177812745866,117.2001518218624,35.77464788732394
9358,5.424845041322295,366.7743902439025,82.57356805044664,4.999999999999992
9359,6.224071702944924,18.76487804878052,5.7841614906832355,35.77464788732394
9360,6.844314423810717,18.36172607879927,1.7994426292523564,35.77464788732394
9361,66.92299360987761,77.19363938654057,13.67458620323004,9.70873786407767
9362,82.00546719681913,0.0,264.61267605633805,19.999999999999993
9363,10.933965705946717,60.24473629351679,60.48566063502903,79.08256880733946
9364,3.065316656740104,73.28628936774805,45.73231602966342,38.92857142857142
9365,153.86135181975743,0.0,181.89655172413794,13.05785123966943
9366,26.437634872680217,931.8170731707319,229.91716227697535,64.375
9367,6.746086715611581,43.63399840900959,9.10283531679674,10.24390243902439
9368,50.19003995711919,78.06668966221226,15.240334817054398,4.10958904109589
9369,1022.4367816091956,0.0,202.52878289473685,22.142857142857153
9370,6.90899001109878,0.0,21.783943256866,0.8928571428571428
9371,9.743052560231666,60.2247386759582,4.208023159636034,56.57142857142857
9372,47.7235694431132,74.36876062873708,21.1190696139379,5.116279069767442
9373,86.52489494460718,55.591463414634156,183.36221837088388,4.335664335664328
9374,91.23960789179799,52.45219363012096,14.927207524615415,69.92481203007519
9375,6.939008894536195,25.260735142562712,6.321619556913658,34.54545454545454
9376,5.204504271291723,62.44523846512351,58.3847588978186,60.11661807580174
9377,6.465874550980934,79.73815069465383,11.67631273571221,56.94444444444444
9378,195.2590203587987,0.0,165.1760889712697,35.47169811320754
9379,6.916406520985086,88.8559828820596,18.313352819155796,37.80487804878049
9380,655.0412371134022,28.6421286031042,326.37343532684287,62.0
9381,40.50505971373872,81.18808119540336,5.153870191813485,58.04195804195804
9382,1109.5623451692818,0.0,286.82965299684537,101.17647058823532
9383,81.59930572774613,0.0,133.45015576323988,50.32967032967034
9384,1.3748990035011923,55.763469531801434,20.494331443814612,77.00840336134453
9385,839.5638229634383,7.20177383592018,173.4723461195361,0.869565217391296
9386,7.296525795446633,26.73739388390165,6.780775553621505,48.122866894197955
9387,16.717079827154862,54.711134676564164,27.04979703247481,76.16724738675958
9388,31.594645584403942,157.95426829268294,177.85120845921452,68.62385321100916
9389,48.45241714806935,59.890492782478844,214.4230769230769,19.999999999999993
9390,1.848143512724259,57.96008869179601,168.05654023395962,39.73568281938326
9391,6.672665605315982,69.24890611425029,20.816902497487046,28.30188679245283
9392,13.80097687282997,70.86981192513615,44.09738119219851,70.32537960954447
9393,29.856382978723428,9.290806754221384,149.0353371242892,21.828571428571422
9394,5.619845360824724,60.07850609756099,42.702641165755935,42.76150627615063
9395,143.66798418972334,178.60042794850997,20.292083863945187,68.65671641791045
9396,7.1920428462127015,73.1598144648482,9.955320399764862,40.15748031496063
9397,9.110201042442275,78.6373276776246,19.855017376194624,48.37735849056604
9398,129.44548872180454,48.900487804878054,168.91447368421052,32.815533980582536
9399,163.43589743589743,84.36974702696034,8.384773662551442,27.73109243697479
9400,158.15745393634842,34.85036146434843,0.5322395772358526,67.43515850144092
9401,11.79212332891724,59.615770130304035,13.083522895855987,56.57142857142857
9402,50.94025465230166,0.4394349261452856,25.573389739123197,29.30232558139535
9403,153.36182804537236,88.7217176155784,0.9413568734717591,21.50537634408602
9404,137.40356564019453,1177.4878048780488,184.93346007604558,82.40000000000002
9405,41.48916636063166,50.35096114446227,31.95797516714422,41.53846153846154
9406,327.16186252771615,73.25435891694305,0.842430098304779,5.116279069767442
9407,16.096918318249497,69.51103090983179,22.131085576050804,76.61538461538461
9408,29.466148135053942,293.0731707317073,132.10549910340706,30.909090909090903
9409,6.931242628182891,76.22609681506049,4.413622271009503,11.023622047244094
9410,52.23231924140656,73.25435891694305,14.29507435271266,38.65030674846626
9411,6.613628502248357,72.18734397444415,4.3017622318053546,16.483516483516482
9412,817.2072636192863,843.3756097560976,147.89420485175202,57.24137931034484
9413,44.941618840292925,52.35476718403548,252.3706896551724,14.000000000000009
9414,4.679482598442099,85.81640798226164,198.07387444514904,23.146067415730332
9415,49.76192789816344,76.59756405232515,11.022063200421188,7.755102040816326
9416,155.16556291390728,0.0,24.193709473829827,117.3076923076923
9417,337.6396773229759,96.53658536585365,239.59592145015108,62.85714285714287
9418,79.77172312223863,59.890492782478844,123.57625482625481,6.046511627906986
9419,48.41101694915254,71.8121585852431,13.854339414040906,4.10958904109589
9420,10.923133057650189,39.21548906210713,9.435007385524358,32.94117647058823
9421,10.76032655050565,59.658279845956365,80.7797242963814,92.38731218697829
9422,10.923133057650189,67.31557880130225,76.88424089433823,92.38731218697829
9423,142.23251198941628,0.0,125.51724137931035,35.44554455445545
9424,1.5899367856458717,61.54221543612724,55.4309095619529,56.94444444444444
9425,16.723471938195864,27.432533062546828,6.656184486373173,12.592592592592592
9426,15.608688137350907,72.07389001503957,45.87581937363437,75.91549295774648
9427,84.8536092882383,3830.731707317073,242.33668341708542,15.555555555555548
9428,18.404332713604422,51.926302860150884,13.872706990580074,54.70198675496688
9429,50.551919507668266,19.396698105855734,8.158826722123516,46.69811320754717
9430,6.916886360482864,47.912761590456135,7.2080643334465915,3.79746835443038
9431,1212.7768313458262,0.0,45.63294999302418,0.4444444444444444
9432,6.86451255027042,167.4564108305696,11.127718404878127,17.51824817518248
9433,25.46295503211994,49.08378617464931,128.29650315687226,4.335664335664328
9434,6.719735082468299,58.62387676508344,3.0172413793103257,46.14173228346456
9435,155.37696768848383,0.0,15.623736055067653,140.4255319148936
9436,1114.577114427861,1472.2926829268292,257.445987654321,13.05785123966943
9437,7.013401847093951,85.77761907784077,6.004160069541457,13.432835820895523
9438,50.155884645362434,66.71653554108468,12.434679685797748,30.461538461538463
9439,101.95505308148356,72.2069475240207,131.05087358684483,15.932203389830518
9440,10.733134255591425,67.47621518768378,58.66888760139049,78.75776397515529
9441,94.2770704651456,67.58104111144611,29.05440130495342,69.92481203007519
9442,14.2048849059919,70.76950980860101,39.73377353189102,70.32537960954447
9443,15.394212441517919,53.6955688928617,32.24363615578081,81.61290322580645
9444,15.82035265280306,82.27689407328856,72.12101794214576,36.37209302325581
9445,1.643189230448983,81.41838649155724,177.61157826649418,2.8571428571428656
9446,26.975364587624618,95.46697022401301,24.28493691119954,39.920948616600796
9447,6.857103237883935,88.7999827960398,14.615279562369773,14.068441064638785
9448,18.20367979341513,49.66745984533016,3.7436548223350257,56.01286173633439
9449,376.11986407167126,78.30427388704639,8.274213672452694,119.41747572815532
9450,7.6314793794929825,31.330590655304146,0.07017385005430757,30.909090909090903
9451,418.8735387885229,9.186991869918696,241.50064267352172,53.707865168539335
9452,16.04401902905942,6.209164818920929,19.881556683587142,76.16724738675958
9453,11.025936949523157,39.527204502814264,4.574840621352242,56.293929712460056
9454,1221.7838765008576,0.0,16.587267188859876,77.95121951219512
9455,27.280941269920056,68.0984093319194,25.420664954723605,84.74916387959867
9456,6.187555984289947,0.0,22.396514161220043,16.483516483516482
9457,15.666992918417854,33.77571580063627,1.7818134879656915,77.79220779220779
9458,15.723081543775342,11.44017117940399,11.2842608581916,51.67785234899329
9459,132.50476190476195,346.6740576496674,148.97378177966104,6.046511627906986
9460,39.5508873596523,42.85119426697231,19.146475340154467,3.829787234042553
9461,793.4492753623189,0.0,22.294336212090784,23.497267759562842
9462,11.946523453122323,75.85822210426838,71.97101788196329,71.57232704402516
9463,10.591466764328858,26.009756097560977,5.063671311869297,36.074766355140184
9464,23.019760353163743,56.463414634146346,29.11360459698711,96.46602944975457
9465,6.827949535560792,47.795495909250775,21.320772739212458,23.618090452261306
9466,44.427134687438404,113.38257839721255,224.70794392523365,11.21951219512196
9467,125.83718778908424,60.802660753880254,303.7037037037037,63.12668463611859
9468,334.91092636579583,83.43414634146342,394.66560509554137,63.90501319261214
9469,92.00157294534019,64.72420262664164,264.3048128342246,63.8095238095238
9470,85.01800720288115,86.63869782241771,11.793064610376412,5.116279069767442
9471,44.59822309970388,31.024390243902438,202.6459059233449,19.053254437869814
9472,25.713561213104764,64.8199283158197,43.55903762865495,98.79269261318507
9473,12.571326250447637,39.94715447154472,42.099381966670336,60.23255813953487
9474,52.09710845751505,79.71894515028856,18.28646159752273,46.82352941176471
9475,1039.0202177293936,86.19255455712455,296.58796895213453,67.73584905660377
9476,6.429114011463296,0.0,23.43776689531274,14.393939393939394
9477,13.80097687282997,65.84447466487698,30.66701351274303,87.56363636363636
9478,2.588282237148348,56.16809966660817,234.28510998307962,49.89010989010988
9479,28.959697366506603,94.02710811478593,138.15947979152327,96.26535626535626
9480,165.9993096306524,41.947445711194206,13.318016959955473,100.0
9481,9.765292921825893,55.38088332234674,18.129348513598984,45.928853754940704
9482,11.20392822502423,45.67281380130875,4.669172311250609,73.48837209302326
9483,17.81518262918699,67.3251830781335,18.943346146805805,79.3975903614458
9484,153.94628439611137,29.035987681415154,3.921553420603695,17.51824817518248
9485,13.208508621200432,51.671331467413026,65.45057520238602,75.91549295774648
9486,750.0827357970215,53.30126160101165,8.186319014023038,5.116279069767442
9487,38.85034687809713,294.43403090788297,20.730880631047025,58.46994535519126
9488,1277.301161751564,390.3367531893775,8.80940940543439,205.4054054054054
9489,7.146829810901001,62.462258129042866,20.114509634680537,25.412541254125415
9490,10.977269964750196,25.02328910422288,16.953075575453813,88.16608996539793
9491,49.00899158851397,64.87946120406663,21.066364754635412,7.755102040816326
9492,6.850169867572626,86.85585012248099,3.961969632467725,24.752475247524753
9493,7.127821455744339,2.9756097560975583,34.19476486246671,35.77464788732394
9494,52.826259420864744,78.27854550070225,0.5320399764844146,16.923076923076923
9495,44.941618840292925,52.35476718403548,252.3706896551724,14.000000000000009
9496,5.968507185587568,142.7286344048511,3.485069327652569,28.971962616822427
9497,36.85748771445813,91.35984730514944,93.60020284774603,96.18941504178272
9498,0.3136556636077449,29.246829268292668,182.7089337175792,28.749999999999993
9499,766.2211709047903,68.45993031358887,308.75,7.7165354330708755
9500,157.53676470588235,59.545227599191485,20.48029764924742,50.495049504950494
9501,214.3381603100143,405.19544267996486,11.100109743307723,69.92481203007519
9502,3.046068308181077,20.449477351916396,97.60013812154693,2.2857142857142776
9503,23.48620977852067,70.64713335445042,32.06371191135734,78.42271293375394
9504,52.05209155485399,49.400138491513864,4.935637940561997,58.04195804195804
9505,7.423154666480797,88.97755397789167,0.27389113626161676,97.60339342523861
9506,7.199499165275459,74.86024857949756,9.129901960784315,28.971962616822427
9507,143.66798418972334,479.48889013290074,9.971222247984652,172.28915662650604
9508,1.495288248337049,33.819313091090095,233.80532139093785,29.119170984455955
9509,11.802745664739867,54.22039377020277,9.111094933022713,70.0
9510,15.382434029145356,24.853658536585378,82.38720872583045,59.40652818991098
9511,79.28763769889845,67.62926829268294,268.37599134823364,49.33333333333333
9512,53.62838915470495,8.533036279071721,9.204661864238716,58.04195804195804
9513,49.776482021379984,821.2387484164063,2.3790824973661215,18.705035971223023
9514,45.14268727705116,15.609756097560975,246.0532868525896,3.661971830985907
9515,8.305568776772965,62.12490914164049,64.12641068850203,73.25443786982248
9516,50.11689070718878,46.21354123983413,10.601986303825615,35.86497890295359
9517,15.382434029145356,54.05638264174849,81.34915299811777,31.256281407035168
9518,52.76566217287867,79.1405079808331,1.5478164731896091,52.0
9519,1.8835640258746813,96.53658536585365,190.77743902439025,31.256281407035168
9520,93.56945491082642,29.675835554215556,15.128430159769218,68.65671641791045
9521,27.24482193413797,56.325203252032516,32.3184309695101,78.42271293375394
9522,5.699235098859885,46.70194295163291,25.084249733948212,76.25
9523,50.654936461388075,40.5652420376512,0.5991827823752318,23.497267759562842
9524,9.186258912262094,62.18547000429211,61.4682219156534,77.30923694779116
9525,157.4758305501846,0.0,161.43631813125694,3.636363636363645
9526,6.570991197856851,5.371273712737117,44.63461538461537,31.599999999999994
9527,6.535222052067363,75.4329268292683,12.002451687337713,50.07299270072993
9528,312.6372155287818,0.0,32.80733829252672,68.65671641791045
9529,32.17650243638335,74.93446447507954,155.3007889546351,30.204081632653057
9530,82.45889387144996,40.44345898004435,171.64777169663793,11.21951219512196
9531,51.618298081652725,86.04183714520597,10.657022817459017,37.80487804878049
9532,11.525730852862994,44.36502814258912,14.379140685892434,57.77777777777777
9533,7.640731945802487,74.13202244125753,3.9959921040350044,22.82608695652174
9534,124.07676650189008,0.0,11.115171139369851,83.73983739837398
9535,51.67798445034938,1683.0427388704638,6.382433730963729,80.80000000000001
9536,15.30749663324854,38.13933354939207,13.154859042339048,11.71875
9537,13.871935085552991,74.36479321314954,78.66962774957696,41.78723404255319
9538,6.94492090718504,65.00832308026344,23.199933020763567,80.84033613445378
9539,2.9319441661657653,47.42309872561453,84.38984205680035,30.67484662576687
9540,18.01321301965842,40.318733239688406,17.69013105639396,59.52662721893491
9541,15.291464260929894,37.10829268292683,19.188765404929583,88.36734693877551
9542,11.090743550834581,50.254225280842014,4.4412318450780495,56.293929712460056
9543,4.0306623861625965,17.921951219512202,89.47002472187887,34.54545454545454
9544,6.665282392026578,2630.697137054578,16.227657572906875,16.483516483516482
9545,6.409814069388518,63.273466371027354,16.02798053527981,35.77464788732394
9546,27.313418023024994,62.401696712619305,31.265826541109437,78.75776397515529
9547,23.73717915343363,73.60562386615604,33.20720600053579,78.75776397515529
9548,6.86800610376397,82.38919485969053,8.725728155339809,34.54545454545454
9549,28.0842498036135,54.721951219512185,28.660628310062574,79.01840490797547
9550,1081.2741935483873,0.0,296.84466019417476,7.7165354330708755
9551,129.1583229036296,0.0,271.59090909090907,63.12668463611859
9552,7.087270705947748,69.08433960829439,10.555223051740114,3.418803418803419
9553,27.70088845014806,57.49422886091816,28.059769791263328,85.11425462459195
9554,6.694821379119357,37.83778874997715,17.546296296296298,23.618090452261306
9555,50.86139389193423,234.320513538212,27.01675398858962,29.88505747126437
9556,20.814142069412895,59.393267486393874,30.584957893267596,79.36651583710407
9557,43.704503090356155,461.5331010452961,216.36996904024772,15.555555555555548
9558,40.54691997697182,55.50115048320294,166.3655213270142,15.555555555555548
9559,2.0738066586441843,51.621763602251406,20.303810010867497,86.7698259187621
9560,7.221371921524976,31.650028343298885,9.152778813875418,56.94444444444444
9561,1.495288248337049,33.819313091090095,233.80532139093785,29.119170984455955
9562,95.77385725741784,182.52134146341464,150.6859264041317,78.14696485623003
9563,12.555668318309337,43.846689895470384,9.791118985026786,77.38842975206612
9564,15.986234585603654,66.48213272830404,35.96224920802536,69.18918918918918
9565,22.094458036379095,51.53892415636485,32.607526881720425,83.39805825242719
9566,1.5899367856458717,61.54221543612724,55.4309095619529,56.94444444444444
9567,6.820072082062656,75.7858393486727,21.28546959117544,10.24390243902439
9568,15.473393772171878,2.0000000000000018,2.6602775941837913,86.25125628140704
9569,29.580679405520193,19.231540260608078,84.23227163461537,30.909090909090903
9570,53.61842105263158,10.810898315258118,5.821012331577733,12.592592592592592
9571,701.3019693654268,47.40243902439025,185.29505076142132,14.957983193277322
9572,28.771868131868157,18.83607487237664,84.95475113122171,30.909090909090903
9573,26.038599934576386,56.0162396511656,18.824393108495098,20.855614973262032
9574,5.222905208670314,55.14725230239854,22.317246996538387,84.3298969072165
9575,141.15574580177812,555.1219512195122,280.54490690032867,78.65834633385336
9576,36.487141259783854,517.6864111498257,161.6661051212938,30.204081632653057
9577,524.2203321182666,1326.4341910963713,40.596889930907146,36.15819209039548
9578,10.547786259541967,66.8313571296922,59.51458933717579,79.08256880733946
9579,6.879811360011097,8.976762098180835,18.897996357012747,27.96208530805687
9580,6.69435790931118,36.107635190475044,18.137668821294337,25.657894736842106
9581,51.8423645320197,0.0,12.406260564342682,38.65030674846626
9582,11.004313749316466,40.12792763689227,16.247736586295623,63.027027027027025
9583,157.08090075062552,108.02165286822081,15.531046714988534,98.24561403508771
9584,27.288160833953825,52.918812419321966,27.54207423860579,72.3076923076923
9585,16.360417975218393,75.49419135089107,24.136971046770594,72.53012048192771
9586,2.6918222281272643,63.40353238015138,122.6729038370441,29.119170984455955
9587,3.1678455741389375,6.411149825783978,163.62016293279024,3.661971830985907
9588,6.798336798336798,63.99080698389571,10.745793012319767,24.752475247524753
9589,51.56372934697089,66.90064076297485,8.890935134029066,31.03448275862069
9590,13.551699716713864,74.47576813430472,127.33592880978864,25.652173913043473
9591,11.733654715275668,45.183673469387756,21.50845962217148,45.06024096385542
9592,77.93731778425659,7.748133399701351,195.99137931034483,25.652173913043473
9593,6.073741583840956,58.528977399865745,46.13125638406537,21.37931034482758
9594,72.0234879624193,36.41463414634148,216.50995575221242,23.146067415730332
9595,6.00453951440952,70.51661612891358,17.764916352383718,17.51824817518248
9596,25.91592882317547,41.93237250554323,112.31368563685633,4.335664335664328
9597,52.08723971183262,79.29329185171886,22.69461667158746,62.926829268292686
9598,5.71704428424303,275.2062084257206,83.94718143060163,11.168831168831161
9599,9.770851299741267,21.15268960908787,22.05261532125205,72.74900398406375
9600,165.86165257892014,0.0,11.566762860152997,143.01075268817206
9601,161.51366027490243,65.86628578681781,10.707070707070688,78.82352941176471
9602,82.86891385767794,49.972505543237254,304.54275534441797,25.652173913043473
9603,7.26892884274498,72.78724202626641,88.00306630893066,55.439739413680776
9604,12.482523749775929,64.76435720532504,12.294161676646704,63.027027027027025
9605,27.67947072183271,58.687207565953216,22.906162464985993,84.69798657718121
9606,6.7731670061099605,50.60860681905248,43.29814583982545,83.37788578371811
9607,11.477609234302273,48.900487804878054,6.320159027128154,56.293929712460056
9608,51.73771783006793,55.4239315282384,1.3296278816335059,22.82608695652174
9609,6.95350451075642,66.80505539336902,19.756397690489326,25.412541254125415
9610,6.429558011049724,85.86595684754361,21.796487208858338,28.30188679245283
9611,13.884310371637405,54.713046325094126,56.853153495440736,96.26535626535626
9612,85.69707193637788,32.81618154865728,43.07598548436244,4.10958904109589
9613,8.3424066078468,73.3631734119539,150.76687116564418,87.84
9614,14.003405154699683,63.91459416233507,46.897869837950864,61.573033707865164
9615,0.6168429729358629,20.157012195121943,137.76555386949923,35.77464788732394
9616,13.740062422707716,65.71324367449283,41.519140318787564,61.573033707865164
9617,6.591471401542737,62.27471116816432,20.397907314496965,83.90588235294119
9618,654.6522411128285,124.61324041811845,370.24336283185846,63.2258064516129
9619,787.2077528770444,0.0,243.75000000000006,75.3846153846154
9620,50.2193196217955,47.40879587894893,8.684222879406652,8.982035928143713
9621,7.072391274142004,82.59410659674072,14.976717916311241,3.418803418803419
9622,144.90703956777372,0.0,15.209260226283721,82.25806451612904
9623,15.282543680151134,53.75609756097561,73.55571281523416,36.37209302325581
9624,44.55541300700684,180.7665505226481,233.75360230547545,42.03389830508474
9625,146.9476045505528,1371.0102595681328,1.6087377453624843,5.116279069767442
9626,3.6455729509274906,78.37881349110522,62.06554749451657,50.07299270072993
9627,40.83003800821592,94.51841303897633,77.15165325455163,98.00898599242358
9628,6.70174466906674,53.93806257917968,5.638286420347539,80.27923211169285
9629,6.980377214707545,54.64540337711069,33.684340931615466,43.9344262295082
9630,17.05130254115393,58.62387676508344,79.80205278592372,36.37209302325581
9631,14.73426858373594,54.61855044838192,30.77207745445817,87.56363636363636
9632,12.424967117063238,72.53223626212166,28.420255912258646,78.14696485623003
9633,27.432251672033676,62.135153278138276,19.416541494555002,78.42271293375394
9634,86.22522957950702,0.0,13.074241598887996,9.70873786407767
9635,91.23960789179799,37.43709688173811,0.8181713656071167,80.80000000000001
9636,223.0657256285841,0.0,166.9982185273159,26.66666666666668
9637,77.93731778425659,7.748133399701351,195.99137931034483,25.652173913043473
9638,52.689983156643216,84.52604955669075,3.7505404236921738,46.15384615384615
9639,6.938662225922842,3.4185183111832202,12.782333864245338,10.24390243902439
9640,143.64271457085835,0.0,208.18452380952382,53.707865168539335
9641,24.736409413215483,64.06504065040652,30.050388439180754,93.01327885597549
9642,23.466220805684713,64.86040261650018,24.923829897575544,84.74916387959867
9643,113.21397379912668,194.8048780487805,203.85423400129287,17.93103448275863
9644,208.30982950957696,0.0,237.05022488755625,6.046511627906986
9645,51.633215269578905,84.56982245208253,23.261266469223195,30.63583815028902
9646,18.01321301965842,40.318733239688406,17.69013105639396,59.52662721893491
9647,86.1577485203527,68.63165551987147,10.134502733592457,9.70873786407767
9648,7.902762430939248,31.140466441160747,9.345736816165616,95.75155279503105
9649,125.09128085292829,87.26398043663954,15.209260226283721,113.20754716981132
9650,7.1095976092848705,56.23440550045225,4.514932687256436,28.40909090909091
9651,84.71374527112235,68.23651145602366,157.1999031945789,15.932203389830518
9652,5.82009901626694,57.00762195121951,64.29724565102796,64.28198433420366
9653,154.91233873635463,73.90669162628589,27.382082094566044,68.65671641791045
9654,49.442451275089695,81.04639608287303,1.5057063234608838,23.389830508474578
9655,1.4892937040588048,74.5279608732791,63.802635057655564,58.04195804195804
9656,73.57810564252732,80.59901683094314,18.799190740896705,3.829787234042553
9657,6.0852206236662765,77.64341525218477,17.44045072029668,40.15748031496063
9658,13.80097687282997,70.86981192513615,44.09738119219851,73.43689320388349
9659,4.723559255886543,46.572578735496094,81.44087357954545,5.655172413793095
9660,91.02627664848785,0.0,11.451745578853837,47.712418300653596
9661,36.94686333748001,86.40901360918485,1.7325863549645695,58.04195804195804
9662,125.05841121495327,0.0,11.566762860152997,117.3076923076923
9663,6.565031574918652,63.94891037667774,3.94043760129661,38.65470852017936
9664,162.9585394983791,0.0,13.247905862155305,169.04761904761904
9665,89.68615384615384,57.32730048857035,38.76588337684941,7.755102040816326
9666,11.058352055376751,77.21807747489241,82.0525558448678,94.712021646695
9667,3.8037696197543642,78.85365853658537,85.31411917098447,10.58823529411764
9668,18.78841943070313,20.45790715971676,9.293973370707793,57.77777777777777
9669,26.50315225839885,42.94099134539732,128.30093833780163,4.335664335664328
9670,625.4977711738486,81.77806493296723,153.48837209302326,21.061946902654878
9671,51.49906615550969,71.84669359678215,14.532946092283991,11.330049261083744
9672,7.095205003474635,77.02326033546312,7.378012933568493,82.95964125560538
9673,5.735246798378255,68.94236675700091,68.90495867768594,76.49484536082474
9674,48.09262996060344,66.38525984096665,9.861013706183968,9.6
9675,6.962652439024372,21.963414634146343,9.28426114296281,35.77464788732394
9676,153.2906795780737,2454.9756097560985,240.10968229954614,14.000000000000009
9677,7.296525795446633,26.73739388390165,6.780775553621505,48.122866894197955
9678,27.15074352215645,52.66344437834623,32.43652752677745,72.3076923076923
9679,7.370767730249408,101.76536255639459,14.375997896200014,11.023622047244094
9680,10.993498207449699,39.64624543883235,2.9408933384674807,51.14285714285713
9681,44.69821199249237,1963.6341463414642,219.6133796698523,96.18516452872281
9682,299.48159668221876,54.28095541357785,20.25383004614934,45.410628019323674
9683,42.947204059724825,453.8758314855875,273.46408317580347,68.47926267281106
9684,769.8218527315917,0.0,180.7348901098901,57.24137931034484
9685,10.356181150550778,69.43809079239118,55.83876521953018,62.417582417582416
9686,7.087270705947748,77.2239066202678,14.063439418530798,26.384364820846905
9687,208.56962291973886,0.0,301.1980369515012,63.2258064516129
9688,6.820544811811187,73.57389867366541,3.5970869008955795,16.483516483516482
9689,42.19784486943018,78.75280158206988,161.859365466748,27.619047619047617
9690,35.45234213193494,72.79855239948907,35.53780555474431,89.21135646687698
9691,28.0842498036135,54.721951219512185,28.660628310062574,79.01840490797547
9692,48.19230769230769,119.45141401482633,1.9564811228958467,13.076923076923078
9693,15.608688137350907,72.07389001503957,45.87581937363437,78.14696485623003
9694,23.12179541060774,35.42369337979095,84.7347764034253,11.74193548387096
9695,131.80566545339457,2258.439024390245,182.54608294930878,7.7165354330708755
9696,123.78394075794976,85.59157382730939,8.026573592559817,77.90811339198436
9697,13.48532278069811,20.075121951219515,4.6109880547425135,82.61753494282085
9698,50.86139389193423,234.320513538212,27.01675398858962,29.88505747126437
9699,9.18971300782708,48.550632103179666,23.039990962494354,72.53012048192771
9700,32.883969881157604,55.13838812301167,180.6064073226545,0.14598540145984573
9701,53.573076116586314,81.10225140712947,203.43886462882085,11.21951219512196
9702,157.68266176224714,375.4780636987904,1.5457961361871588,14.393939393939394
9703,51.083227134594644,37.981122126244735,30.61474676310595,76.45833333333333
9704,6.834881464023292,24.41449259136077,12.696552863800111,0.4444444444444444
9705,20.470192203279385,81.90876620063273,27.15288315629743,75.48387096774192
9706,5.680618158403073,56.42820984813621,188.68378812199035,45.71428571428571
9707,113.93018840368048,0.0,229.2830290010741,36.80000000000001
9708,124.07676650189008,0.0,11.115171139369851,83.73983739837398
9709,77.74299235529672,211.1829268292683,244.21052631578948,9.999999999999993
9710,45.62978361523198,90.2220236900652,14.063439418530798,119.41747572815532
9711,40.62788018433183,32.0614272809395,272.11134453781506,15.555555555555548
9712,14.902689827455976,73.57087482855269,46.89279902359643,78.14696485623003
9713,2.620662145991205,13.715645449137398,18.838129496402882,62.52054794520547
9714,2.6530205356549286,40.00462130937099,160.53470254957506,49.144981412639396
9715,13.459766040411184,9.334125375637711,7.405800694100158,84.61192350956132
9716,24.29295017572874,61.30367749273348,30.976752255378216,84.88397790055248
9717,15.838671411625171,38.78368652538985,69.18460264900662,31.256281407035168
9718,14.150561097256881,69.64685940295698,156.41143911439116,6.046511627906986
9719,26.525006478362297,60.29563932002957,163.40978013646696,29.48453608247422
9720,229.90540540540545,931.8170731707319,203.7420382165605,16.923076923076934
9721,20.608130081300796,44.112819327245404,20.967974931104987,79.36651583710407
9722,12.051636145301693,15.963666947014305,18.533676333021504,67.65957446808511
9723,15.82035265280306,82.27689407328856,72.12101794214576,36.37209302325581
9724,7.161729940203032,77.21667611443294,18.270859765236757,7.755102040816326
9725,27.507670988815192,59.89786585365853,23.060164528722808,85.11425462459195
9726,18.437552202238415,44.18360975609758,5.19852533924121,92.19178082191782
9727,1.5586216459821323,34.487804878048784,188.28406362545016,44.39024390243902
9728,72.79462073846884,134.33208255159477,307.62551581843206,23.146067415730332
9729,104.92165640738673,54.23924281033856,391.0308441558442,26.84491978609625
9730,144.41515100951113,208.8432055749129,283.2031249999999,19.529411764705877
9731,81.98285501304512,43.846689895470384,204.28039702233244,9.999999999999993
9732,14.328754292850476,36.870066518847004,8.85881198715662,93.62237762237763
9733,157.252545484894,0.0,20.8639930984991,69.92481203007519
9734,49.398991857309035,84.78632475366499,0.33464698993472974,30.461538461538463
9735,8.713698117910988,67.40138367729831,65.03706158852596,78.75776397515529
9736,7.257190997713322,74.5279608732791,77.36728751591325,69.70509383378017
9737,11.268475890477326,11.336878782321664,10.637950345342546,57.77777777777777
9738,6.695967896044315,61.1634292390828,0.9822282435447651,45.49800796812748
9739,5.532730758696248,2128.8034235880796,15.614311530935232,14.716981132075471
9740,6.793525809273862,64.65789473684211,81.10940695296524,41.03448275862068
9741,12.025225225225208,72.89910313901345,31.897513218770644,87.56363636363636
9742,18.04743167074338,89.12742787233918,50.75117223684025,95.13873951387394
9743,23.50219344056819,42.604360025901144,31.53888600363542,96.46602944975457
9744,1.8339822024471837,40.44345898004435,220.44860627177704,12.3076923076923
9745,14.55521203989965,56.8474019088017,35.478545196830105,97.53335737468444
9746,18.295075014578803,88.67367560585244,51.393331711879355,95.13873951387394
9747,11.047549644744016,37.804878048780495,7.145844952593416,64.46753246753246
9748,41.554147147974646,57.78632445133024,14.529697380307132,33.91304347826087
9749,1.5727064697316617,533.2845528455284,179.3769716088328,31.940298507462682
9750,46.51582850080806,62.462258129042866,15.359731814169649,56.94444444444444
9751,10.662356672359094,63.05416903006239,70.52191287546108,92.38731218697829
9752,42.39136774569848,39.005887300252326,177.74631936579846,15.555555555555548
9753,24.010168084664855,62.37728222996516,32.44660564454615,82.77078085642317
9754,6.127915918995111,0.0,72.40773286467484,45.28
9755,5.692763327324215,0.0,91.41750720461097,11.74193548387096
9756,9.653981372972288,23.094379639448565,21.21886120996442,61.24645892351275
9757,6.4874872318692365,14.082367053178732,28.319616494145606,34.54545454545454
9758,149.54663212435233,0.0,19.356334140929444,11.372549019607844
9759,142.75439177991387,120.1209756097561,242.7019817073171,62.85714285714287
9760,807.6560659599529,51.21864204977034,37.801964720526044,15.897435897435896
9761,29.004459092671564,47.68123306233063,29.825660893345475,80.59574468085107
9762,6.886746653720785,76.88648301464214,9.994393364366084,55.158730158730165
9763,28.655204325166807,68.011976450799,29.322412341372466,80.42918454935622
9764,1.643189230448983,250.95818815331006,138.00632911392407,45.928853754940704
9765,131.7689873417722,205.72357723577235,221.16071428571433,14.000000000000009
9766,1.5586216459821323,54.339985218033995,158.235559566787,12.3076923076923
9767,143.88611388611395,6.198447893569871,319.9486301369864,66.30541871921181
9768,5.026259482590917,65.8790650406504,112.505650994575,21.37931034482758
9769,52.067094227923036,49.05592174655817,0.47229852368797576,80.80000000000001
9770,106.12545138424503,63.44558439645921,4.632082901752261,68.65671641791045
9771,14.2651448639157,63.39804483065073,33.77493992572636,78.04173354735153
9772,7.072391274142004,26.794150319677435,0.36744516054409854,10.784313725490197
9773,91.12473903966601,1210.2439024390244,200.55147058823528,26.84491978609625
9774,1080.3223207091057,38.582317073170735,260.66176470588243,62.85714285714287
9775,5.910006715916722,89.385045142645,5.293664087633946,31.53153153153153
9776,91.50099403578528,0.0,13.452398288775314,22.162162162162165
9777,5.571170706549749,10.35173299101413,39.691679049034164,47.98479087452471
9778,12.046202095922917,38.81408191440405,131.90428257686676,49.52029520295203
9779,7.0649531087183055,87.496956404262,23.97722076474931,0.8928571428571428
9780,91.23960789179799,52.45219363012096,14.927207524615415,69.92481203007519
9781,16.1601903251388,12.306620209059231,22.24376520681266,77.68352365415987
9782,27.80067034700314,4.834916559691907,0.09031514219830969,84.54237288135594
9783,0.554678382645726,25.12891986062718,216.6065705128205,28.749999999999993
9784,6.82747625979067,78.48051866880475,0.36206644665125615,12.062256809338521
9785,156.01328903654485,494.347579623488,18.022044990707702,45.410628019323674
9786,144.55728340209458,0.0,14.692243520346429,82.25806451612904
9787,16.98586374890187,174.4095720202485,13.454124903623748,93.62237762237763
9788,52.5940594059406,78.01728130159702,11.349706901281085,100.0
9789,25.61170077700471,66.33650369380406,41.278749131908974,98.79269261318507
9790,80.03687315634221,0.0,257.3584512905911,66.22222222222221
9791,28.355099046221554,66.21459807943737,33.64211296250044,84.54237288135594
9792,6.5546567102260935,76.35760054498203,32.85207363051674,4.10958904109589
9793,7.027610282449998,62.56445993031359,1.95020149683362,34.54545454545454
9794,153.86135181975743,3044.5853658536585,203.41993637327676,53.707865168539335
9795,82.84608663088258,65.98405253283302,184.55159705159704,38.181818181818194
9796,5.650241545893701,32.76379974326062,1.2681159420289856,46.14173228346456
9797,7.035699402694819,368.1195092093557,2.969620519289389,42.857142857142854
9798,44.370195150798374,62.65804878048781,236.01305609284333,16.923076923076934
9799,13.014427899081884,5.019549432135528,48.718302094818064,62.72479564032697
9800,88.45683541208119,0.0,13.940523772071145,45.410628019323674
9801,6.86451255027042,34.94303520337497,17.497334158942383,79.8932384341637
9802,16.821124361158414,4.964216944801052,18.338690999121482,85.21081081081081
9803,6.582908163265287,81.60083030617541,17.032097649186284,36.37209302325581
9804,26.089351811999677,27.000696864111497,108.28025477707006,6.301369863013691
9805,10.809230956585258,65.38978370915784,32.82594140561598,84.61192350956132
9806,5.290314237682639,30.63414634146343,28.447974860335197,43.9344262295082
9807,14.184779424688013,4.964216944801052,17.9665419370248,85.36898395721926
9808,11.429435240053193,49.16253658536586,35.1233835666789,81.61290322580645
9809,5.723112569994188,0.0,86.39350858369097,42.99999999999999
9810,11.934892251260912,38.94008998342411,101.21308016877639,77.00840336134453
9811,1.9757727652464696,48.7897629680522,237.38744372186096,98.54746230622213
9812,1.9331941544885383,30.946605141727098,139.85330073349635,45.928853754940704
9813,11.27922471229556,45.57448405253283,7.284068671054975,57.77777777777777
9814,142.71416735708374,0.0,241.96604330708666,43.9344262295082
9815,1124.7324414715722,0.0,336.16615853658544,60.689655172413794
9816,16.43199452304882,54.58813747228382,8.919669159302037,58.03680981595092
9817,898.4867075664624,30.393292682926827,355.6130573248409,60.46242774566474
9818,778.6922615476907,0.0,146.23493975903614,45.53191489361703
9819,44.256450659838514,2848.0487804878057,255.77852998065765,31.599999999999994
9820,6.444260256941567,92.71814096785447,11.032612574038389,82.95964125560538
9821,13.42907801418438,41.88785349647517,32.511102254611714,78.04173354735153
9822,144.79034307496823,58.49814314698059,19.94306179000516,82.25806451612904
9823,7.123056526455346,77.44975359663826,58.14231420706734,23.389830508474578
9824,7.325615474794864,43.49573170731707,87.30019181585678,41.03448275862068
9825,23.2357395254922,0.0,140.84595959595958,4.335664335664328
9826,5.626756219587417,73.33055732458709,5.086169724560722,48.1651376146789
9827,7.258681884612709,33.404427825320006,11.058664573024883,80.27923211169285
9828,1650.0358422939073,0.0,191.0403481012658,47.0967741935484
9829,45.15707065702114,21.39024390243902,281.0721295387634,4.335664335664328
9830,20.357764245324038,53.65123610419778,13.020921119163978,79.79320531757756
9831,1.241909385113249,0.0,111.56832298136648,2.0895522388059784
9832,887.3158231902627,0.0,11.314033460633095,29.142857142857142
9833,181.79684494036172,0.0,172.11807988787666,3.636363636363645
9834,40.80361434201675,0.7879924953095693,125.69018404907975,2.0895522388059784
9835,6.690024206905319,28.755487804878033,28.447974860335197,30.909090909090903
9836,23.20138415561263,34.487804878048784,13.991630038342844,80.0
9837,93.55689525244914,43.11047631136303,18.097562701192114,49.01960784313725
9838,182.83066229001744,0.0,321.10233516483515,35.47169811320754
9839,78.26213946695879,0.0,206.72393364928908,25.652173913043473
9840,30.677709417889243,90.48039436801237,100.58414370610484,92.19178082191782
9841,113.15192083818397,0.0,181.81880860452293,14.957983193277322
9842,51.1326860841424,127.5580947545479,5.771514955188418,12.592592592592592
9843,85.70912158091336,34.197232255970974,37.93557143442999,9.70873786407767
9844,44.784026885440376,21.988225399495366,220.33699059561127,3.661971830985907
9845,19.51919348584723,92.48603857195819,11.990631907471219,23.497267759562842
9846,12.72759771210675,57.76899818584963,11.070286830654466,71.07822410147992
9847,12.01689787063995,88.16564553847037,44.57316545878511,29.153605015673982
9848,10.618745423480577,3.078628688384781,32.92386849607982,62.826086956521735
9849,409.4876033057851,85.5428967118611,2.385955898494594,113.20754716981132
9850,4.76692022625315,36.1894203357618,129.29878048780486,77.35099337748345
9851,686.7279224093926,0.0,15.397266301170017,56.94444444444444
9852,7.028265851795264,0.0,11.145246629117588,47.94520547945205
9853,5.655720847329814,35.81046140066329,14.488314751744563,20.701754385964914
9854,62.118661897748794,40.18472937880455,12.689658553324998,4.10958904109589
9855,28.182977054324365,73.19955654101996,36.51363944728104,84.54237288135594
9856,6.834881464023292,405.19544267996486,10.642077521844678,22.82608695652174
9857,6.938662225922842,72.03070213536527,20.611339213158452,0.4444444444444444
9858,198.50861901994966,1237.2820541528483,7.938784766844803,100.0
9859,0.39575683394530864,59.33725820016821,152.3148148148148,43.9344262295082
9860,1562.5674217907228,0.0,2.938398106580012,119.41747572815532
9861,27.37108290360967,61.61238617472645,22.980488694383666,78.42271293375394
9862,6.591050556746662,67.31088312070816,28.207484148814192,75.19209659714599
9863,39.30217843261322,56.88372941492774,13.921957671957678,33.91304347826087
9864,3.059171181312903,64.58800263678313,230.12114537444936,10.3225806451613
9865,77.57061461995397,83.43414634146342,298.67813141683774,38.181818181818194
9866,23.466220805684713,64.86040261650018,24.923829897575544,84.74916387959867
9867,7.146829810901001,62.462258129042866,20.114509634680537,25.412541254125415
9868,6.983201443842843,64.13419778134126,14.274068243485388,26.384364820846905
9869,131.9157694743509,0.0,305.6297709923664,68.8888888888889
9870,43.07286579410044,38.91430454845089,188.23875083948954,23.146067415730332
9871,843.7844458052664,68.79675206976688,9.476078533398992,143.01075268817206
9872,4.487480438184645,66.68871434477057,8.838757396449758,43.7037037037037
9873,1197.2222222222222,0.0,56.16935988976574,19.68503937007874
9874,74.28474499604206,89.57284948028969,10.580485350299238,69.92481203007519
9875,6.84969495285635,80.54862466686768,1.8723693883241723,80.27923211169285
9876,17.211326513310333,63.105045346482335,21.090733590733592,73.43689320388349
9877,55.98114824335904,99.01472925687936,90.67845633557293,99.85547071855775
9878,101.0829853862213,0.0,6.186353771672512,99.38498887315396
9879,93.45970374089883,5543.440749912795,8.352623456790127,97.63865154575113
9880,62.4305216967333,98.82081410749349,82.85776199229713,99.08477842003853
9881,54.93332553515031,99.01315553382395,94.38250083663057,99.97075263851607
9882,27.09879597558964,92.47434082665899,94.66900712875844,97.0706416072586
9883,52.464528069093156,98.99269965736957,88.48938865723764,99.97091443485982
9884,18.6907970735464,91.89348126458773,93.31373834190927,97.27086100712474
9885,1.3000320204931157,92.96560914033866,96.05689252057239,97.79834388699464
9886,55.48829701372075,92.9124866507541,95.26082676418007,95.93305740507468
9887,73.95294594868675,98.73271688991937,83.3679819536503,99.08477842003853
9888,98.03392444101773,0.0,889.3602435726509,99.38498887315396
9889,44.836011653040124,93.48250156370962,96.66432810843439,91.81752353367125
9890,25.915032679738566,95.14547968788075,94.21844786518922,97.0399476096922
9891,9.709567198177677,92.17630740702832,94.64133851562279,98.01388522717286
9892,7.904501855352517,95.07517660069067,94.26644965022436,97.54587903138234
9893,1.4389869531849577,98.85330339608065,73.03597267196915,99.73023817129875
9894,20.425066416627597,94.784629567085,93.52436362508952,97.41181859825929
9895,3.8614461890963,92.41985915061917,94.7851316520573,97.45581447709107
9896,49.098295679746336,99.05786851500643,89.05484905287075,99.97464321163743
9897,44.75439090823706,91.7495171512792,93.80973302167233,92.06739206739206
9898,47.99554565701559,98.99496061501544,94.62314398861015,99.97159329826101
9899,27.06735922170006,92.77264159973518,95.01457897693778,97.44949779934544
9900,98.03392444101773,0.0,889.3602435726509,99.38498887315396
9901,37.71780895362345,92.46752571704863,93.7615287690742,96.78383378397609
9902,6.092104357403456,94.85542332990832,93.49652450690023,98.28684050939962
9903,96.51874521805662,0.0,9.90896254825871,97.63865154575113
9904,100.2468814968815,0.0,895.5230007685221,99.38498887315396
9905,19.85856169725963,94.71703946064589,93.99198965529348,99.17406717099733
9906,94.19102822580645,0.0,8.905546594131843,97.63865154575113
9907,10.654796094198735,92.08928639034379,94.92558977199216,98.28878624971607
9908,51.88272761333833,99.02063046963507,87.81082466084513,99.95693611813103
9909,27.193199636873818,92.99786862715666,96.28371971095439,96.33057314499108
9910,33.90095569070374,92.9139706311063,95.9546631778112,96.72178706121265
9911,128325.0,0.0,0.0,98.65020868484149
9912,39.639394763069674,93.22485516670416,94.38406391181562,93.96044895777659
9913,30.16891891891892,94.78675099641892,93.29541434557072,97.31144420651916
9914,54.30516619943933,90.62821201941401,94.11318120489909,93.70122630992196
9915,23.72160231195312,93.09513949649204,95.81087429517865,97.98627817874008
9916,64.23034072973725,99.01573155691914,86.1239064241379,99.94836623287509
9917,59.116250258104486,91.70294442004807,92.07435824500956,92.5925925925926
9918,24.420763703883104,91.89966104151156,94.78544764406163,96.39150566821012
9919,65.36752136752138,99.05935595191112,7.913473488922785,126.21733149931225
9920,67.46811282455238,98.47450979003698,6.708692110294419,5571.0344827586205
9921,68.627691588512,98.13145537335235,19.992252925314965,12550.76923076923
9922,67.19078464923001,98.67664320020225,6.147534685064286,71.94951390073341
9923,67.30865249954333,98.92818564026949,20.710226500378713,233.1847649918963
9924,67.00934005161608,97.8228415238722,3.12029377761927,71.23920114721416
9925,163.0932058723114,88.37146039867089,26.623398272745547,107.33944954128441
9926,67.0265622600952,98.87880577322335,25.63475957652079,560.4819277108434
9927,36.46272189349113,99.04121081209458,4.065596451377909,23394.285714285714
9928,64.76290486660322,99.08053024251342,13.49569826247948,336.9287991498406
9929,68.58547146075306,97.98310481588022,25.931885925120596,70.36863536449137
9930,67.4917501740789,98.91856196153893,13.7002752636901,63.88510694365146
9931,67.56539600072495,99.03554389035352,28.09414563024505,23394.285714285714
9932,66.82280241001082,99.01460112093157,17.431832650644992,233.1847649918963
9933,67.0275747712338,98.6829935656155,16.315102274527494,10864.0
9934,66.77455288074758,98.8592633100471,20.421599254437126,8290.816326530612
9935,65.39876905229917,96.85075775294517,9.131545526830463,3.420953339202616
9936,930.2139037433155,2574.564108305699,121.26449489919528,21.50537634408602
9937,67.71557426337944,98.76645960035705,23.817671726762814,77.43289972007246
9938,67.0265622600952,98.87880577322335,25.63475957652079,560.4819277108434
9939,68.627691588512,98.13145537335235,19.992252925314965,12550.76923076923
9940,67.87398276687411,98.64577204296285,29.239947306311443,70.36863536449137
9941,977.0090845562544,1237.2820541528483,139.47175459103966,21.50537634408602
9942,67.43456767658388,98.84227146685417,16.00586247698476,10864.0
9943,67.40689027166489,99.03782567892856,19.051994979032607,45.227469526410445
9944,68.37731181529037,97.64347673422745,12.172355162387873,12550.76923076923
9945,67.36826110739683,99.0051391340628,16.838769309790607,28.12062937062937
9946,67.58595707428987,98.78869693609902,16.89421230098449,48.628724932841884
9947,20.818523707691178,122.43909159405781,6.944159429124973,23394.285714285714
9948,67.34940858089823,99.11463160576301,11.649706533300003,5571.0344827586205
9949,65.453317032366,0.0,0.3891173749177998,23394.285714285714
9950,9.157872370564487,92.92779289528134,4.892395075701528,90.93825180433039
9951,64.88045789043336,99.07119290912156,8.7389948398767,103.6404160475483
9952,87.74515775368498,94.05075943577653,58.92908744814734,86.98906160046056
9953,146.3554987212276,96.78214643535695,59.67896310278052,93.21321321321321
9954,4379.941860465116,0.0,88.46560846560845,133.84615384615384
9955,3214.1935483870966,0.0,87.49162599291799,133.84615384615384
9956,55.76001148270417,4335.989634888666,34.7094950544656,99.56918542032764
9957,4099.182561307903,0.0,67.41868772325626,133.84615384615384
9958,2927.7013752455796,0.0,45.58888260076715,102.66666666666666
9959,27.7327080890973,1127.8453793564547,35.225861542313474,99.56918542032764
9960,67.65665796344648,1642.1026472111337,35.11868969304839,99.56918542032764
9961,63.48969438521678,16.937243215719764,58.49620340598579,98.92412231030578
9962,63.48969438521678,16.937243215719764,58.49620340598579,98.92412231030578
9963,188.73873873873873,0.0,37.003921568627455,1772.093023255814
9964,29.822784810126585,94.65547214551412,74.76736254382871,89.98382481025257
9965,28.07192807192807,94.61209452965979,75.38573208826575,90.32102921726583
9966,22.973621103117505,94.62499097405303,74.82455767733133,89.90722166499498
9967,11.372277912201866,92.60665217077354,74.39288071363183,74.82801751094435
9968,14.647137150466044,89.38586625725186,74.94016455633373,98.64491802174864
9969,28.975069252077564,93.61314456256113,74.02277934720416,93.87180267965896
9970,23.150816522574445,93.7689076160319,78.71743244910024,74.72527472527473
9971,26.742461690558578,94.58335344933818,75.7659105393785,89.90722166499498
9972,42.23924307276414,94.11519143395478,84.79044274423877,92.81763026409708
9973,11.188204683434519,94.48689869803543,1.404547258604081,63.86894075403949
9974,420.08113590263696,0.0,36.75590551181104,443.91891891891896
9975,10.443590639189662,82.74172190573826,75.32109742502108,88.41559936681537
9976,27.689243027888445,94.62401145934024,74.93628286962596,89.72952283745853
9977,28.58575727181545,94.00408714249608,71.76149545600079,91.27465857359635
9978,26.742461690558578,93.24078992222866,23.98738170347004,416.02564102564105
9979,451.39784946236557,0.0,44.511226252158906,2339.3939393939395
9980,9.39929328621908,81.00198650455084,74.999150884188,88.41559936681537
9981,28.199999999999996,93.2297541168509,27.337508698677826,451.3698630136986
9982,9.813577207175518,87.47582945527495,75.37836846067654,97.25621186816184
9983,31.825192802056556,92.15796571320072,73.70265554000588,79.64601769911505
9984,27.40656851642129,93.5952222065765,73.82462992489319,79.90514228657014
9985,27.37208147044213,94.63033321139123,74.68028516813928,89.97134670487105
9986,196.75925925925927,0.0,60.276953511374884,659.433962264151
9987,27.944111776447105,94.65389651511101,74.658801840401,89.98756218905473
9988,27.24565756823821,94.64268934311389,74.68797611572501,89.91859737006888
9989,23.150816522574445,94.32957438045783,77.90205983115374,97.72483183539653
9990,28.908999497234795,94.64741477910104,74.6889201491483,90.32102921726583
9991,13.114198576753644,88.56061265368425,75.20411695689046,99.0116999987723
9992,27.944111776447105,94.64724967703529,74.86542802501066,89.86401410224126
9993,20.149953139643863,94.62044154962359,75.28359513853339,95.3419743085291
9994,21.401515151515152,94.63976130669232,75.02548271307845,89.65295629820051
9995,40.68933610918344,94.16418262956337,84.68447805402005,92.81763026409708
9996,4.577595831782657,92.7362535169416,71.32854367177264,75.3671970624235
9997,22.21163012392755,94.64978004562985,74.96759308981412,89.98382481025257
9998,28.84422110552764,94.62833448539838,74.96375522732546,91.28504925841725
9999,23.864734299516908,94.64981642190568,74.66271207302499,90.86680281370548
